id;Genero;Edad;Pasajero_frecuente;Tipo_viaje;Clase;Distancia_volada;Comodidad;Servicio_a_bordo;Demora_despegue;Satisfaccion
62482;F;46;SI;Negocios;Business;1744;4;4;28;satisfecho
17836;M;52;SI;Vacaciones;Eco Plus;1075;4;3;0;satisfecho
64287;F;50;SI;Negocios;Business;3799;4;4;8;satisfecho
44304;M;25;SI;Negocios;Business;1428;4;1;0;satisfecho
34501;F;22;SI;Negocios;Eco;1521;4;1;3;satisfecho
67551;M;43;SI;Vacaciones;Business;1235;4;3;0;neutral o insatisfecho
11536;F;36;SI;Negocios;Eco Plus;267;2;1;59;neutral o insatisfecho
47773;F;62;SI;Negocios;Eco;550;1;5;92;satisfecho
70521;F;60;SI;Negocios;Business;1889;4;5;0;satisfecho
96283;F;59;SI;Vacaciones;Eco;460;4;5;4;neutral o insatisfecho
117993;F;49;SI;Negocios;Business;3295;4;5;0;satisfecho
88249;M;24;NO;Negocios;Business;444;2;5;20;satisfecho
83968;M;56;SI;Negocios;Eco;321;2;2;0;neutral o insatisfecho
122719;F;30;SI;Negocios;Business;651;5;4;0;satisfecho
122093;F;32;SI;Vacaciones;Eco;130;5;2;3;neutral o insatisfecho
27957;M;22;SI;Negocios;Business;1660;2;4;0;neutral o insatisfecho
87976;F;42;SI;Negocios;Business;1898;4;5;49;satisfecho
15143;M;35;SI;Negocios;Business;1042;3;3;0;neutral o insatisfecho
78136;F;54;SI;Vacaciones;Business;153;5;2;0;neutral o insatisfecho
15963;F;44;SI;Vacaciones;Eco;528;4;5;0;neutral o insatisfecho
21276;M;36;NO;Negocios;Eco;692;1;1;0;neutral o insatisfecho
115641;M;21;NO;Negocios;Eco;447;1;4;7;neutral o insatisfecho
102623;F;50;SI;Negocios;Business;3696;4;5;9;satisfecho
31533;F;21;SI;Vacaciones;Eco;846;3;5;9;neutral o insatisfecho
24895;F;38;SI;Vacaciones;Eco;397;5;5;0;neutral o insatisfecho
31122;M;35;SI;Negocios;Business;2409;3;4;0;satisfecho
125701;M;67;SI;Vacaciones;Eco;899;2;5;0;neutral o insatisfecho
94999;F;38;SI;Vacaciones;Eco;293;5;2;5;satisfecho
123064;M;56;SI;Negocios;Business;2556;4;4;117;satisfecho
14965;M;27;SI;Negocios;Business;3200;5;4;0;satisfecho
36897;M;40;SI;Vacaciones;Eco;1368;3;4;0;neutral o insatisfecho
127954;M;31;SI;Negocios;Business;1999;5;4;0;satisfecho
27872;M;25;SI;Negocios;Eco Plus;680;1;3;0;satisfecho
11224;M;34;SI;Vacaciones;Eco;201;5;5;3;neutral o insatisfecho
47050;M;26;SI;Negocios;Business;1680;3;1;27;neutral o insatisfecho
30046;M;38;SI;Negocios;Business;2746;2;4;0;satisfecho
110928;F;53;SI;Vacaciones;Eco;404;4;5;0;neutral o insatisfecho
102981;M;39;NO;Negocios;Business;546;2;3;93;neutral o insatisfecho
3796;F;28;NO;Negocios;Eco Plus;599;4;3;0;neutral o insatisfecho
73906;F;27;NO;Negocios;Business;2342;2;4;10;neutral o insatisfecho
74090;F;41;SI;Negocios;Business;3046;5;4;0;satisfecho
46896;M;22;SI;Negocios;Business;3648;3;2;0;satisfecho
7237;F;53;SI;Negocios;Business;3769;1;4;180;neutral o insatisfecho
109359;F;56;SI;Negocios;Business;1189;5;2;9;satisfecho
14794;F;48;SI;Negocios;Eco;95;1;5;0;satisfecho
55823;F;49;NO;Negocios;Business;1416;2;4;0;neutral o insatisfecho
107792;M;41;SI;Negocios;Business;2388;4;4;29;satisfecho
128145;M;60;SI;Negocios;Business;1972;5;5;0;satisfecho
88893;F;38;SI;Negocios;Business;2955;5;4;0;satisfecho
25137;M;44;SI;Vacaciones;Eco;1249;5;5;25;neutral o insatisfecho
18412;F;22;SI;Vacaciones;Eco;284;3;4;34;neutral o insatisfecho
127062;F;45;SI;Negocios;Business;3947;4;3;25;neutral o insatisfecho
112169;M;46;SI;Vacaciones;Eco;895;1;2;40;satisfecho
91108;F;65;SI;Vacaciones;Eco;581;4;1;1;neutral o insatisfecho
51281;F;30;SI;Negocios;Eco Plus;326;2;4;0;satisfecho
75522;F;20;NO;Negocios;Eco;337;4;3;0;satisfecho
82080;F;50;SI;Negocios;Eco;1276;3;2;35;neutral o insatisfecho
101228;M;47;SI;Negocios;Business;2204;4;2;6;satisfecho
41934;M;64;SI;Vacaciones;Eco;129;1;3;13;neutral o insatisfecho
129240;M;53;SI;Negocios;Business;1464;4;3;0;neutral o insatisfecho
35485;M;34;SI;Vacaciones;Eco;1053;3;3;34;neutral o insatisfecho
96673;F;32;SI;Vacaciones;Eco;1036;5;5;12;neutral o insatisfecho
108010;M;20;NO;Negocios;Business;271;1;5;0;satisfecho
115925;F;41;NO;Negocios;Business;371;1;4;35;neutral o insatisfecho
25126;F;65;SI;Vacaciones;Business;1249;4;3;40;neutral o insatisfecho
97455;F;55;SI;Negocios;Business;2699;4;3;0;satisfecho
14292;F;35;SI;Negocios;Business;3833;3;5;0;satisfecho
68232;F;40;SI;Negocios;Business;2559;5;4;0;satisfecho
51224;F;37;NO;Negocios;Eco Plus;373;3;4;0;neutral o insatisfecho
70105;M;40;SI;Negocios;Business;2280;5;5;19;satisfecho
125736;F;30;SI;Negocios;Eco Plus;814;5;3;0;satisfecho
93362;M;44;SI;Vacaciones;Eco;1024;4;1;2;neutral o insatisfecho
100691;F;39;SI;Vacaciones;Eco;889;3;3;38;neutral o insatisfecho
24665;M;19;SI;Vacaciones;Eco;873;4;3;57;neutral o insatisfecho
70371;M;22;SI;Vacaciones;Eco;1145;4;5;0;neutral o insatisfecho
126370;M;39;SI;Vacaciones;Eco;507;4;5;0;neutral o insatisfecho
89613;M;42;SI;Negocios;Business;3404;4;5;8;satisfecho
75061;M;53;SI;Negocios;Business;2611;5;4;0;satisfecho
51744;F;64;SI;Vacaciones;Eco;651;4;2;0;neutral o insatisfecho
105062;M;23;SI;Vacaciones;Eco Plus;361;3;5;0;neutral o insatisfecho
8473;F;49;SI;Negocios;Business;1187;4;3;33;satisfecho
58611;M;46;SI;Negocios;Business;235;4;4;24;satisfecho
39607;M;25;SI;Vacaciones;Eco;965;2;4;0;neutral o insatisfecho
2153;M;66;SI;Vacaciones;Business;685;5;3;0;neutral o insatisfecho
15218;F;39;SI;Negocios;Business;3601;2;4;0;satisfecho
92462;M;46;NO;Negocios;Eco;1892;2;3;0;neutral o insatisfecho
48189;M;79;SI;Negocios;Eco;414;2;1;1;neutral o insatisfecho
105287;F;59;SI;Negocios;Business;2869;4;5;0;satisfecho
81815;F;48;NO;Negocios;Eco;1310;1;2;52;neutral o insatisfecho
41188;M;56;SI;Vacaciones;Eco;429;3;1;35;neutral o insatisfecho
46900;M;28;SI;Negocios;Business;833;2;1;0;satisfecho
55425;M;60;SI;Negocios;Business;2254;4;4;2;satisfecho
88130;M;39;NO;Negocios;Business;444;1;5;12;satisfecho
48354;F;47;SI;Negocios;Eco;522;1;4;40;satisfecho
101584;M;29;NO;Negocios;Business;1099;5;1;51;neutral o insatisfecho
106530;F;26;SI;Vacaciones;Eco;271;5;4;100;neutral o insatisfecho
109597;F;24;NO;Negocios;Eco;920;3;4;0;neutral o insatisfecho
62291;M;34;NO;Negocios;Business;414;1;5;2;neutral o insatisfecho
27641;F;22;SI;Vacaciones;Eco Plus;937;1;1;0;neutral o insatisfecho
19833;F;29;SI;Vacaciones;Eco;413;1;1;7;neutral o insatisfecho
17491;M;26;SI;Negocios;Eco;352;1;4;108;neutral o insatisfecho
74892;M;42;SI;Negocios;Business;2475;4;5;0;satisfecho
111943;M;18;NO;Negocios;Eco;533;3;5;0;neutral o insatisfecho
46720;M;52;SI;Vacaciones;Eco;125;2;3;0;neutral o insatisfecho
50319;M;41;SI;Negocios;Eco;77;5;2;0;satisfecho
108335;F;49;SI;Negocios;Eco;1750;1;2;132;neutral o insatisfecho
97959;M;18;SI;Vacaciones;Eco;793;4;3;91;satisfecho
109458;F;37;SI;Negocios;Business;2571;5;5;0;satisfecho
57753;M;51;SI;Negocios;Business;2704;5;4;60;satisfecho
28336;M;25;SI;Negocios;Business;3848;4;1;0;satisfecho
2878;F;70;SI;Vacaciones;Eco;409;5;5;0;neutral o insatisfecho
115978;M;19;SI;Vacaciones;Eco;308;5;4;91;neutral o insatisfecho
29829;M;33;SI;Negocios;Business;3679;5;3;0;satisfecho
46111;M;29;SI;Vacaciones;Eco;1085;2;4;8;neutral o insatisfecho
43012;M;34;SI;Negocios;Business;3802;1;2;0;satisfecho
48215;F;65;SI;Vacaciones;Eco;192;3;2;0;neutral o insatisfecho
98446;M;36;SI;Vacaciones;Eco;814;5;4;32;neutral o insatisfecho
104661;M;52;SI;Negocios;Business;1778;4;3;4;satisfecho
83673;F;24;NO;Negocios;Eco;577;2;2;0;neutral o insatisfecho
119617;M;40;SI;Negocios;Business;3034;5;4;8;satisfecho
90639;F;51;SI;Negocios;Business;366;4;4;0;satisfecho
53978;F;68;SI;Vacaciones;Eco;1117;3;5;7;neutral o insatisfecho
113946;F;43;SI;Negocios;Business;1750;4;4;0;satisfecho
128529;F;50;SI;Vacaciones;Eco;370;3;4;0;neutral o insatisfecho
10735;M;74;SI;Negocios;Eco;134;2;4;43;neutral o insatisfecho
118083;M;60;SI;Negocios;Business;1276;4;3;10;neutral o insatisfecho
116832;M;55;SI;Negocios;Business;451;5;4;0;satisfecho
51644;F;36;SI;Negocios;Eco;455;3;4;0;neutral o insatisfecho
39113;M;36;SI;Negocios;Eco;190;3;1;0;satisfecho
233;F;38;NO;Negocios;Business;213;1;2;0;neutral o insatisfecho
46382;F;45;NO;Negocios;Eco;1013;4;1;0;neutral o insatisfecho
57816;M;44;SI;Negocios;Business;2764;5;2;8;satisfecho
70400;F;44;SI;Negocios;Business;1162;2;4;0;satisfecho
32994;F;62;SI;Vacaciones;Eco;163;3;3;0;neutral o insatisfecho
74151;F;36;SI;Negocios;Business;2046;4;4;0;neutral o insatisfecho
114937;M;52;SI;Negocios;Business;2590;4;4;0;satisfecho
129473;M;60;SI;Negocios;Business;2611;4;4;17;satisfecho
106144;F;58;SI;Negocios;Eco;302;3;2;17;neutral o insatisfecho
5451;M;52;SI;Negocios;Business;265;1;3;97;neutral o insatisfecho
5993;F;55;SI;Negocios;Business;3494;5;3;1;satisfecho
74164;M;52;SI;Vacaciones;Eco;721;5;3;0;neutral o insatisfecho
59220;M;18;SI;Vacaciones;Eco;1440;5;3;3;neutral o insatisfecho
55696;M;50;SI;Negocios;Business;2633;4;3;0;satisfecho
89236;F;56;SI;Negocios;Business;2139;5;5;38;satisfecho
66299;F;58;SI;Negocios;Business;1578;4;4;0;satisfecho
69604;M;60;SI;Vacaciones;Eco;2475;5;5;15;neutral o insatisfecho
62159;F;50;SI;Negocios;Eco;2425;3;2;2;neutral o insatisfecho
58651;F;23;NO;Negocios;Eco;467;2;1;7;neutral o insatisfecho
45129;F;39;NO;Negocios;Business;174;5;1;0;neutral o insatisfecho
61396;F;38;NO;Negocios;Eco;279;4;3;10;satisfecho
120263;F;42;NO;Negocios;Eco;237;1;3;93;neutral o insatisfecho
24852;M;71;SI;Negocios;Eco Plus;991;1;2;3;neutral o insatisfecho
44186;M;33;SI;Negocios;Eco;157;5;2;30;satisfecho
113137;M;35;SI;Negocios;Eco Plus;543;3;2;48;neutral o insatisfecho
108721;M;29;SI;Negocios;Business;2778;4;4;114;satisfecho
49436;F;39;SI;Negocios;Business;209;5;4;0;satisfecho
93211;F;56;SI;Vacaciones;Eco;1756;3;5;9;neutral o insatisfecho
108771;M;44;SI;Negocios;Business;3548;4;4;0;satisfecho
48375;F;44;SI;Vacaciones;Eco;522;5;3;10;neutral o insatisfecho
46358;F;25;NO;Negocios;Eco;1013;5;5;9;neutral o insatisfecho
128508;M;63;SI;Vacaciones;Eco;304;1;4;0;neutral o insatisfecho
79500;F;22;SI;Negocios;Business;2317;4;5;3;satisfecho
13121;F;45;SI;Negocios;Business;427;3;2;0;neutral o insatisfecho
128941;M;43;SI;Negocios;Business;3489;5;5;0;satisfecho
85042;F;24;NO;Negocios;Business;731;1;3;10;satisfecho
36786;M;80;SI;Negocios;Eco;1111;3;1;0;satisfecho
109590;F;55;SI;Negocios;Business;1827;5;5;0;satisfecho
10953;F;27;NO;Negocios;Eco;191;4;1;24;neutral o insatisfecho
60959;M;41;SI;Negocios;Business;1981;4;1;10;neutral o insatisfecho
118938;M;67;SI;Negocios;Business;1618;2;3;0;neutral o insatisfecho
98976;M;68;SI;Vacaciones;Eco;569;3;5;33;neutral o insatisfecho
28365;M;57;SI;Negocios;Eco;763;5;2;0;satisfecho
66179;M;21;NO;Negocios;Business;550;4;5;25;satisfecho
88102;F;26;SI;Negocios;Business;1947;5;4;493;satisfecho
79670;M;58;SI;Vacaciones;Eco;760;1;2;72;neutral o insatisfecho
114149;M;48;SI;Negocios;Business;1975;2;3;0;neutral o insatisfecho
59222;M;60;SI;Negocios;Business;1440;5;4;26;satisfecho
113769;F;19;SI;Vacaciones;Eco;236;4;4;0;neutral o insatisfecho
36549;F;24;NO;Negocios;Eco;1249;2;5;0;neutral o insatisfecho
108169;F;50;SI;Vacaciones;Eco;1166;3;4;5;neutral o insatisfecho
20734;F;30;NO;Negocios;Eco Plus;765;2;2;0;neutral o insatisfecho
106610;F;23;SI;Vacaciones;Eco;589;2;5;6;neutral o insatisfecho
91460;M;56;SI;Negocios;Business;859;4;5;0;satisfecho
92898;F;42;SI;Negocios;Business;134;4;4;0;satisfecho
121308;F;18;NO;Negocios;Eco;1009;4;5;0;neutral o insatisfecho
17667;F;19;NO;Negocios;Eco Plus;1008;1;1;0;satisfecho
7978;F;49;SI;Negocios;Business;3616;4;4;0;satisfecho
95617;F;55;SI;Negocios;Eco;484;3;4;4;satisfecho
51574;F;20;NO;Negocios;Eco;451;3;4;0;satisfecho
70468;M;59;SI;Negocios;Business;2980;5;4;0;satisfecho
119099;M;47;SI;Negocios;Business;1107;4;4;0;satisfecho
30441;M;58;SI;Negocios;Business;3783;4;3;0;satisfecho
22989;F;62;SI;Vacaciones;Eco;817;4;2;0;satisfecho
68068;F;23;SI;Negocios;Business;813;5;3;0;satisfecho
16985;M;40;SI;Negocios;Eco;610;4;2;27;satisfecho
85072;M;23;SI;Negocios;Business;3801;5;4;0;satisfecho
15670;M;45;SI;Negocios;Eco;617;4;5;0;satisfecho
123164;F;54;SI;Negocios;Business;468;1;3;1;satisfecho
123709;F;59;SI;Vacaciones;Eco;214;4;1;0;neutral o insatisfecho
118741;M;54;SI;Vacaciones;Eco;304;3;4;13;neutral o insatisfecho
117757;M;21;SI;Negocios;Business;1670;3;1;125;neutral o insatisfecho
23043;F;44;SI;Negocios;Eco;833;2;5;0;satisfecho
36913;F;19;NO;Negocios;Eco;740;3;5;0;neutral o insatisfecho
2852;F;54;SI;Negocios;Business;491;3;4;13;neutral o insatisfecho
50288;F;47;SI;Negocios;Eco;199;3;3;0;neutral o insatisfecho
29806;F;27;NO;Negocios;Eco;539;5;2;0;neutral o insatisfecho
104066;M;30;SI;Negocios;Eco Plus;1044;4;2;15;neutral o insatisfecho
28871;F;22;NO;Negocios;Eco;605;4;2;0;satisfecho
56733;M;62;SI;Vacaciones;Eco;937;5;3;0;neutral o insatisfecho
90580;M;28;NO;Negocios;Business;404;4;3;31;satisfecho
125172;M;51;SI;Vacaciones;Eco;1089;2;5;0;neutral o insatisfecho
46105;M;29;SI;Negocios;Business;1623;5;4;0;satisfecho
77477;F;35;NO;Negocios;Business;2125;2;4;3;neutral o insatisfecho
53107;F;39;SI;Negocios;Business;2065;4;2;0;neutral o insatisfecho
19580;M;37;SI;Vacaciones;Eco;173;3;4;93;neutral o insatisfecho
6985;F;54;SI;Negocios;Business;1903;4;5;0;satisfecho
89822;F;20;NO;Negocios;Eco;1069;2;4;0;neutral o insatisfecho
87842;F;64;SI;Vacaciones;Eco;214;4;4;81;neutral o insatisfecho
80641;M;43;SI;Vacaciones;Eco;282;2;1;0;neutral o insatisfecho
92882;F;57;SI;Negocios;Business;3259;4;4;0;satisfecho
118847;F;18;NO;Negocios;Eco Plus;304;2;4;44;neutral o insatisfecho
54873;F;39;SI;Negocios;Business;3207;3;4;3;satisfecho
4354;F;50;SI;Negocios;Business;2845;4;3;0;neutral o insatisfecho
122412;M;23;NO;Negocios;Eco;1470;2;5;0;satisfecho
3643;M;61;SI;Negocios;Business;1961;4;4;102;satisfecho
97188;F;48;SI;Vacaciones;Eco;1129;4;3;0;neutral o insatisfecho
38294;M;25;SI;Negocios;Business;2342;4;1;46;satisfecho
5512;M;53;SI;Negocios;Business;431;4;4;6;neutral o insatisfecho
22172;F;29;NO;Negocios;Eco;773;4;1;4;neutral o insatisfecho
90246;M;46;SI;Negocios;Business;721;4;2;39;neutral o insatisfecho
109782;M;24;SI;Vacaciones;Business;1092;2;4;0;neutral o insatisfecho
126750;M;25;SI;Vacaciones;Eco;2521;4;1;0;neutral o insatisfecho
122185;M;49;SI;Negocios;Business;541;5;3;0;satisfecho
16656;M;39;SI;Negocios;Eco;488;3;1;3;neutral o insatisfecho
57284;M;38;SI;Vacaciones;Eco;628;5;5;0;satisfecho
17747;M;52;SI;Vacaciones;Eco;383;1;4;0;satisfecho
46329;M;59;SI;Vacaciones;Eco;420;1;2;5;neutral o insatisfecho
33321;M;31;SI;Negocios;Eco;2409;5;3;0;satisfecho
98812;M;30;SI;Negocios;Business;763;2;5;15;satisfecho
113150;M;40;SI;Negocios;Business;2802;4;4;31;satisfecho
76362;F;40;SI;Vacaciones;Business;931;5;5;93;neutral o insatisfecho
73038;M;43;SI;Vacaciones;Eco;1096;3;5;68;neutral o insatisfecho
62854;F;39;SI;Negocios;Business;2446;5;4;0;satisfecho
13793;F;18;SI;Negocios;Eco Plus;878;4;1;20;satisfecho
23256;M;24;NO;Negocios;Eco;783;1;1;0;neutral o insatisfecho
8997;M;37;SI;Negocios;Business;2214;3;4;28;neutral o insatisfecho
72815;M;25;SI;Negocios;Eco Plus;645;2;2;86;neutral o insatisfecho
115023;M;39;SI;Negocios;Business;308;5;4;4;satisfecho
115148;F;21;NO;Negocios;Eco;337;2;2;137;neutral o insatisfecho
18427;F;59;SI;Negocios;Business;201;4;3;1;satisfecho
76953;F;31;NO;Negocios;Business;1990;5;3;18;neutral o insatisfecho
40956;F;41;NO;Negocios;Eco;601;4;3;1;neutral o insatisfecho
30364;M;30;SI;Negocios;Business;1945;5;3;36;satisfecho
96444;M;44;SI;Negocios;Business;302;4;5;31;satisfecho
31294;M;40;SI;Vacaciones;Eco Plus;770;4;5;22;neutral o insatisfecho
22828;F;22;SI;Negocios;Business;134;3;3;79;neutral o insatisfecho
44254;M;21;NO;Negocios;Eco;118;3;2;0;neutral o insatisfecho
94980;F;24;NO;Negocios;Eco;148;2;1;3;neutral o insatisfecho
65054;M;61;SI;Vacaciones;Eco;282;5;2;0;satisfecho
60207;M;25;NO;Negocios;Eco;1546;2;3;0;neutral o insatisfecho
33312;M;25;NO;Negocios;Eco;1407;5;3;14;satisfecho
29634;F;36;SI;Negocios;Business;1048;3;4;0;neutral o insatisfecho
119122;M;67;SI;Vacaciones;Eco;1020;5;1;0;neutral o insatisfecho
82380;F;38;SI;Negocios;Business;2848;4;4;20;satisfecho
72750;M;26;NO;Negocios;Business;806;2;4;0;satisfecho
38584;M;22;SI;Negocios;Eco Plus;2475;4;1;48;neutral o insatisfecho
84490;M;35;SI;Vacaciones;Eco;2994;2;4;0;neutral o insatisfecho
68561;F;22;NO;Negocios;Business;1616;2;5;0;satisfecho
8949;M;67;SI;Vacaciones;Eco;328;5;4;0;neutral o insatisfecho
118926;F;42;SI;Negocios;Business;1874;5;2;20;satisfecho
14788;F;27;NO;Negocios;Eco;622;5;4;75;neutral o insatisfecho
16996;M;23;SI;Negocios;Business;843;3;2;0;neutral o insatisfecho
98144;F;33;SI;Negocios;Eco;745;3;3;0;neutral o insatisfecho
27994;F;19;SI;Vacaciones;Eco;1616;4;3;2;neutral o insatisfecho
18662;M;19;SI;Vacaciones;Eco;262;1;1;3;neutral o insatisfecho
17541;F;19;SI;Vacaciones;Business;970;1;4;12;neutral o insatisfecho
48059;F;26;SI;Vacaciones;Eco;677;3;1;0;satisfecho
48238;M;38;SI;Vacaciones;Eco;391;2;5;68;neutral o insatisfecho
21101;M;39;SI;Negocios;Eco;227;3;3;42;neutral o insatisfecho
67575;M;39;SI;Negocios;Business;1235;5;2;8;satisfecho
5675;F;27;NO;Negocios;Business;147;2;3;0;neutral o insatisfecho
83603;M;56;SI;Negocios;Business;409;5;4;18;satisfecho
126503;M;67;SI;Vacaciones;Eco;1788;2;3;0;neutral o insatisfecho
97633;M;34;SI;Vacaciones;Eco;748;3;4;129;neutral o insatisfecho
65236;F;38;NO;Negocios;Business;190;1;4;0;satisfecho
126924;F;59;SI;Vacaciones;Business;651;3;2;0;neutral o insatisfecho
122472;F;49;SI;Negocios;Business;3365;5;4;0;satisfecho
27978;M;31;SI;Negocios;Eco;2378;2;1;0;neutral o insatisfecho
43795;F;20;NO;Negocios;Eco;282;2;1;0;neutral o insatisfecho
41892;F;47;SI;Negocios;Business;129;2;4;12;satisfecho
110075;M;76;SI;Negocios;Business;579;3;5;0;neutral o insatisfecho
20727;M;28;SI;Vacaciones;Eco;707;2;4;0;neutral o insatisfecho
49704;M;35;SI;Negocios;Business;3732;4;5;0;satisfecho
72231;M;24;NO;Negocios;Business;919;1;5;10;satisfecho
14415;F;42;SI;Negocios;Business;2632;3;4;23;satisfecho
37387;M;45;SI;Negocios;Business;2931;1;5;0;satisfecho
16687;M;65;SI;Vacaciones;Eco Plus;605;5;4;14;neutral o insatisfecho
57805;F;44;NO;Negocios;Eco;1235;1;3;0;neutral o insatisfecho
109462;M;38;SI;Negocios;Business;3048;4;5;8;satisfecho
48042;M;40;SI;Negocios;Eco;896;1;2;36;neutral o insatisfecho
80276;F;22;NO;Negocios;Eco;746;5;4;27;neutral o insatisfecho
2395;M;21;NO;Negocios;Eco;641;1;5;0;neutral o insatisfecho
72992;M;36;NO;Negocios;Eco;696;4;4;25;neutral o insatisfecho
128704;F;25;SI;Negocios;Business;1464;4;5;0;satisfecho
48103;F;42;NO;Negocios;Eco;236;4;2;1;neutral o insatisfecho
42586;M;34;SI;Negocios;Eco Plus;315;4;5;0;satisfecho
34868;M;63;SI;Negocios;Eco;2248;5;2;14;satisfecho
49890;F;43;SI;Negocios;Business;89;5;3;0;satisfecho
46125;M;28;SI;Negocios;Business;2801;4;3;14;satisfecho
53751;F;53;SI;Negocios;Business;2003;5;4;50;satisfecho
106747;F;39;SI;Negocios;Business;3311;4;1;0;neutral o insatisfecho
58114;M;40;SI;Vacaciones;Eco;589;1;3;27;neutral o insatisfecho
11709;M;39;SI;Negocios;Business;2207;5;5;27;satisfecho
10040;F;60;SI;Negocios;Business;2702;5;5;13;satisfecho
22768;M;36;SI;Negocios;Business;3796;3;4;1;satisfecho
94685;F;27;SI;Negocios;Business;2251;5;4;0;satisfecho
82252;M;48;SI;Negocios;Business;1481;5;4;16;satisfecho
107409;M;48;SI;Negocios;Eco;725;3;2;3;neutral o insatisfecho
58975;M;45;SI;Negocios;Business;1726;4;5;24;satisfecho
53769;M;39;SI;Vacaciones;Eco;1195;2;4;0;neutral o insatisfecho
70818;F;26;SI;Vacaciones;Eco;624;2;4;0;satisfecho
106043;F;53;SI;Negocios;Business;452;3;2;24;neutral o insatisfecho
23641;F;25;SI;Negocios;Eco Plus;911;3;1;0;satisfecho
78571;F;31;SI;Negocios;Business;1977;5;4;3;satisfecho
47292;F;24;SI;Negocios;Business;3903;4;2;0;satisfecho
57557;F;31;NO;Negocios;Business;1597;4;4;22;neutral o insatisfecho
69575;F;47;SI;Negocios;Business;3534;3;2;23;neutral o insatisfecho
31055;M;38;SI;Negocios;Business;641;2;3;44;neutral o insatisfecho
21097;F;23;NO;Negocios;Eco;106;2;1;0;satisfecho
64301;F;30;SI;Negocios;Business;1172;5;5;7;satisfecho
28711;M;51;SI;Negocios;Business;2717;5;2;0;satisfecho
44049;M;66;SI;Vacaciones;Eco;237;3;5;0;neutral o insatisfecho
28237;M;41;SI;Negocios;Business;2034;4;4;0;satisfecho
87248;M;58;SI;Negocios;Business;3463;4;5;118;satisfecho
24702;M;35;SI;Negocios;Eco;397;2;1;0;neutral o insatisfecho
22647;F;60;SI;Negocios;Eco Plus;300;1;3;27;satisfecho
3226;M;58;SI;Negocios;Business;479;5;4;0;satisfecho
85780;F;39;SI;Negocios;Business;620;5;5;5;satisfecho
75117;F;34;SI;Negocios;Business;1846;4;4;0;satisfecho
87138;M;28;SI;Negocios;Eco Plus;594;2;4;5;neutral o insatisfecho
99288;M;57;NO;Vacaciones;Eco;833;5;5;87;neutral o insatisfecho
3755;M;66;SI;Vacaciones;Eco Plus;544;1;1;205;neutral o insatisfecho
1754;F;57;SI;Negocios;Business;364;5;5;7;satisfecho
98857;M;31;SI;Negocios;Eco;1751;3;4;0;neutral o insatisfecho
56195;F;65;SI;Vacaciones;Eco;1569;4;3;0;neutral o insatisfecho
123651;F;22;NO;Negocios;Eco;214;5;3;0;neutral o insatisfecho
38685;F;35;SI;Negocios;Eco Plus;2588;4;5;0;satisfecho
111889;F;41;SI;Negocios;Business;1650;4;1;37;neutral o insatisfecho
117534;F;49;SI;Negocios;Business;1623;4;2;60;satisfecho
62051;M;51;SI;Vacaciones;Eco;2475;1;4;0;neutral o insatisfecho
66913;F;29;SI;Negocios;Business;3170;5;5;0;satisfecho
67653;F;44;SI;Negocios;Business;2267;4;5;0;satisfecho
114848;F;46;SI;Negocios;Business;417;5;5;18;satisfecho
27601;F;50;SI;Vacaciones;Eco;679;3;2;0;neutral o insatisfecho
119359;M;53;SI;Vacaciones;Eco;2089;5;4;4;neutral o insatisfecho
98879;M;37;NO;Negocios;Eco;591;1;4;44;neutral o insatisfecho
35737;M;29;SI;Negocios;Business;2153;5;4;25;satisfecho
10149;M;59;SI;Vacaciones;Eco;1157;3;3;1;neutral o insatisfecho
6384;F;58;NO;Negocios;Eco;315;1;1;0;neutral o insatisfecho
88347;M;46;SI;Negocios;Business;1524;4;5;1;satisfecho
47868;M;56;SI;Negocios;Eco;550;2;4;0;neutral o insatisfecho
108950;M;23;NO;Negocios;Business;542;2;5;24;satisfecho
125872;M;34;SI;Negocios;Eco;993;5;5;56;satisfecho
63749;M;51;SI;Vacaciones;Eco;1660;1;3;3;neutral o insatisfecho
122376;M;37;SI;Negocios;Business;529;4;4;0;neutral o insatisfecho
71429;M;43;SI;Negocios;Business;867;5;4;29;satisfecho
43327;F;36;SI;Negocios;Eco;347;4;1;4;satisfecho
4173;F;23;SI;Vacaciones;Eco;427;2;1;0;neutral o insatisfecho
29753;M;22;NO;Negocios;Eco;199;5;5;0;neutral o insatisfecho
29642;M;43;SI;Vacaciones;Eco;1448;3;3;0;satisfecho
29336;F;40;SI;Vacaciones;Eco;933;1;3;0;satisfecho
48489;M;24;SI;Negocios;Business;833;5;3;34;satisfecho
42095;M;28;SI;Negocios;Eco;898;5;4;0;satisfecho
110095;F;23;NO;Negocios;Eco;1072;1;5;0;neutral o insatisfecho
15130;M;42;SI;Negocios;Business;1678;4;5;0;satisfecho
63826;F;45;SI;Negocios;Business;1192;4;4;0;satisfecho
106999;M;41;SI;Vacaciones;Eco;937;4;4;7;neutral o insatisfecho
89112;F;52;SI;Negocios;Business;1947;3;4;31;neutral o insatisfecho
85863;M;23;NO;Negocios;Eco;920;4;5;9;satisfecho
52230;F;46;NO;Negocios;Eco;370;2;4;0;satisfecho
112003;F;51;NO;Negocios;Eco Plus;533;5;1;0;neutral o insatisfecho
12070;M;20;SI;Vacaciones;Eco;351;3;5;0;satisfecho
87267;F;41;SI;Negocios;Business;2347;5;5;0;satisfecho
93678;M;26;SI;Vacaciones;Eco;655;1;2;0;neutral o insatisfecho
94129;F;42;SI;Negocios;Business;3998;4;5;32;satisfecho
106650;F;25;NO;Negocios;Eco Plus;861;4;1;0;neutral o insatisfecho
88983;F;61;SI;Vacaciones;Eco;1340;4;2;104;neutral o insatisfecho
86312;F;27;NO;Negocios;Eco Plus;356;5;4;0;neutral o insatisfecho
46690;M;28;SI;Vacaciones;Eco;73;3;4;0;neutral o insatisfecho
66529;F;45;SI;Vacaciones;Business;733;4;4;30;neutral o insatisfecho
113901;M;35;SI;Negocios;Business;2295;2;2;24;neutral o insatisfecho
84032;F;48;SI;Vacaciones;Eco Plus;321;1;3;0;neutral o insatisfecho
47774;M;64;SI;Negocios;Eco;834;5;2;0;satisfecho
59150;F;54;SI;Negocios;Business;1846;4;4;0;satisfecho
108683;F;31;SI;Negocios;Business;577;4;3;0;satisfecho
23525;F;38;SI;Negocios;Eco Plus;303;4;5;26;satisfecho
118859;F;36;SI;Vacaciones;Eco Plus;646;3;1;155;neutral o insatisfecho
16941;F;37;NO;Negocios;Eco;420;4;2;3;neutral o insatisfecho
43733;F;67;SI;Vacaciones;Eco Plus;257;3;4;0;neutral o insatisfecho
81544;M;65;SI;Vacaciones;Eco;1124;3;2;0;neutral o insatisfecho
128390;F;38;SI;Negocios;Business;2492;3;2;43;neutral o insatisfecho
10870;F;31;SI;Negocios;Eco;191;2;4;24;neutral o insatisfecho
71341;M;58;SI;Vacaciones;Eco;1514;5;4;4;neutral o insatisfecho
40014;F;50;SI;Negocios;Business;575;1;2;0;satisfecho
127955;M;25;SI;Negocios;Eco;1999;3;3;2;neutral o insatisfecho
25485;F;26;NO;Negocios;Eco;547;4;5;0;neutral o insatisfecho
6071;F;30;SI;Vacaciones;Eco;1236;3;4;0;neutral o insatisfecho
109152;M;46;SI;Negocios;Business;655;4;4;0;satisfecho
17732;F;37;SI;Negocios;Eco;383;5;2;0;satisfecho
37255;M;28;NO;Negocios;Eco;828;4;1;19;neutral o insatisfecho
128586;M;30;SI;Negocios;Business;2552;4;2;0;neutral o insatisfecho
84558;M;54;SI;Vacaciones;Eco;2399;3;3;0;satisfecho
89670;M;26;NO;Negocios;Eco;950;2;3;0;neutral o insatisfecho
84133;F;34;NO;Negocios;Eco;782;4;1;0;neutral o insatisfecho
48440;F;39;SI;Negocios;Eco;846;4;4;0;satisfecho
17500;M;19;SI;Negocios;Business;352;5;3;0;satisfecho
103404;M;34;SI;Negocios;Business;237;3;3;19;neutral o insatisfecho
83427;M;37;SI;Vacaciones;Eco;632;2;5;0;neutral o insatisfecho
83897;M;43;SI;Negocios;Business;1450;3;2;34;neutral o insatisfecho
75274;F;33;SI;Vacaciones;Eco;1723;1;4;0;satisfecho
17695;M;20;SI;Negocios;Business;2041;3;5;0;satisfecho
53579;F;48;SI;Vacaciones;Eco;1195;5;2;9;neutral o insatisfecho
117933;M;54;SI;Negocios;Business;255;5;4;0;satisfecho
93552;F;43;SI;Negocios;Business;719;5;4;0;satisfecho
5859;M;40;SI;Vacaciones;Eco;1020;4;3;0;neutral o insatisfecho
31894;F;33;SI;Vacaciones;Eco;2762;2;2;0;neutral o insatisfecho
4745;F;38;SI;Vacaciones;Eco;888;1;3;0;neutral o insatisfecho
88528;M;52;SI;Vacaciones;Eco;404;4;1;0;neutral o insatisfecho
103339;F;62;SI;Vacaciones;Eco;1371;5;3;0;neutral o insatisfecho
12911;F;30;SI;Negocios;Business;674;2;2;1;neutral o insatisfecho
83367;F;43;SI;Negocios;Business;1124;4;4;65;neutral o insatisfecho
129419;M;59;SI;Negocios;Business;2863;5;3;0;satisfecho
8440;M;22;NO;Negocios;Business;590;4;5;2;satisfecho
69225;F;59;SI;Negocios;Business;3677;5;3;0;satisfecho
70846;M;25;NO;Negocios;Business;761;1;5;0;neutral o insatisfecho
115323;F;48;SI;Negocios;Business;3152;5;4;19;satisfecho
52629;M;34;NO;Negocios;Eco;160;4;4;2;neutral o insatisfecho
135;M;56;NO;Negocios;Business;227;3;4;0;neutral o insatisfecho
61377;F;43;NO;Negocios;Business;679;4;5;0;neutral o insatisfecho
2883;M;37;SI;Vacaciones;Eco;475;1;4;55;neutral o insatisfecho
8286;F;38;SI;Vacaciones;Eco;125;5;1;0;neutral o insatisfecho
69701;M;42;SI;Negocios;Business;1372;5;5;0;satisfecho
94412;M;61;NO;Negocios;Business;248;1;4;0;neutral o insatisfecho
10037;M;61;SI;Vacaciones;Eco;630;3;4;40;neutral o insatisfecho
50604;M;63;SI;Vacaciones;Eco;421;5;1;6;neutral o insatisfecho
59544;M;24;SI;Negocios;Business;787;5;3;58;satisfecho
16105;F;52;SI;Vacaciones;Eco;303;4;2;0;satisfecho
81225;F;46;SI;Negocios;Business;1426;4;5;0;satisfecho
16595;M;41;SI;Negocios;Business;3324;4;4;12;satisfecho
75850;F;19;SI;Vacaciones;Eco;1440;2;4;0;satisfecho
89866;F;50;SI;Negocios;Business;1501;4;4;0;satisfecho
96730;F;32;SI;Vacaciones;Eco;813;4;5;0;neutral o insatisfecho
100835;M;55;SI;Negocios;Business;1970;5;3;0;satisfecho
37189;M;33;SI;Negocios;Eco Plus;1237;4;3;0;satisfecho
9958;F;23;NO;Negocios;Eco;457;4;1;290;neutral o insatisfecho
125534;M;39;SI;Negocios;Business;226;4;5;4;satisfecho
14011;F;57;SI;Negocios;Business;2054;3;2;0;neutral o insatisfecho
15825;F;59;NO;Negocios;Business;195;4;4;0;neutral o insatisfecho
41178;F;28;SI;Vacaciones;Eco;468;4;5;5;neutral o insatisfecho
34173;F;41;SI;Negocios;Business;1189;4;2;0;neutral o insatisfecho
100252;M;51;SI;Negocios;Business;2939;4;4;0;satisfecho
69683;M;25;SI;Negocios;Business;2580;4;4;0;satisfecho
26717;F;69;SI;Vacaciones;Eco;581;4;2;0;neutral o insatisfecho
32876;M;70;SI;Vacaciones;Eco;101;1;4;0;neutral o insatisfecho
56375;M;61;SI;Vacaciones;Eco;200;5;1;0;neutral o insatisfecho
111474;M;61;SI;Vacaciones;Eco Plus;1024;4;5;0;neutral o insatisfecho
105512;F;36;SI;Negocios;Business;1590;4;3;7;satisfecho
2670;M;25;SI;Vacaciones;Eco;597;1;4;28;neutral o insatisfecho
64946;F;63;SI;Negocios;Business;469;3;3;50;neutral o insatisfecho
97599;M;42;SI;Negocios;Business;3787;4;2;20;neutral o insatisfecho
28816;M;24;SI;Negocios;Eco;987;1;5;42;satisfecho
71967;M;63;SI;Negocios;Business;1437;4;2;11;neutral o insatisfecho
68313;M;47;SI;Negocios;Business;2165;5;4;0;satisfecho
59068;F;40;SI;Negocios;Business;1726;5;5;0;satisfecho
78592;F;50;SI;Negocios;Business;2454;5;4;2;satisfecho
34077;F;22;SI;Negocios;Eco Plus;1674;5;4;4;satisfecho
74353;M;46;SI;Negocios;Business;1171;4;2;315;satisfecho
39575;M;43;SI;Negocios;Business;965;2;5;0;satisfecho
88633;F;55;SI;Vacaciones;Eco;406;4;1;0;neutral o insatisfecho
28323;M;45;SI;Negocios;Business;1588;3;2;16;neutral o insatisfecho
37106;F;56;SI;Negocios;Eco;1189;5;4;92;satisfecho
917;F;56;SI;Negocios;Business;3870;4;5;0;satisfecho
64890;M;28;SI;Negocios;Business;3291;1;2;0;neutral o insatisfecho
92042;M;49;NO;Negocios;Business;1522;3;3;0;neutral o insatisfecho
57504;M;54;SI;Vacaciones;Eco;1075;2;4;21;neutral o insatisfecho
54505;M;31;NO;Negocios;Eco;925;4;3;0;neutral o insatisfecho
106850;M;54;SI;Vacaciones;Eco;1733;1;5;28;neutral o insatisfecho
12883;F;55;SI;Negocios;Eco;809;2;5;0;satisfecho
40410;F;43;SI;Negocios;Business;2920;2;5;0;satisfecho
69935;F;59;SI;Negocios;Business;2174;5;4;0;satisfecho
102875;F;25;NO;Negocios;Eco;472;3;3;0;satisfecho
16546;F;35;NO;Negocios;Eco Plus;1134;2;1;1;neutral o insatisfecho
56875;F;20;NO;Negocios;Business;2434;4;4;2;satisfecho
25873;F;29;NO;Negocios;Business;907;4;3;93;neutral o insatisfecho
7979;M;60;SI;Negocios;Business;2845;5;4;46;satisfecho
108078;M;45;SI;Negocios;Business;997;4;4;0;satisfecho
90036;M;39;NO;Negocios;Business;957;3;5;62;neutral o insatisfecho
7661;F;40;NO;Negocios;Business;604;3;1;0;neutral o insatisfecho
27798;M;38;NO;Negocios;Eco;1448;4;3;7;neutral o insatisfecho
128695;M;24;NO;Negocios;Business;1235;4;4;0;satisfecho
19037;F;24;SI;Negocios;Eco Plus;788;4;5;0;satisfecho
58669;F;36;NO;Negocios;Business;867;3;4;29;neutral o insatisfecho
47806;M;19;NO;Negocios;Eco;315;2;1;0;satisfecho
61087;M;41;SI;Vacaciones;Eco;1546;2;5;0;neutral o insatisfecho
27794;F;47;SI;Negocios;Business;1448;2;3;2;satisfecho
123423;M;64;SI;Vacaciones;Eco;1337;4;5;0;neutral o insatisfecho
63779;F;27;NO;Negocios;Business;1721;4;5;60;neutral o insatisfecho
98342;F;29;SI;Negocios;Business;1046;5;5;0;satisfecho
69288;F;44;SI;Negocios;Business;2968;5;5;0;satisfecho
100389;M;37;SI;Vacaciones;Eco;1073;2;3;0;neutral o insatisfecho
74094;M;47;NO;Negocios;Business;769;2;5;0;neutral o insatisfecho
59007;F;59;SI;Negocios;Business;1744;5;4;0;satisfecho
126687;F;56;SI;Negocios;Business;2402;4;5;26;satisfecho
26745;M;54;SI;Vacaciones;Business;859;4;3;0;neutral o insatisfecho
26413;F;30;SI;Negocios;Eco Plus;1249;5;2;1;satisfecho
53657;F;32;SI;Negocios;Business;2762;3;5;0;satisfecho
36903;F;30;SI;Negocios;Eco;2072;3;2;56;neutral o insatisfecho
126711;M;46;NO;Negocios;Business;2521;5;4;0;neutral o insatisfecho
52591;M;37;SI;Negocios;Eco;119;3;3;3;neutral o insatisfecho
824;F;54;SI;Negocios;Business;2538;4;4;0;satisfecho
104537;M;72;SI;Negocios;Eco;856;4;2;20;satisfecho
117414;F;52;SI;Negocios;Business;1460;4;5;0;satisfecho
26999;F;30;SI;Negocios;Business;1998;5;1;0;satisfecho
80909;M;23;NO;Negocios;Eco;352;5;3;1;neutral o insatisfecho
51715;M;69;SI;Vacaciones;Eco;355;3;5;0;satisfecho
13735;F;25;NO;Negocios;Eco;441;5;2;21;neutral o insatisfecho
24230;F;27;NO;Negocios;Eco;302;3;3;17;neutral o insatisfecho
99923;M;24;NO;Negocios;Eco;764;4;5;3;neutral o insatisfecho
5717;F;65;SI;Vacaciones;Eco;299;4;5;22;neutral o insatisfecho
4305;F;27;NO;Negocios;Business;502;3;4;0;neutral o insatisfecho
48281;F;29;SI;Vacaciones;Eco Plus;236;5;1;0;neutral o insatisfecho
25842;F;28;SI;Negocios;Business;2137;4;1;0;satisfecho
95654;M;53;SI;Negocios;Business;2435;3;3;36;neutral o insatisfecho
101779;F;25;SI;Vacaciones;Business;1521;3;3;23;neutral o insatisfecho
43640;M;23;SI;Negocios;Business;3130;1;4;35;satisfecho
14052;M;67;SI;Vacaciones;Eco;335;2;4;0;neutral o insatisfecho
41304;F;22;SI;Negocios;Business;1624;4;4;0;satisfecho
18506;M;27;NO;Negocios;Eco;201;1;3;18;neutral o insatisfecho
53044;F;25;NO;Negocios;Eco;1208;5;2;0;neutral o insatisfecho
26533;F;41;SI;Negocios;Eco;990;4;2;12;neutral o insatisfecho
18713;F;23;SI;Vacaciones;Eco Plus;190;1;3;83;satisfecho
101317;F;51;SI;Negocios;Business;3765;5;5;5;satisfecho
57965;M;25;SI;Vacaciones;Eco;1911;5;5;40;neutral o insatisfecho
87383;F;53;SI;Negocios;Business;2651;5;4;0;satisfecho
10785;F;26;SI;Negocios;Business;2697;4;3;0;neutral o insatisfecho
52077;M;44;SI;Negocios;Eco;438;4;3;0;satisfecho
229;F;33;SI;Negocios;Business;213;5;5;0;satisfecho
90372;M;60;SI;Negocios;Business;2438;4;4;0;satisfecho
72642;F;69;SI;Vacaciones;Eco;1121;5;1;0;neutral o insatisfecho
112981;M;36;SI;Vacaciones;Eco Plus;1476;4;5;3;neutral o insatisfecho
89485;M;39;SI;Negocios;Business;1931;5;5;0;satisfecho
82370;M;50;SI;Negocios;Business;3929;5;4;18;satisfecho
16238;F;62;SI;Vacaciones;Business;946;3;3;0;neutral o insatisfecho
21144;M;21;SI;Vacaciones;Eco Plus;227;5;5;0;satisfecho
24314;F;46;SI;Negocios;Eco;479;5;4;0;satisfecho
40122;M;61;SI;Vacaciones;Eco;200;3;3;8;neutral o insatisfecho
93363;M;55;SI;Vacaciones;Eco;836;4;4;0;neutral o insatisfecho
32480;M;60;SI;Negocios;Eco;101;5;5;0;satisfecho
117186;M;23;SI;Vacaciones;Eco;370;5;1;7;neutral o insatisfecho
20919;F;22;NO;Negocios;Eco;721;3;1;5;neutral o insatisfecho
85989;F;55;SI;Negocios;Business;2271;4;5;1;satisfecho
96806;M;55;SI;Negocios;Business;2555;4;4;7;satisfecho
3382;M;34;SI;Negocios;Business;2184;4;2;0;satisfecho
69881;F;21;SI;Negocios;Business;2248;5;4;14;satisfecho
4892;F;54;SI;Vacaciones;Eco Plus;408;4;5;0;neutral o insatisfecho
53339;M;29;SI;Negocios;Eco;1452;5;4;2;satisfecho
63042;F;19;SI;Vacaciones;Eco;967;1;3;26;neutral o insatisfecho
100299;M;44;SI;Negocios;Eco;971;3;1;0;neutral o insatisfecho
126689;F;18;NO;Negocios;Eco;969;5;4;0;neutral o insatisfecho
44681;M;35;NO;Negocios;Eco;67;1;4;49;neutral o insatisfecho
101973;M;47;SI;Vacaciones;Eco;628;1;4;0;neutral o insatisfecho
21270;M;50;SI;Vacaciones;Business;692;5;2;0;satisfecho
31911;F;51;SI;Negocios;Business;216;5;4;0;satisfecho
7099;F;69;SI;Vacaciones;Eco;273;4;2;12;neutral o insatisfecho
28563;F;35;SI;Negocios;Eco Plus;2677;5;3;0;satisfecho
3695;M;53;SI;Negocios;Business;431;4;5;0;satisfecho
78461;M;45;SI;Negocios;Business;666;3;1;0;neutral o insatisfecho
64651;M;37;NO;Negocios;Business;551;5;3;0;neutral o insatisfecho
49901;F;48;SI;Negocios;Eco;250;4;1;0;neutral o insatisfecho
96129;M;31;SI;Negocios;Business;460;5;4;8;satisfecho
66100;F;40;SI;Vacaciones;Business;583;4;5;0;neutral o insatisfecho
62859;M;49;SI;Negocios;Business;2446;5;2;0;satisfecho
553;F;57;SI;Negocios;Business;134;5;4;0;satisfecho
37996;M;40;SI;Negocios;Eco;1197;4;2;0;satisfecho
89143;F;25;SI;Negocios;Eco;1947;3;5;2;satisfecho
46424;M;24;NO;Negocios;Eco;649;4;2;19;neutral o insatisfecho
92135;F;38;SI;Vacaciones;Eco;1535;3;3;14;neutral o insatisfecho
77613;F;50;SI;Negocios;Business;3183;4;3;16;satisfecho
95539;M;50;SI;Vacaciones;Eco Plus;239;2;4;1;neutral o insatisfecho
89582;M;27;SI;Negocios;Eco;1080;3;1;0;neutral o insatisfecho
49009;M;52;SI;Negocios;Eco;109;4;5;0;satisfecho
69113;M;41;NO;Negocios;Business;1598;2;3;3;neutral o insatisfecho
48528;F;39;SI;Negocios;Eco;433;3;1;0;satisfecho
72519;F;37;SI;Negocios;Business;2346;3;4;0;neutral o insatisfecho
74926;F;33;SI;Negocios;Business;2475;3;4;6;neutral o insatisfecho
36778;M;50;SI;Negocios;Business;2611;1;5;121;neutral o insatisfecho
102599;M;40;SI;Vacaciones;Eco Plus;407;2;1;6;neutral o insatisfecho
109984;M;46;SI;Negocios;Business;3497;5;5;3;satisfecho
22140;F;34;SI;Vacaciones;Eco;350;3;2;0;neutral o insatisfecho
102591;F;46;SI;Negocios;Eco Plus;397;4;3;4;satisfecho
105097;M;26;NO;Negocios;Business;220;5;4;0;satisfecho
117493;F;32;NO;Negocios;Eco;507;1;2;83;neutral o insatisfecho
44848;F;55;SI;Negocios;Eco Plus;760;4;2;0;neutral o insatisfecho
90303;M;52;SI;Vacaciones;Eco;879;2;5;0;neutral o insatisfecho
64749;M;23;NO;Negocios;Eco;551;5;5;0;satisfecho
67778;F;44;NO;Negocios;Business;1431;5;4;1;neutral o insatisfecho
42503;M;35;SI;Negocios;Business;495;4;5;17;satisfecho
102746;M;26;SI;Negocios;Business;255;4;4;6;satisfecho
21670;M;31;SI;Negocios;Business;708;3;4;3;satisfecho
31893;M;51;SI;Vacaciones;Eco;2762;4;2;0;neutral o insatisfecho
32057;F;31;SI;Negocios;Business;102;4;5;2;satisfecho
36097;M;63;SI;Vacaciones;Eco;399;1;5;0;neutral o insatisfecho
40524;M;58;SI;Vacaciones;Eco Plus;188;1;2;0;neutral o insatisfecho
96266;M;61;SI;Vacaciones;Eco;546;5;2;21;neutral o insatisfecho
74919;M;41;SI;Negocios;Business;2475;4;5;50;satisfecho
98815;F;39;SI;Negocios;Business;763;4;4;37;satisfecho
69987;F;52;SI;Negocios;Business;2134;4;5;0;satisfecho
104572;F;43;SI;Negocios;Business;369;5;2;0;satisfecho
127741;F;45;SI;Negocios;Business;3784;4;2;0;neutral o insatisfecho
35279;F;27;SI;Negocios;Eco;1069;2;4;137;neutral o insatisfecho
45361;M;28;SI;Vacaciones;Eco;150;1;4;0;neutral o insatisfecho
76260;M;60;SI;Vacaciones;Eco Plus;1399;4;1;0;satisfecho
16233;M;39;SI;Negocios;Business;2777;4;4;0;satisfecho
84100;M;70;SI;Vacaciones;Eco Plus;932;3;1;18;neutral o insatisfecho
30133;M;70;SI;Vacaciones;Eco;31;4;3;0;neutral o insatisfecho
47539;M;55;SI;Vacaciones;Eco;558;3;4;0;neutral o insatisfecho
63484;M;38;SI;Vacaciones;Eco Plus;337;1;5;0;neutral o insatisfecho
77103;M;52;SI;Negocios;Eco;1481;3;1;0;neutral o insatisfecho
48181;M;75;SI;Negocios;Business;192;2;2;54;neutral o insatisfecho
128637;F;21;SI;Vacaciones;Eco;679;5;4;0;neutral o insatisfecho
81156;M;26;NO;Negocios;Business;700;5;4;0;neutral o insatisfecho
75804;M;48;SI;Negocios;Eco Plus;813;1;1;0;neutral o insatisfecho
114121;M;37;SI;Vacaciones;Business;850;3;1;3;neutral o insatisfecho
20539;M;25;NO;Negocios;Eco;565;4;2;34;neutral o insatisfecho
92959;M;51;SI;Negocios;Business;1694;4;3;32;satisfecho
45394;M;47;SI;Negocios;Eco;1437;5;3;0;satisfecho
78435;M;23;NO;Negocios;Business;526;3;4;214;satisfecho
127265;F;29;SI;Negocios;Eco;1107;3;1;0;neutral o insatisfecho
8807;F;46;SI;Negocios;Eco;552;4;3;0;neutral o insatisfecho
6888;M;40;NO;Negocios;Business;287;1;5;2;neutral o insatisfecho
64013;F;49;SI;Negocios;Business;3206;3;3;0;neutral o insatisfecho
61233;F;45;SI;Negocios;Business;3031;5;4;0;satisfecho
110721;F;42;SI;Negocios;Business;2119;5;4;1;satisfecho
31202;F;32;SI;Negocios;Business;2780;4;2;26;neutral o insatisfecho
99896;M;36;SI;Negocios;Business;3874;5;2;5;satisfecho
112555;M;52;SI;Negocios;Business;3000;5;4;15;satisfecho
37339;F;58;SI;Negocios;Eco;1076;4;3;0;neutral o insatisfecho
57475;F;24;NO;Negocios;Eco;680;2;3;1;satisfecho
74328;F;58;SI;Negocios;Business;1171;5;5;0;satisfecho
31201;F;44;SI;Negocios;Business;628;3;3;124;neutral o insatisfecho
78622;F;22;SI;Negocios;Business;1426;2;3;203;neutral o insatisfecho
1268;F;60;SI;Vacaciones;Eco;396;3;5;0;neutral o insatisfecho
109889;F;23;SI;Negocios;Business;3982;2;4;0;neutral o insatisfecho
56374;F;26;SI;Vacaciones;Eco;200;2;2;0;neutral o insatisfecho
85648;F;26;SI;Vacaciones;Eco Plus;153;3;4;0;satisfecho
121098;M;44;SI;Vacaciones;Eco;1558;4;4;3;neutral o insatisfecho
52244;M;21;NO;Negocios;Eco;451;4;3;12;neutral o insatisfecho
7420;M;54;SI;Negocios;Business;552;4;1;7;neutral o insatisfecho
44514;M;26;NO;Negocios;Eco;157;4;5;2;neutral o insatisfecho
100681;F;24;SI;Negocios;Business;2782;3;1;0;neutral o insatisfecho
122000;M;27;NO;Negocios;Business;130;5;3;0;satisfecho
129876;M;28;SI;Vacaciones;Eco Plus;447;1;5;2;neutral o insatisfecho
26897;M;26;SI;Negocios;Business;1770;3;4;0;satisfecho
69067;M;31;NO;Negocios;Eco;1389;5;4;126;neutral o insatisfecho
80486;M;53;SI;Vacaciones;Eco Plus;1299;2;4;0;neutral o insatisfecho
4891;F;47;SI;Vacaciones;Eco Plus;408;5;4;0;neutral o insatisfecho
30706;M;59;SI;Negocios;Business;464;5;4;13;satisfecho
43104;F;66;SI;Vacaciones;Eco;259;1;1;0;neutral o insatisfecho
127747;F;34;NO;Negocios;Eco;601;3;2;20;neutral o insatisfecho
56078;M;51;SI;Vacaciones;Eco;2586;5;5;6;neutral o insatisfecho
115585;M;61;NO;Negocios;Eco;308;4;3;10;neutral o insatisfecho
99060;M;50;SI;Negocios;Business;1521;4;4;74;satisfecho
36767;F;46;SI;Negocios;Business;2704;2;4;3;satisfecho
100598;M;24;NO;Negocios;Eco;718;5;4;28;neutral o insatisfecho
73481;F;25;SI;Vacaciones;Eco;1197;1;3;18;neutral o insatisfecho
34062;M;26;NO;Negocios;Eco;955;1;3;0;neutral o insatisfecho
103508;M;68;SI;Negocios;Business;2585;2;2;6;neutral o insatisfecho
113759;M;31;SI;Vacaciones;Eco;223;1;4;30;neutral o insatisfecho
22058;M;30;SI;Negocios;Business;1819;4;3;0;satisfecho
127287;F;46;SI;Vacaciones;Eco;1107;4;4;0;neutral o insatisfecho
15366;F;38;SI;Negocios;Eco;433;2;1;0;satisfecho
27751;F;23;SI;Negocios;Business;1533;5;1;2;satisfecho
33629;M;38;SI;Vacaciones;Eco;474;3;3;12;satisfecho
75071;F;68;SI;Negocios;Business;3033;4;5;0;satisfecho
36756;M;26;NO;Negocios;Business;2611;4;4;2;neutral o insatisfecho
75650;M;58;SI;Negocios;Business;1659;4;4;0;satisfecho
18482;F;41;SI;Negocios;Business;383;4;4;20;satisfecho
115233;F;37;NO;Negocios;Business;446;1;3;3;neutral o insatisfecho
101271;F;30;NO;Negocios;Business;978;4;5;18;satisfecho
23242;F;69;SI;Vacaciones;Eco Plus;549;4;5;0;neutral o insatisfecho
35711;F;36;SI;Vacaciones;Eco;2586;4;3;22;neutral o insatisfecho
88688;M;22;SI;Vacaciones;Eco;545;3;2;60;neutral o insatisfecho
51699;F;43;NO;Negocios;Eco;237;1;5;134;neutral o insatisfecho
98106;M;59;SI;Negocios;Business;3065;4;2;0;satisfecho
31974;F;57;SI;Negocios;Business;2358;2;2;2;neutral o insatisfecho
23864;M;54;SI;Vacaciones;Eco;552;1;5;0;neutral o insatisfecho
10347;M;46;SI;Negocios;Business;2460;4;5;0;satisfecho
95566;M;66;SI;Vacaciones;Eco Plus;192;2;5;25;neutral o insatisfecho
34358;M;29;SI;Negocios;Eco;541;2;4;77;neutral o insatisfecho
124907;M;45;SI;Negocios;Business;1940;5;5;0;satisfecho
80605;M;58;SI;Negocios;Business;1983;5;5;0;satisfecho
29391;F;26;SI;Negocios;Business;2417;4;3;0;satisfecho
124370;F;59;SI;Negocios;Business;2349;4;4;0;satisfecho
29743;M;38;SI;Negocios;Business;3301;4;4;0;satisfecho
99013;F;45;SI;Vacaciones;Eco Plus;543;4;2;3;neutral o insatisfecho
32332;F;49;SI;Negocios;Business;2290;5;2;20;satisfecho
97819;M;44;SI;Negocios;Business;395;5;5;0;satisfecho
40372;F;25;NO;Negocios;Eco;1250;5;5;0;neutral o insatisfecho
124560;M;24;NO;Negocios;Eco;453;4;3;17;neutral o insatisfecho
24878;F;40;SI;Negocios;Eco;534;4;1;0;satisfecho
96877;F;55;SI;Vacaciones;Eco;849;4;1;29;neutral o insatisfecho
117535;F;50;SI;Negocios;Business;1586;4;2;6;satisfecho
60446;M;36;NO;Negocios;Business;862;2;3;19;neutral o insatisfecho
70523;F;44;SI;Negocios;Business;1258;5;3;0;satisfecho
59591;F;27;NO;Negocios;Business;854;1;3;12;neutral o insatisfecho
59572;F;53;SI;Negocios;Business;3250;5;5;0;satisfecho
69185;M;50;SI;Vacaciones;Eco;187;3;2;0;satisfecho
9590;M;44;SI;Vacaciones;Eco;288;1;4;0;neutral o insatisfecho
39210;F;36;NO;Negocios;Business;67;1;4;3;neutral o insatisfecho
18782;M;22;NO;Negocios;Eco;448;1;5;35;satisfecho
105124;M;60;SI;Negocios;Business;2761;4;3;44;satisfecho
15601;F;54;NO;Negocios;Eco;229;1;5;131;neutral o insatisfecho
68227;M;36;SI;Negocios;Eco;432;1;2;2;neutral o insatisfecho
10807;M;59;SI;Negocios;Eco;224;2;2;116;neutral o insatisfecho
32720;F;52;SI;Negocios;Eco;163;4;3;0;neutral o insatisfecho
107715;M;72;SI;Negocios;Eco;251;1;4;2;neutral o insatisfecho
10475;M;46;SI;Negocios;Business;312;5;4;32;satisfecho
73555;M;58;SI;Negocios;Business;2116;4;4;97;satisfecho
71125;M;22;SI;Negocios;Business;1739;4;3;0;satisfecho
116879;F;50;SI;Negocios;Business;2534;5;4;25;satisfecho
124054;M;44;SI;Negocios;Business;2153;5;5;0;satisfecho
86170;M;60;SI;Negocios;Business;2503;4;4;6;satisfecho
111026;M;63;SI;Negocios;Eco;268;3;1;8;neutral o insatisfecho
85626;M;21;SI;Vacaciones;Eco;259;1;3;0;neutral o insatisfecho
76384;F;21;NO;Negocios;Eco;931;4;4;0;neutral o insatisfecho
122851;F;55;SI;Negocios;Business;2844;5;4;4;satisfecho
21566;M;38;NO;Negocios;Eco Plus;433;3;2;0;neutral o insatisfecho
107723;F;35;SI;Negocios;Business;1531;2;4;2;satisfecho
41349;F;47;SI;Negocios;Business;956;1;3;0;satisfecho
13568;F;27;SI;Vacaciones;Eco;106;2;4;0;neutral o insatisfecho
94487;F;26;NO;Negocios;Business;239;3;3;2;satisfecho
65364;M;20;SI;Negocios;Eco;432;2;1;113;neutral o insatisfecho
122821;M;39;SI;Vacaciones;Eco;599;2;2;0;neutral o insatisfecho
97408;M;43;SI;Negocios;Business;570;5;5;0;satisfecho
54412;M;67;SI;Negocios;Business;3034;3;3;0;satisfecho
35724;F;49;SI;Vacaciones;Eco Plus;2465;4;2;9;satisfecho
125518;F;54;SI;Negocios;Business;2565;5;3;0;satisfecho
46283;M;39;SI;Negocios;Eco Plus;594;3;4;0;satisfecho
51062;F;66;SI;Vacaciones;Eco;109;3;3;0;neutral o insatisfecho
40462;F;25;NO;Negocios;Eco;222;5;2;0;neutral o insatisfecho
31935;M;48;SI;Negocios;Business;101;5;3;0;satisfecho
78786;M;49;SI;Negocios;Business;432;4;2;0;satisfecho
87240;F;49;SI;Negocios;Business;1954;5;5;0;satisfecho
110960;F;35;SI;Negocios;Business;2780;3;2;0;neutral o insatisfecho
76831;F;31;SI;Negocios;Business;1851;1;2;0;neutral o insatisfecho
89490;F;50;SI;Vacaciones;Eco;1931;4;3;0;neutral o insatisfecho
51310;M;26;NO;Negocios;Eco Plus;308;4;1;4;neutral o insatisfecho
28707;F;37;SI;Vacaciones;Business;2554;3;3;0;neutral o insatisfecho
11519;M;51;SI;Vacaciones;Eco Plus;429;1;2;17;neutral o insatisfecho
34167;F;49;SI;Negocios;Business;1189;4;4;8;neutral o insatisfecho
38142;F;20;SI;Vacaciones;Eco;1197;1;5;0;neutral o insatisfecho
90135;F;19;SI;Negocios;Business;2716;5;4;0;satisfecho
66434;M;29;SI;Negocios;Business;3772;5;3;0;satisfecho
78151;M;40;SI;Negocios;Business;259;4;3;15;satisfecho
95641;F;18;NO;Negocios;Eco Plus;484;5;2;132;neutral o insatisfecho
3874;M;37;NO;Negocios;Business;213;3;3;0;satisfecho
58237;M;57;SI;Vacaciones;Eco;925;1;2;6;neutral o insatisfecho
74943;F;22;NO;Negocios;Eco;1477;5;4;0;neutral o insatisfecho
93412;M;23;NO;Negocios;Eco;672;2;2;66;neutral o insatisfecho
45844;M;41;SI;Vacaciones;Eco;391;1;3;0;neutral o insatisfecho
62820;F;48;SI;Vacaciones;Eco;2504;2;5;0;neutral o insatisfecho
106904;F;57;SI;Negocios;Business;1852;4;5;14;satisfecho
83806;M;26;NO;Negocios;Business;425;5;5;5;neutral o insatisfecho
2257;F;60;SI;Negocios;Business;630;4;5;0;satisfecho
87393;M;50;NO;Negocios;Eco;425;1;2;0;neutral o insatisfecho
55075;M;39;NO;Negocios;Eco;1379;4;2;8;neutral o insatisfecho
5738;M;48;SI;Vacaciones;Eco Plus;234;3;3;0;neutral o insatisfecho
18032;M;34;SI;Negocios;Business;488;4;4;0;satisfecho
82461;F;40;SI;Vacaciones;Eco;509;3;4;62;neutral o insatisfecho
589;M;50;SI;Negocios;Business;164;5;5;0;satisfecho
127702;M;53;SI;Vacaciones;Eco;2133;3;3;0;neutral o insatisfecho
76426;F;62;SI;Negocios;Eco;405;3;2;5;neutral o insatisfecho
121865;F;27;NO;Negocios;Eco;337;5;4;0;neutral o insatisfecho
127934;M;41;SI;Vacaciones;Eco;2300;2;3;0;neutral o insatisfecho
89269;M;34;NO;Negocios;Business;453;2;5;2;neutral o insatisfecho
56513;F;27;SI;Vacaciones;Business;1023;1;3;51;neutral o insatisfecho
118443;M;42;SI;Negocios;Business;1847;4;5;11;satisfecho
74840;F;41;SI;Vacaciones;Eco;1797;4;5;0;neutral o insatisfecho
95246;M;52;SI;Vacaciones;Eco;323;2;4;1;neutral o insatisfecho
121789;M;45;SI;Negocios;Business;449;4;4;3;satisfecho
15187;M;44;SI;Negocios;Eco;544;5;5;42;satisfecho
11328;M;46;SI;Vacaciones;Eco;517;3;3;41;neutral o insatisfecho
8505;F;48;SI;Negocios;Business;3628;5;5;2;satisfecho
30669;M;41;SI;Vacaciones;Eco Plus;533;4;4;0;neutral o insatisfecho
15111;M;57;SI;Negocios;Eco;912;5;4;0;satisfecho
80508;M;52;SI;Negocios;Business;1749;3;4;0;neutral o insatisfecho
98547;F;51;SI;Vacaciones;Eco Plus;402;4;3;9;neutral o insatisfecho
45194;M;36;NO;Negocios;Eco;1037;4;5;0;neutral o insatisfecho
91576;F;40;SI;Negocios;Eco;723;2;1;0;neutral o insatisfecho
84962;F;60;SI;Vacaciones;Eco Plus;534;4;1;0;neutral o insatisfecho
14968;M;38;SI;Negocios;Eco;1020;4;5;0;satisfecho
3844;M;22;SI;Vacaciones;Eco;650;5;3;0;neutral o insatisfecho
74542;M;29;SI;Negocios;Business;1171;4;3;0;satisfecho
69025;F;51;SI;Negocios;Business;1389;4;4;11;satisfecho
85758;M;54;SI;Negocios;Business;666;4;5;0;satisfecho
96402;F;42;SI;Negocios;Eco;942;4;3;0;neutral o insatisfecho
42057;M;33;SI;Vacaciones;Eco;116;4;2;0;neutral o insatisfecho
60272;F;40;SI;Negocios;Business;2446;4;5;18;satisfecho
87475;F;59;SI;Negocios;Business;2886;5;5;34;satisfecho
77916;F;45;SI;Negocios;Business;2210;5;5;22;satisfecho
15608;M;33;SI;Negocios;Business;283;3;4;51;neutral o insatisfecho
61023;M;49;SI;Vacaciones;Eco;3365;5;4;12;neutral o insatisfecho
41512;M;18;SI;Negocios;Eco;1482;4;1;16;satisfecho
100961;M;44;SI;Vacaciones;Eco;1142;3;4;0;neutral o insatisfecho
85790;M;72;SI;Negocios;Business;1778;5;2;0;satisfecho
64356;F;23;NO;Negocios;Eco;758;4;4;0;neutral o insatisfecho
26211;M;23;NO;Negocios;Eco;404;2;2;0;satisfecho
120075;M;42;NO;Negocios;Business;683;4;5;0;neutral o insatisfecho
65869;M;43;SI;Vacaciones;Eco;1389;3;3;0;neutral o insatisfecho
125470;F;40;SI;Vacaciones;Eco;2845;5;5;0;neutral o insatisfecho
56523;F;45;NO;Negocios;Business;1023;4;3;8;neutral o insatisfecho
40159;F;51;SI;Vacaciones;Business;387;4;4;0;neutral o insatisfecho
110900;M;24;NO;Negocios;Eco;545;5;1;0;neutral o insatisfecho
3699;F;36;SI;Negocios;Business;1840;5;5;166;satisfecho
125203;F;61;SI;Negocios;Business;3504;1;5;0;satisfecho
23434;F;22;NO;Negocios;Business;516;3;4;21;satisfecho
80574;M;50;SI;Negocios;Business;1747;3;1;1;neutral o insatisfecho
96996;M;65;SI;Vacaciones;Eco;883;1;2;5;neutral o insatisfecho
113319;M;49;SI;Negocios;Business;3002;4;4;2;satisfecho
41049;F;59;SI;Vacaciones;Eco;1087;1;4;0;neutral o insatisfecho
111954;F;41;SI;Negocios;Business;770;5;4;23;satisfecho
7303;M;38;SI;Negocios;Business;3548;5;4;0;satisfecho
49978;F;54;SI;Negocios;Eco;308;4;2;0;neutral o insatisfecho
94083;M;20;NO;Negocios;Eco;192;5;1;55;neutral o insatisfecho
111623;F;40;SI;Vacaciones;Eco;1014;4;2;15;neutral o insatisfecho
49238;M;36;NO;Negocios;Eco;308;1;4;0;neutral o insatisfecho
18530;M;46;SI;Negocios;Eco;253;2;1;0;neutral o insatisfecho
52048;M;48;SI;Negocios;Business;2937;3;3;0;neutral o insatisfecho
25477;M;57;SI;Negocios;Business;2493;4;1;0;neutral o insatisfecho
89130;M;26;SI;Negocios;Business;2139;1;2;0;neutral o insatisfecho
39196;M;39;NO;Negocios;Eco;318;5;1;0;neutral o insatisfecho
108675;M;23;NO;Negocios;Business;577;4;4;80;satisfecho
27974;F;51;SI;Negocios;Business;2378;5;2;11;satisfecho
5196;F;49;SI;Negocios;Business;2788;4;4;0;satisfecho
115892;F;49;SI;Negocios;Business;446;4;4;5;satisfecho
95715;F;37;SI;Negocios;Business;3376;5;4;115;satisfecho
82360;M;64;SI;Vacaciones;Eco;453;1;1;0;neutral o insatisfecho
17715;F;45;SI;Vacaciones;Business;456;3;1;0;neutral o insatisfecho
128248;M;51;SI;Negocios;Business;338;5;5;0;satisfecho
47326;F;35;SI;Negocios;Eco;590;4;3;33;satisfecho
35130;M;38;SI;Negocios;Eco;1069;4;5;29;satisfecho
60304;M;40;NO;Negocios;Eco;406;4;1;1;neutral o insatisfecho
6381;F;25;NO;Negocios;Eco;240;2;3;0;neutral o insatisfecho
10624;F;53;SI;Negocios;Business;229;3;2;0;neutral o insatisfecho
17212;F;31;SI;Negocios;Business;3451;5;3;0;satisfecho
11207;F;24;SI;Vacaciones;Eco;247;3;4;5;neutral o insatisfecho
40424;F;45;SI;Negocios;Eco;461;3;5;0;satisfecho
23301;F;39;SI;Negocios;Business;1548;2;5;9;satisfecho
59368;F;35;NO;Negocios;Business;2556;1;5;0;neutral o insatisfecho
74387;M;25;SI;Negocios;Business;3243;5;4;0;satisfecho
109443;M;50;SI;Negocios;Business;1656;4;4;0;satisfecho
75892;F;55;SI;Negocios;Business;603;5;4;0;satisfecho
57652;F;37;NO;Negocios;Eco;200;4;4;77;neutral o insatisfecho
121659;F;59;SI;Negocios;Business;328;5;5;0;satisfecho
116891;F;58;SI;Negocios;Business;2512;4;3;2;satisfecho
75058;F;47;SI;Negocios;Business;1592;5;5;0;satisfecho
2417;M;38;SI;Vacaciones;Eco;641;1;3;0;neutral o insatisfecho
70918;F;22;NO;Negocios;Eco;612;5;3;14;neutral o insatisfecho
54926;M;28;SI;Negocios;Eco Plus;794;2;5;151;neutral o insatisfecho
106211;M;39;SI;Negocios;Business;471;5;3;25;satisfecho
40836;F;22;SI;Negocios;Business;1538;3;1;0;satisfecho
56024;F;36;SI;Negocios;Business;2586;3;3;0;neutral o insatisfecho
20419;M;49;NO;Negocios;Eco;299;2;1;9;neutral o insatisfecho
13218;M;34;SI;Negocios;Business;3836;3;1;188;neutral o insatisfecho
33758;M;71;SI;Negocios;Business;1816;4;4;0;neutral o insatisfecho
121711;F;62;SI;Vacaciones;Eco;683;4;2;0;neutral o insatisfecho
128606;M;57;SI;Negocios;Business;3456;5;4;0;satisfecho
52130;F;60;SI;Negocios;Business;370;5;4;16;satisfecho
25583;M;56;SI;Negocios;Business;696;4;3;0;neutral o insatisfecho
39742;F;37;SI;Vacaciones;Eco;162;5;3;22;neutral o insatisfecho
128854;M;49;SI;Vacaciones;Eco;2475;2;2;0;neutral o insatisfecho
99908;M;41;SI;Negocios;Business;1428;5;4;0;satisfecho
38334;M;24;SI;Negocios;Business;2716;5;5;25;satisfecho
55432;F;42;NO;Negocios;Eco;938;2;4;0;neutral o insatisfecho
122668;M;37;SI;Negocios;Business;3867;4;5;7;satisfecho
18215;F;28;SI;Negocios;Business;137;2;3;0;neutral o insatisfecho
106563;F;46;SI;Negocios;Business;3541;4;4;0;satisfecho
118303;F;26;SI;Negocios;Eco;602;1;2;3;neutral o insatisfecho
98536;F;62;SI;Vacaciones;Eco;668;4;3;2;neutral o insatisfecho
49498;M;39;SI;Negocios;Eco;89;2;4;6;satisfecho
44902;F;33;SI;Vacaciones;Eco;536;5;4;2;satisfecho
100701;F;35;SI;Vacaciones;Eco;677;5;1;0;neutral o insatisfecho
69202;F;50;SI;Negocios;Business;733;3;3;76;neutral o insatisfecho
121760;F;33;SI;Vacaciones;Business;337;5;3;0;neutral o insatisfecho
101576;F;58;SI;Negocios;Business;3383;5;5;57;satisfecho
72974;F;41;SI;Negocios;Business;944;4;3;17;neutral o insatisfecho
15413;F;38;SI;Negocios;Business;399;4;1;0;neutral o insatisfecho
6725;F;68;SI;Vacaciones;Eco Plus;403;4;2;0;neutral o insatisfecho
13703;F;36;SI;Vacaciones;Eco;483;5;3;0;neutral o insatisfecho
32498;F;44;SI;Negocios;Business;3211;2;4;0;neutral o insatisfecho
57796;F;24;NO;Negocios;Business;1235;2;4;0;satisfecho
28192;F;26;SI;Vacaciones;Eco;550;1;4;0;neutral o insatisfecho
72590;F;66;SI;Vacaciones;Eco;985;4;2;131;satisfecho
88894;M;53;SI;Negocios;Business;859;4;4;0;satisfecho
83550;M;57;SI;Negocios;Business;1865;2;2;0;neutral o insatisfecho
94642;F;19;SI;Negocios;Business;248;1;4;3;neutral o insatisfecho
64807;F;23;NO;Negocios;Business;224;3;3;9;satisfecho
128863;F;56;SI;Negocios;Business;2454;4;5;0;satisfecho
86041;M;34;SI;Vacaciones;Eco;432;2;3;0;neutral o insatisfecho
79502;F;48;SI;Negocios;Business;712;5;4;1;satisfecho
127228;M;58;SI;Negocios;Business;1460;4;5;0;satisfecho
107967;F;37;SI;Negocios;Business;825;4;3;8;satisfecho
74469;F;53;SI;Negocios;Business;2772;5;3;0;satisfecho
97935;F;49;SI;Negocios;Business;2788;4;3;0;neutral o insatisfecho
37419;M;45;SI;Negocios;Business;3356;4;5;0;satisfecho
44100;F;35;SI;Negocios;Eco;408;3;1;47;neutral o insatisfecho
53398;M;54;SI;Negocios;Business;2288;4;3;121;satisfecho
101601;F;55;SI;Negocios;Business;1139;5;5;15;satisfecho
122425;M;25;NO;Negocios;Eco;961;2;1;0;neutral o insatisfecho
36562;F;35;NO;Negocios;Eco;1010;5;4;0;neutral o insatisfecho
12692;M;56;SI;Negocios;Eco;689;5;5;0;satisfecho
75389;F;48;SI;Negocios;Business;2585;5;2;0;satisfecho
2839;M;40;SI;Negocios;Business;409;3;1;0;neutral o insatisfecho
125467;M;25;NO;Negocios;Eco;1417;2;3;0;neutral o insatisfecho
124363;M;56;SI;Negocios;Business;2803;4;5;0;satisfecho
110229;F;33;SI;Negocios;Business;2300;4;5;0;satisfecho
43037;M;42;SI;Negocios;Business;391;3;2;10;neutral o insatisfecho
13681;M;52;SI;Negocios;Business;954;2;4;9;satisfecho
54405;F;39;SI;Negocios;Business;305;3;1;0;neutral o insatisfecho
2267;M;59;SI;Negocios;Business;925;4;3;67;satisfecho
56883;M;53;SI;Negocios;Business;2454;5;5;1;satisfecho
115595;M;43;SI;Negocios;Business;2533;5;4;0;satisfecho
32546;M;62;SI;Negocios;Business;2276;2;5;0;satisfecho
123450;M;47;SI;Negocios;Business;2125;5;4;0;satisfecho
83912;F;42;SI;Negocios;Business;2543;4;2;0;neutral o insatisfecho
97688;F;66;NO;Negocios;Business;491;5;5;0;neutral o insatisfecho
10533;M;39;SI;Negocios;Business;429;4;4;0;satisfecho
126195;F;26;NO;Negocios;Eco;631;5;1;0;neutral o insatisfecho
90521;F;42;SI;Negocios;Business;406;5;5;3;satisfecho
82392;F;48;SI;Negocios;Business;1808;4;4;0;satisfecho
48345;F;33;NO;Negocios;Eco;587;3;4;0;neutral o insatisfecho
88778;F;32;SI;Negocios;Business;270;5;5;0;satisfecho
29816;F;38;SI;Negocios;Eco;31;4;4;0;satisfecho
48235;M;32;SI;Vacaciones;Eco;259;1;5;0;satisfecho
6797;M;36;SI;Negocios;Business;223;5;5;0;satisfecho
74743;M;46;SI;Vacaciones;Eco;1171;4;3;0;neutral o insatisfecho
40194;M;24;NO;Negocios;Eco;387;2;5;0;neutral o insatisfecho
15442;F;59;SI;Negocios;Eco;331;3;5;0;neutral o insatisfecho
107705;M;21;NO;Negocios;Eco;405;4;4;13;neutral o insatisfecho
5059;F;52;SI;Negocios;Business;3394;5;5;0;satisfecho
104813;M;69;SI;Vacaciones;Eco;587;3;3;48;neutral o insatisfecho
29989;F;22;SI;Negocios;Business;183;3;3;0;satisfecho
1099;M;52;SI;Vacaciones;Eco;134;4;4;0;neutral o insatisfecho
116023;M;45;SI;Vacaciones;Eco;337;4;5;0;neutral o insatisfecho
90269;F;30;SI;Negocios;Business;2610;4;4;0;satisfecho
43944;F;38;NO;Negocios;Business;473;3;2;0;neutral o insatisfecho
19099;M;35;SI;Negocios;Eco;287;5;2;0;satisfecho
53707;F;41;SI;Negocios;Eco;1190;3;1;0;satisfecho
88234;F;38;NO;Negocios;Eco;223;2;3;0;neutral o insatisfecho
16826;M;32;SI;Vacaciones;Eco;645;3;4;0;neutral o insatisfecho
69193;M;54;SI;Negocios;Business;3563;4;4;103;satisfecho
28843;M;43;SI;Negocios;Eco;954;3;4;0;satisfecho
127728;M;57;SI;Negocios;Business;255;5;5;66;satisfecho
38648;M;27;NO;Negocios;Eco;1460;4;5;0;neutral o insatisfecho
127190;F;30;NO;Negocios;Business;647;5;3;4;neutral o insatisfecho
40489;F;35;SI;Vacaciones;Eco;222;3;1;0;neutral o insatisfecho
35057;F;60;SI;Negocios;Business;1076;5;5;88;satisfecho
19043;M;32;SI;Negocios;Business;3990;4;2;30;satisfecho
8078;M;23;NO;Negocios;Business;530;5;3;0;satisfecho
107006;M;47;SI;Negocios;Business;937;5;4;1;satisfecho
103565;F;48;SI;Negocios;Business;2914;5;4;0;satisfecho
106335;M;48;SI;Vacaciones;Eco;825;1;4;0;neutral o insatisfecho
46468;F;19;NO;Negocios;Eco;125;5;4;29;neutral o insatisfecho
56110;M;67;SI;Vacaciones;Eco;2402;5;1;0;neutral o insatisfecho
22302;M;39;SI;Negocios;Business;238;4;3;0;satisfecho
83547;F;42;SI;Negocios;Business;3270;4;5;0;satisfecho
4922;M;63;SI;Vacaciones;Eco;1020;1;1;22;neutral o insatisfecho
112751;F;22;NO;Negocios;Eco;590;1;4;0;satisfecho
33527;F;32;SI;Negocios;Business;1850;5;2;0;satisfecho
72789;M;40;SI;Negocios;Eco;645;4;2;0;neutral o insatisfecho
42674;M;23;SI;Negocios;Business;2270;3;1;0;neutral o insatisfecho
45124;M;46;SI;Vacaciones;Eco;157;3;3;0;neutral o insatisfecho
114255;F;54;SI;Negocios;Eco;567;1;4;0;satisfecho
40174;M;43;SI;Negocios;Business;2934;5;4;0;satisfecho
23273;M;22;NO;Negocios;Eco;359;4;3;0;neutral o insatisfecho
78708;M;45;SI;Negocios;Business;2126;5;5;111;satisfecho
112123;F;31;NO;Negocios;Eco;977;2;1;55;neutral o insatisfecho
69029;F;54;SI;Negocios;Business;1389;4;5;0;satisfecho
50266;F;36;SI;Negocios;Business;2615;4;4;0;neutral o insatisfecho
106014;F;42;SI;Negocios;Business;1999;4;5;7;satisfecho
109228;F;57;SI;Vacaciones;Eco;684;5;4;41;neutral o insatisfecho
31333;M;24;SI;Negocios;Eco;1062;2;2;87;satisfecho
82983;M;53;SI;Negocios;Business;1127;4;3;0;satisfecho
86096;F;59;SI;Negocios;Business;3611;4;4;0;satisfecho
14045;F;36;SI;Negocios;Business;3270;3;2;44;neutral o insatisfecho
92784;M;62;SI;Vacaciones;Eco;1671;3;3;12;neutral o insatisfecho
27093;M;24;SI;Negocios;Business;1721;5;3;0;satisfecho
55683;F;72;SI;Negocios;Business;3408;4;5;6;satisfecho
38359;F;30;SI;Negocios;Business;1616;4;3;0;satisfecho
45783;M;29;SI;Negocios;Business;2805;4;4;0;satisfecho
9895;M;38;NO;Negocios;Business;515;4;4;0;neutral o insatisfecho
18512;M;61;SI;Negocios;Business;383;3;2;7;neutral o insatisfecho
104641;F;43;SI;Negocios;Business;1754;4;3;0;satisfecho
67557;F;40;SI;Negocios;Business;3444;5;4;32;satisfecho
122665;F;49;SI;Negocios;Business;361;3;2;6;neutral o insatisfecho
14685;M;45;SI;Negocios;Business;479;1;5;37;satisfecho
82579;F;31;SI;Negocios;Business;528;2;3;0;neutral o insatisfecho
84952;M;43;SI;Negocios;Business;2214;4;2;0;satisfecho
25684;M;48;SI;Negocios;Business;528;5;2;6;satisfecho
58588;F;32;NO;Negocios;Business;334;1;4;23;neutral o insatisfecho
81562;M;43;SI;Negocios;Business;936;4;1;18;neutral o insatisfecho
93132;F;43;SI;Negocios;Business;1993;5;5;1;satisfecho
88484;M;21;NO;Negocios;Eco;115;2;2;0;neutral o insatisfecho
98297;F;56;SI;Vacaciones;Eco;1188;4;5;0;neutral o insatisfecho
92955;F;47;SI;Negocios;Eco Plus;134;3;3;13;neutral o insatisfecho
14156;M;37;SI;Negocios;Business;620;4;4;0;satisfecho
70978;M;20;SI;Negocios;Business;2777;4;4;0;satisfecho
89947;F;34;SI;Vacaciones;Eco;1416;4;3;0;neutral o insatisfecho
93387;F;19;SI;Negocios;Business;3791;5;5;10;satisfecho
129652;M;50;SI;Negocios;Business;1967;4;5;0;satisfecho
25274;M;38;SI;Negocios;Business;3387;4;2;0;neutral o insatisfecho
87027;F;63;SI;Vacaciones;Business;645;5;1;4;neutral o insatisfecho
73580;M;51;SI;Negocios;Business;3319;5;5;0;satisfecho
96231;F;26;SI;Negocios;Eco;546;1;2;17;neutral o insatisfecho
47437;M;41;SI;Negocios;Eco;588;5;3;4;satisfecho
100375;M;36;SI;Vacaciones;Eco;971;3;5;0;neutral o insatisfecho
84437;M;29;SI;Negocios;Business;2500;5;3;4;satisfecho
85759;M;40;SI;Negocios;Business;2548;5;3;79;satisfecho
82275;F;39;SI;Negocios;Eco;1481;2;2;3;neutral o insatisfecho
15618;M;45;SI;Vacaciones;Eco;228;2;3;0;neutral o insatisfecho
46832;F;52;NO;Negocios;Eco;776;1;5;3;neutral o insatisfecho
89524;M;64;SI;Vacaciones;Business;950;5;1;3;satisfecho
28016;M;60;SI;Negocios;Eco;763;2;3;0;neutral o insatisfecho
21118;F;21;SI;Vacaciones;Eco;106;4;3;0;satisfecho
87846;M;61;SI;Vacaciones;Eco;214;4;5;0;neutral o insatisfecho
86775;F;44;SI;Negocios;Business;484;3;2;0;neutral o insatisfecho
5957;M;41;SI;Negocios;Business;2937;3;4;42;neutral o insatisfecho
60468;M;33;SI;Negocios;Business;862;2;3;3;satisfecho
120049;M;22;NO;Negocios;Business;356;5;5;0;satisfecho
95676;F;52;SI;Negocios;Business;237;5;5;41;satisfecho
80205;M;43;SI;Negocios;Eco Plus;2586;1;2;7;neutral o insatisfecho
4712;M;66;SI;Negocios;Eco Plus;364;5;4;0;satisfecho
116809;M;37;SI;Negocios;Eco Plus;417;2;3;7;neutral o insatisfecho
116518;F;38;SI;Vacaciones;Eco;371;5;4;0;satisfecho
89380;F;59;SI;Negocios;Business;151;5;5;0;satisfecho
69839;M;65;SI;Negocios;Business;655;3;4;0;satisfecho
95110;F;47;SI;Vacaciones;Eco;239;4;5;0;neutral o insatisfecho
15851;F;29;SI;Negocios;Business;783;5;4;0;satisfecho
9282;M;45;SI;Negocios;Eco;1201;1;4;0;neutral o insatisfecho
12195;M;51;SI;Vacaciones;Eco Plus;1075;4;3;17;neutral o insatisfecho
32006;M;33;SI;Vacaciones;Business;101;5;3;0;neutral o insatisfecho
103539;M;52;SI;Negocios;Business;2439;4;5;0;satisfecho
77043;M;47;SI;Negocios;Business;3829;5;3;0;satisfecho
60158;M;46;SI;Vacaciones;Eco;1182;1;4;2;neutral o insatisfecho
19796;M;48;SI;Vacaciones;Eco;667;5;4;0;neutral o insatisfecho
98715;M;33;SI;Negocios;Eco Plus;834;2;3;0;neutral o insatisfecho
16341;M;33;SI;Negocios;Eco Plus;628;5;4;0;satisfecho
72388;M;42;SI;Negocios;Business;985;4;3;11;satisfecho
94233;M;37;NO;Negocios;Business;189;2;4;16;neutral o insatisfecho
10974;F;42;NO;Negocios;Eco;224;2;1;2;neutral o insatisfecho
122670;F;44;SI;Negocios;Business;361;5;4;22;satisfecho
94369;F;39;SI;Negocios;Business;3609;5;5;0;satisfecho
26521;M;40;SI;Negocios;Business;3151;1;4;33;satisfecho
62156;F;45;SI;Negocios;Business;2565;5;5;11;satisfecho
47272;M;35;NO;Negocios;Eco;588;4;5;0;neutral o insatisfecho
121852;F;41;SI;Negocios;Eco;449;1;1;16;neutral o insatisfecho
41564;M;21;NO;Negocios;Eco;811;4;4;30;neutral o insatisfecho
86546;M;44;SI;Negocios;Business;1578;5;5;57;satisfecho
5560;M;50;SI;Negocios;Business;2203;4;5;0;satisfecho
114568;F;65;SI;Vacaciones;Business;362;4;5;20;neutral o insatisfecho
81186;M;54;NO;Negocios;Eco;580;3;4;0;neutral o insatisfecho
23244;M;56;SI;Negocios;Business;3831;1;3;6;neutral o insatisfecho
22535;M;66;SI;Vacaciones;Eco Plus;143;1;5;71;neutral o insatisfecho
37778;M;45;SI;Negocios;Eco Plus;1035;5;2;197;satisfecho
15838;M;48;NO;Negocios;Business;1107;2;2;255;neutral o insatisfecho
40054;M;62;SI;Vacaciones;Eco;926;1;4;48;neutral o insatisfecho
34414;F;22;SI;Vacaciones;Eco;612;2;3;0;neutral o insatisfecho
22426;M;38;SI;Vacaciones;Eco;238;5;3;0;neutral o insatisfecho
78330;F;58;SI;Negocios;Business;1547;4;4;0;satisfecho
110774;M;56;SI;Negocios;Business;1166;4;4;5;satisfecho
3142;M;41;SI;Negocios;Eco;140;4;1;0;neutral o insatisfecho
23519;M;32;SI;Vacaciones;Eco;349;2;4;3;neutral o insatisfecho
48070;M;51;SI;Negocios;Business;259;4;1;11;neutral o insatisfecho
113430;F;45;SI;Negocios;Business;3631;5;4;10;satisfecho
82737;F;47;SI;Negocios;Business;2007;4;5;0;satisfecho
23682;F;41;SI;Negocios;Eco;251;5;3;23;satisfecho
125249;M;23;SI;Negocios;Eco;427;3;3;0;neutral o insatisfecho
47755;M;49;SI;Negocios;Business;3945;5;4;157;satisfecho
37300;F;58;SI;Negocios;Eco;944;2;4;23;satisfecho
102747;M;34;SI;Negocios;Business;255;5;5;0;satisfecho
95046;M;65;SI;Vacaciones;Eco;239;4;5;0;neutral o insatisfecho
11855;F;29;SI;Negocios;Business;2278;5;4;0;satisfecho
71503;F;54;SI;Negocios;Business;3270;5;5;0;satisfecho
62167;F;59;SI;Negocios;Business;2454;3;3;22;neutral o insatisfecho
22770;F;30;NO;Negocios;Eco;170;2;1;0;satisfecho
63402;F;29;SI;Vacaciones;Eco;447;4;1;0;neutral o insatisfecho
108826;M;49;SI;Negocios;Business;2201;4;4;11;satisfecho
28741;M;34;SI;Negocios;Business;1024;5;4;0;satisfecho
14201;M;27;SI;Negocios;Eco;620;1;2;0;satisfecho
5124;F;55;SI;Negocios;Business;3048;4;5;0;satisfecho
114990;F;24;NO;Negocios;Eco;296;2;4;0;satisfecho
94076;M;23;SI;Negocios;Business;562;3;3;0;neutral o insatisfecho
95585;F;25;NO;Negocios;Eco;822;5;2;0;neutral o insatisfecho
38034;M;49;SI;Negocios;Business;3213;2;4;81;satisfecho
115926;F;37;SI;Negocios;Business;3095;4;4;53;neutral o insatisfecho
97405;M;59;SI;Negocios;Business;570;4;2;29;satisfecho
123957;F;40;SI;Vacaciones;Eco Plus;544;2;3;0;neutral o insatisfecho
92003;F;54;SI;Negocios;Business;1535;4;4;0;satisfecho
120495;M;42;SI;Negocios;Business;3976;4;3;15;satisfecho
100901;F;21;NO;Negocios;Eco;377;5;5;34;neutral o insatisfecho
5084;F;25;NO;Negocios;Eco;137;5;4;0;neutral o insatisfecho
79815;M;43;SI;Negocios;Business;1076;5;4;0;satisfecho
116946;M;48;SI;Negocios;Business;1618;5;4;14;satisfecho
106724;F;39;SI;Negocios;Business;3654;5;4;23;satisfecho
64420;F;42;SI;Vacaciones;Business;989;4;3;0;neutral o insatisfecho
129519;F;26;NO;Negocios;Business;2583;2;1;0;neutral o insatisfecho
94910;M;61;SI;Negocios;Business;277;1;5;0;satisfecho
119542;F;44;SI;Vacaciones;Eco;899;5;4;1;neutral o insatisfecho
92143;M;52;SI;Negocios;Eco Plus;1532;2;3;0;neutral o insatisfecho
18091;M;44;SI;Negocios;Eco Plus;488;2;4;0;satisfecho
29468;F;22;NO;Negocios;Business;1216;5;4;0;satisfecho
85480;F;51;SI;Vacaciones;Eco;227;5;4;37;satisfecho
106021;F;46;SI;Negocios;Business;682;5;5;3;satisfecho
71835;M;25;SI;Negocios;Business;1744;3;1;39;neutral o insatisfecho
59378;F;72;NO;Negocios;Eco;899;5;2;45;neutral o insatisfecho
99354;F;59;SI;Vacaciones;Eco;1771;3;4;9;neutral o insatisfecho
125750;F;28;SI;Vacaciones;Business;993;2;2;0;neutral o insatisfecho
75632;M;69;SI;Vacaciones;Eco Plus;337;1;5;0;neutral o insatisfecho
84621;F;79;NO;Negocios;Eco;269;3;2;0;neutral o insatisfecho
53532;F;49;SI;Negocios;Eco Plus;2419;1;4;0;satisfecho
364;F;33;NO;Negocios;Business;113;5;4;0;neutral o insatisfecho
126780;F;50;SI;Negocios;Business;2125;4;3;16;neutral o insatisfecho
24837;F;60;SI;Vacaciones;Eco;861;5;5;101;neutral o insatisfecho
40030;M;30;SI;Vacaciones;Eco;618;4;4;0;neutral o insatisfecho
114594;M;40;SI;Negocios;Business;447;4;4;1;satisfecho
113809;F;57;SI;Negocios;Eco Plus;397;4;3;0;neutral o insatisfecho
16281;F;62;SI;Vacaciones;Eco;946;3;3;0;neutral o insatisfecho
53152;M;61;SI;Negocios;Eco;955;4;3;0;satisfecho
23747;M;30;SI;Negocios;Business;3658;4;4;57;satisfecho
22788;F;59;NO;Negocios;Eco;170;5;1;63;neutral o insatisfecho
30268;F;24;NO;Negocios;Eco;1024;5;1;0;neutral o insatisfecho
21677;M;38;SI;Negocios;Business;746;3;5;22;satisfecho
68551;M;27;SI;Vacaciones;Eco Plus;1013;3;3;0;neutral o insatisfecho
66008;M;52;SI;Negocios;Business;1055;4;3;43;satisfecho
5234;F;39;SI;Negocios;Business;295;5;4;0;satisfecho
62661;F;64;SI;Negocios;Eco Plus;1744;4;1;0;neutral o insatisfecho
122165;M;55;SI;Negocios;Business;544;5;5;42;satisfecho
2767;F;36;NO;Negocios;Business;764;2;5;0;neutral o insatisfecho
90093;F;62;NO;Negocios;Eco;983;3;3;5;neutral o insatisfecho
13604;F;29;NO;Negocios;Eco Plus;214;5;1;0;neutral o insatisfecho
2983;M;46;SI;Vacaciones;Eco;462;3;3;0;neutral o insatisfecho
107801;F;40;NO;Negocios;Business;349;5;5;15;neutral o insatisfecho
67045;F;35;SI;Negocios;Business;1121;4;5;0;satisfecho
107521;F;56;SI;Vacaciones;Eco;838;5;2;30;neutral o insatisfecho
38683;M;22;SI;Negocios;Eco Plus;2611;5;5;0;satisfecho
17054;M;37;SI;Negocios;Business;3346;2;5;0;satisfecho
94531;F;38;SI;Negocios;Eco;323;3;1;27;neutral o insatisfecho
66998;M;60;SI;Negocios;Business;1119;4;4;0;satisfecho
43980;M;53;SI;Negocios;Eco;411;4;2;0;satisfecho
8032;M;22;NO;Negocios;Business;530;5;3;0;satisfecho
93814;F;49;SI;Negocios;Business;391;5;4;62;satisfecho
75315;F;36;SI;Negocios;Business;2556;3;5;0;satisfecho
35270;F;45;SI;Negocios;Eco;1005;3;2;57;neutral o insatisfecho
111351;M;36;NO;Negocios;Business;777;1;5;1;neutral o insatisfecho
21080;F;63;NO;Negocios;Eco;106;4;2;0;neutral o insatisfecho
101571;F;70;SI;Vacaciones;Eco Plus;345;4;5;0;neutral o insatisfecho
124637;F;25;NO;Negocios;Eco Plus;1671;3;4;0;neutral o insatisfecho
73511;F;43;SI;Negocios;Eco Plus;1197;3;3;0;neutral o insatisfecho
90504;M;30;SI;Negocios;Business;2667;4;5;11;satisfecho
26226;F;22;SI;Vacaciones;Eco;515;2;5;14;satisfecho
103986;F;20;SI;Negocios;Business;1363;4;4;44;satisfecho
7072;F;39;SI;Negocios;Business;157;4;4;0;satisfecho
31600;M;34;SI;Vacaciones;Eco;602;5;4;130;neutral o insatisfecho
62664;F;46;SI;Negocios;Business;1744;4;3;43;satisfecho
108791;F;28;SI;Negocios;Business;1887;5;3;0;satisfecho
50515;F;18;SI;Vacaciones;Eco;250;2;3;0;neutral o insatisfecho
123698;M;34;SI;Vacaciones;Eco;214;4;1;0;neutral o insatisfecho
29946;M;22;NO;Negocios;Eco;571;1;2;35;neutral o insatisfecho
18925;M;58;SI;Vacaciones;Eco;503;5;5;3;neutral o insatisfecho
123011;F;52;SI;Negocios;Business;650;5;4;64;satisfecho
126589;F;59;SI;Negocios;Business;1337;4;3;0;satisfecho
97261;F;53;SI;Vacaciones;Eco;296;3;2;0;satisfecho
49702;M;40;SI;Negocios;Eco;363;4;1;0;neutral o insatisfecho
24618;F;35;NO;Negocios;Eco;666;3;2;0;neutral o insatisfecho
21324;F;45;SI;Negocios;Business;3067;4;4;0;satisfecho
86672;F;41;SI;Vacaciones;Eco Plus;746;3;3;4;neutral o insatisfecho
105290;M;25;NO;Negocios;Business;738;1;5;86;neutral o insatisfecho
129185;F;45;SI;Negocios;Business;2288;4;5;0;satisfecho
1006;M;57;SI;Negocios;Business;2116;2;5;0;satisfecho
26440;M;24;NO;Negocios;Eco;925;3;1;0;satisfecho
4232;M;35;NO;Negocios;Business;1020;5;5;1;neutral o insatisfecho
5796;F;43;SI;Negocios;Business;1726;4;4;1;satisfecho
54866;M;39;SI;Negocios;Business;862;3;3;6;neutral o insatisfecho
81187;M;61;SI;Negocios;Business;3121;4;5;0;satisfecho
16264;M;21;SI;Negocios;Business;946;3;3;0;neutral o insatisfecho
110091;M;21;NO;Negocios;Business;882;1;3;1;satisfecho
21943;M;68;SI;Negocios;Business;1831;2;4;0;satisfecho
58519;M;49;SI;Vacaciones;Eco;719;1;3;4;neutral o insatisfecho
89903;M;42;SI;Negocios;Business;3550;4;3;20;satisfecho
9040;M;41;SI;Negocios;Business;3382;3;2;43;neutral o insatisfecho
34929;F;68;SI;Vacaciones;Eco;187;3;4;0;neutral o insatisfecho
26950;F;27;SI;Negocios;Eco Plus;2402;5;2;0;satisfecho
37465;F;39;SI;Negocios;Business;1076;2;4;0;satisfecho
8250;M;39;SI;Vacaciones;Eco;125;5;4;0;neutral o insatisfecho
69679;M;34;SI;Vacaciones;Eco;569;5;3;0;neutral o insatisfecho
680;M;46;SI;Negocios;Business;3259;5;4;46;satisfecho
76622;M;49;SI;Negocios;Business;2735;2;1;0;satisfecho
4450;F;22;NO;Negocios;Eco;762;2;4;0;satisfecho
80119;M;26;NO;Negocios;Business;2475;2;3;8;neutral o insatisfecho
57085;M;52;SI;Vacaciones;Business;1222;3;4;0;neutral o insatisfecho
22004;M;58;SI;Vacaciones;Eco;448;3;3;146;neutral o insatisfecho
63333;F;23;NO;Negocios;Eco;372;1;3;0;neutral o insatisfecho
111879;M;37;SI;Negocios;Business;3022;4;3;0;satisfecho
79184;M;42;SI;Vacaciones;Eco;2422;4;4;0;neutral o insatisfecho
125650;F;60;SI;Negocios;Business;814;4;5;4;satisfecho
50187;M;47;SI;Negocios;Business;3572;5;4;0;satisfecho
18624;F;64;SI;Vacaciones;Eco;285;5;4;0;neutral o insatisfecho
23396;M;43;NO;Negocios;Eco;300;2;2;0;neutral o insatisfecho
77654;M;35;SI;Negocios;Eco;813;4;4;0;neutral o insatisfecho
111156;F;29;SI;Vacaciones;Eco;1050;4;4;2;satisfecho
22866;M;49;SI;Vacaciones;Eco;147;5;5;14;neutral o insatisfecho
110312;M;49;SI;Negocios;Business;842;5;4;56;satisfecho
3380;F;18;SI;Negocios;Business;296;1;4;0;neutral o insatisfecho
57977;M;18;SI;Vacaciones;Eco;420;5;4;0;neutral o insatisfecho
88699;M;48;SI;Vacaciones;Eco;240;4;1;0;neutral o insatisfecho
93245;M;48;SI;Negocios;Business;689;3;3;53;neutral o insatisfecho
105093;F;53;SI;Negocios;Business;1770;5;2;3;satisfecho
69016;F;43;SI;Negocios;Business;1389;4;5;0;satisfecho
98419;F;28;SI;Negocios;Business;1910;3;5;109;satisfecho
70382;M;44;SI;Vacaciones;Business;1562;4;2;4;neutral o insatisfecho
126247;M;38;SI;Negocios;Business;3890;4;4;0;satisfecho
74723;F;61;SI;Vacaciones;Eco;1438;5;4;0;neutral o insatisfecho
55182;F;43;SI;Negocios;Business;1635;5;5;5;satisfecho
119667;F;62;SI;Vacaciones;Eco;507;4;3;9;neutral o insatisfecho
101029;M;57;SI;Vacaciones;Eco;867;3;3;78;neutral o insatisfecho
27303;M;46;SI;Negocios;Business;956;3;3;0;satisfecho
48922;M;38;SI;Negocios;Business;86;4;5;0;satisfecho
120802;M;51;SI;Negocios;Business;2357;2;2;139;satisfecho
76184;M;34;NO;Negocios;Business;2422;5;5;0;neutral o insatisfecho
68452;M;43;NO;Negocios;Business;1067;3;4;0;satisfecho
126284;M;64;SI;Vacaciones;Eco;507;1;4;153;neutral o insatisfecho
23299;F;35;SI;Negocios;Eco;927;4;3;0;satisfecho
49749;M;35;SI;Negocios;Business;3715;3;4;163;neutral o insatisfecho
125491;F;28;SI;Vacaciones;Eco Plus;2845;1;4;0;neutral o insatisfecho
51543;M;58;SI;Negocios;Eco;455;3;5;0;satisfecho
21625;F;35;SI;Negocios;Business;3272;3;3;0;neutral o insatisfecho
45511;M;19;SI;Vacaciones;Eco;774;1;3;0;satisfecho
6229;M;60;SI;Negocios;Eco;594;2;4;36;neutral o insatisfecho
109302;M;27;SI;Negocios;Business;1136;5;3;0;satisfecho
21737;M;53;SI;Negocios;Eco;563;2;5;0;satisfecho
72464;M;50;SI;Negocios;Business;2034;4;4;0;satisfecho
91679;M;57;SI;Negocios;Business;3653;5;2;124;satisfecho
107939;M;70;SI;Vacaciones;Eco;611;1;1;3;neutral o insatisfecho
56681;M;38;SI;Vacaciones;Eco;1068;2;5;1;neutral o insatisfecho
39283;M;46;SI;Negocios;Business;1650;3;3;21;neutral o insatisfecho
75600;M;27;SI;Vacaciones;Eco;337;1;4;7;neutral o insatisfecho
13839;F;31;SI;Vacaciones;Eco;628;4;4;8;neutral o insatisfecho
129215;F;54;SI;Negocios;Business;2414;4;5;0;satisfecho
100705;M;45;SI;Negocios;Business;2610;4;1;0;satisfecho
91976;M;53;SI;Negocios;Business;2475;4;3;4;satisfecho
67600;F;51;SI;Negocios;Business;2548;4;4;62;satisfecho
62280;M;53;SI;Negocios;Business;1624;5;5;55;satisfecho
20737;M;34;SI;Negocios;Eco;363;5;1;64;satisfecho
28313;F;21;SI;Negocios;Business;867;4;4;0;neutral o insatisfecho
73244;M;36;SI;Negocios;Business;3615;5;4;0;satisfecho
108111;M;31;SI;Negocios;Business;1105;4;3;0;satisfecho
3481;F;47;SI;Negocios;Business;3880;5;5;9;satisfecho
36958;F;39;SI;Negocios;Business;2058;3;4;0;satisfecho
81636;F;60;SI;Negocios;Business;907;3;2;9;neutral o insatisfecho
51427;M;67;SI;Vacaciones;Eco Plus;134;1;4;0;neutral o insatisfecho
16167;F;55;SI;Negocios;Business;3071;3;2;0;neutral o insatisfecho
122304;F;22;SI;Vacaciones;Eco;573;4;4;0;neutral o insatisfecho
47090;M;70;SI;Vacaciones;Eco;602;2;5;82;neutral o insatisfecho
56487;F;59;SI;Negocios;Business;3771;5;5;6;satisfecho
129589;F;75;SI;Negocios;Business;308;5;3;0;satisfecho
31565;M;20;NO;Negocios;Eco;853;5;3;8;neutral o insatisfecho
92886;F;43;NO;Negocios;Eco;134;1;4;7;neutral o insatisfecho
38540;M;40;NO;Negocios;Eco;2586;1;4;1;neutral o insatisfecho
58914;F;51;SI;Vacaciones;Eco;888;3;3;0;neutral o insatisfecho
101124;F;41;SI;Negocios;Business;1069;4;5;6;satisfecho
46742;F;47;SI;Vacaciones;Eco;73;2;5;64;neutral o insatisfecho
12022;F;55;SI;Negocios;Eco;376;2;2;0;neutral o insatisfecho
13543;F;41;SI;Negocios;Business;1993;3;3;0;neutral o insatisfecho
115153;F;49;SI;Negocios;Business;3507;5;5;1;satisfecho
75374;F;59;SI;Vacaciones;Business;2218;3;1;2;neutral o insatisfecho
127890;M;60;SI;Negocios;Business;1671;4;5;0;satisfecho
32436;M;40;NO;Negocios;Eco;101;3;1;0;neutral o insatisfecho
63130;F;47;SI;Negocios;Business;2994;3;4;13;neutral o insatisfecho
109311;F;24;NO;Negocios;Eco;1072;3;3;105;neutral o insatisfecho
73882;F;35;SI;Negocios;Business;2342;5;1;0;satisfecho
20785;M;49;SI;Negocios;Business;534;2;4;3;satisfecho
115826;M;22;NO;Negocios;Eco;417;1;3;36;neutral o insatisfecho
12582;M;60;SI;Negocios;Business;1723;4;5;0;satisfecho
28612;M;38;SI;Negocios;Business;2409;3;4;0;satisfecho
91714;M;49;SI;Negocios;Business;590;5;2;46;satisfecho
122684;M;53;SI;Negocios;Business;3057;5;5;0;satisfecho
92447;M;41;SI;Negocios;Eco;1892;2;3;0;neutral o insatisfecho
41600;F;41;SI;Vacaciones;Eco;1504;5;1;0;neutral o insatisfecho
46127;F;45;SI;Negocios;Business;604;3;4;0;satisfecho
38155;M;59;SI;Vacaciones;Eco;1211;4;4;0;neutral o insatisfecho
14477;F;59;SI;Negocios;Business;541;5;4;0;satisfecho
96160;F;32;SI;Negocios;Business;3147;4;5;7;satisfecho
93740;F;21;NO;Negocios;Eco;368;2;4;251;neutral o insatisfecho
45981;M;34;NO;Negocios;Eco;483;3;4;0;neutral o insatisfecho
14671;M;55;SI;Negocios;Business;3584;1;2;0;neutral o insatisfecho
38144;F;61;SI;Vacaciones;Eco;1249;4;3;9;neutral o insatisfecho
94974;M;38;SI;Negocios;Business;1624;3;3;7;neutral o insatisfecho
48209;F;56;SI;Negocios;Eco;236;3;2;0;neutral o insatisfecho
23150;F;48;SI;Negocios;Eco;223;2;4;0;satisfecho
84532;F;21;SI;Negocios;Business;2486;3;5;0;satisfecho
73498;M;39;SI;Negocios;Business;3661;4;4;6;satisfecho
55879;M;29;NO;Negocios;Business;733;4;3;24;satisfecho
32707;F;43;SI;Negocios;Business;2115;4;5;0;satisfecho
105;F;55;SI;Negocios;Business;2639;5;5;0;satisfecho
52218;F;37;SI;Negocios;Eco;493;5;3;0;satisfecho
87063;F;53;SI;Negocios;Business;594;4;4;88;satisfecho
102258;F;23;NO;Negocios;Eco;226;5;3;0;neutral o insatisfecho
57866;M;44;SI;Vacaciones;Eco;955;2;4;0;neutral o insatisfecho
3985;M;50;SI;Negocios;Business;479;5;5;0;satisfecho
75423;F;36;SI;Negocios;Business;2330;2;2;2;neutral o insatisfecho
25621;F;50;NO;Negocios;Eco;526;5;4;1;neutral o insatisfecho
29978;F;20;NO;Negocios;Eco;261;2;1;0;neutral o insatisfecho
79177;F;58;SI;Negocios;Business;2422;5;3;0;satisfecho
75698;M;38;SI;Negocios;Business;868;4;4;0;neutral o insatisfecho
30801;F;25;NO;Negocios;Eco Plus;701;2;1;0;satisfecho
68514;M;20;SI;Vacaciones;Eco Plus;1067;3;3;0;neutral o insatisfecho
81137;F;57;SI;Negocios;Business;3114;4;5;2;satisfecho
17112;M;25;SI;Vacaciones;Eco;466;2;5;0;satisfecho
20505;M;38;SI;Vacaciones;Eco;139;3;5;0;neutral o insatisfecho
25383;F;25;SI;Vacaciones;Eco;591;2;5;19;neutral o insatisfecho
50601;M;43;SI;Vacaciones;Eco;304;1;3;0;neutral o insatisfecho
123382;M;35;SI;Vacaciones;Eco Plus;644;1;5;0;neutral o insatisfecho
88023;M;27;NO;Negocios;Business;404;3;4;62;satisfecho
76192;M;47;SI;Negocios;Business;2422;4;5;0;satisfecho
94224;F;45;SI;Negocios;Business;2422;4;5;14;satisfecho
61694;M;37;NO;Negocios;Business;1608;4;3;0;neutral o insatisfecho
112125;F;45;SI;Negocios;Business;2565;3;4;86;neutral o insatisfecho
124684;F;33;NO;Negocios;Eco;399;4;1;0;neutral o insatisfecho
71179;M;57;SI;Negocios;Business;1722;4;5;18;satisfecho
102022;F;46;SI;Negocios;Business;236;4;4;33;satisfecho
2456;F;48;SI;Negocios;Business;722;5;2;0;satisfecho
52274;F;43;SI;Negocios;Eco;370;3;3;10;neutral o insatisfecho
27989;M;50;SI;Negocios;Business;1616;4;3;0;satisfecho
93635;F;50;SI;Vacaciones;Eco;577;4;2;0;neutral o insatisfecho
104091;F;37;SI;Negocios;Business;2242;3;3;1;neutral o insatisfecho
29511;M;42;SI;Negocios;Eco Plus;1216;4;2;0;satisfecho
19507;M;29;NO;Negocios;Eco;508;3;4;213;neutral o insatisfecho
20572;F;44;SI;Negocios;Eco;165;5;4;6;satisfecho
30857;M;68;SI;Vacaciones;Business;1546;5;2;0;neutral o insatisfecho
51851;F;30;NO;Negocios;Eco Plus;651;4;2;33;neutral o insatisfecho
97351;F;38;SI;Negocios;Business;2831;4;4;3;satisfecho
119877;F;44;SI;Vacaciones;Eco;936;5;3;0;neutral o insatisfecho
28521;F;35;SI;Negocios;Business;2677;3;5;0;satisfecho
16242;F;32;NO;Negocios;Eco;748;2;5;0;neutral o insatisfecho
29528;M;34;SI;Vacaciones;Eco;1009;3;1;0;neutral o insatisfecho
104421;M;41;NO;Negocios;Business;1147;4;5;7;satisfecho
107548;F;50;SI;Negocios;Business;1521;3;2;17;neutral o insatisfecho
30004;F;32;SI;Negocios;Business;3212;1;1;0;neutral o insatisfecho
67023;F;56;SI;Negocios;Business;2148;5;3;0;satisfecho
24454;M;37;SI;Negocios;Business;2974;1;4;0;satisfecho
69196;F;35;SI;Vacaciones;Eco Plus;187;3;5;0;neutral o insatisfecho
12279;M;21;NO;Negocios;Eco;253;5;3;0;neutral o insatisfecho
46333;F;22;SI;Negocios;Business;692;5;3;0;satisfecho
27975;F;30;SI;Negocios;Business;2378;5;2;0;satisfecho
66737;M;43;SI;Vacaciones;Eco;802;4;4;0;satisfecho
66937;F;41;SI;Negocios;Business;929;5;4;0;satisfecho
109011;F;56;SI;Negocios;Business;781;4;4;12;satisfecho
64051;M;47;SI;Negocios;Business;1651;4;5;0;satisfecho
82844;M;37;SI;Negocios;Business;3033;4;5;0;satisfecho
36806;F;58;SI;Vacaciones;Eco Plus;2611;3;5;0;neutral o insatisfecho
72306;M;31;SI;Vacaciones;Eco;919;5;2;0;neutral o insatisfecho
46868;M;42;NO;Negocios;Eco;737;5;3;77;satisfecho
126246;M;61;SI;Negocios;Eco;200;4;2;0;satisfecho
56331;M;56;SI;Negocios;Business;2907;5;5;0;satisfecho
92916;F;74;SI;Negocios;Eco;151;4;5;15;neutral o insatisfecho
124399;M;60;SI;Vacaciones;Eco Plus;808;4;1;3;neutral o insatisfecho
93779;F;24;NO;Negocios;Eco;1249;2;1;0;neutral o insatisfecho
111694;F;43;SI;Negocios;Business;495;4;3;11;satisfecho
86552;M;57;SI;Negocios;Business;3107;4;4;5;satisfecho
75359;F;46;SI;Negocios;Business;2504;5;2;0;satisfecho
20420;F;62;SI;Negocios;Eco;299;4;3;6;neutral o insatisfecho
93892;M;18;NO;Negocios;Eco;590;1;3;40;neutral o insatisfecho
20485;F;42;SI;Negocios;Eco;139;5;3;55;satisfecho
14078;F;42;SI;Negocios;Eco;425;3;4;3;neutral o insatisfecho
95788;M;28;SI;Vacaciones;Eco;181;4;5;16;neutral o insatisfecho
35017;F;27;SI;Negocios;Business;2559;3;4;0;neutral o insatisfecho
79888;M;47;SI;Negocios;Eco;1089;2;2;8;neutral o insatisfecho
44641;F;29;NO;Negocios;Eco;67;5;4;76;satisfecho
2144;F;18;SI;Vacaciones;Eco Plus;431;4;3;0;neutral o insatisfecho
38065;M;48;SI;Negocios;Business;3783;4;2;0;neutral o insatisfecho
93638;F;19;SI;Vacaciones;Eco;577;2;4;4;neutral o insatisfecho
95176;F;59;SI;Vacaciones;Eco;248;4;2;16;neutral o insatisfecho
116909;M;44;SI;Negocios;Business;338;5;5;0;satisfecho
126222;F;51;SI;Negocios;Eco;650;4;4;0;neutral o insatisfecho
96080;M;68;SI;Vacaciones;Eco;795;3;5;15;neutral o insatisfecho
47423;M;68;SI;Negocios;Business;1678;5;4;0;satisfecho
3561;F;41;SI;Negocios;Eco;227;1;4;132;neutral o insatisfecho
7090;M;20;NO;Negocios;Eco;273;5;2;2;neutral o insatisfecho
37163;M;62;SI;Vacaciones;Eco;1046;1;5;14;neutral o insatisfecho
85798;M;46;SI;Negocios;Business;1792;1;5;6;satisfecho
85508;M;43;SI;Vacaciones;Eco;332;4;3;30;neutral o insatisfecho
119010;F;27;SI;Vacaciones;Eco;459;4;5;6;neutral o insatisfecho
127083;M;54;SI;Negocios;Eco;651;3;3;2;neutral o insatisfecho
33079;M;49;SI;Vacaciones;Eco;163;5;5;0;satisfecho
80228;F;49;SI;Vacaciones;Eco;2153;5;2;2;neutral o insatisfecho
27725;M;53;SI;Negocios;Business;1448;4;3;2;satisfecho
11061;F;48;SI;Vacaciones;Eco;312;4;2;0;neutral o insatisfecho
47412;F;24;NO;Negocios;Eco;588;3;4;0;neutral o insatisfecho
67822;M;40;SI;Negocios;Eco;1438;3;4;17;neutral o insatisfecho
37040;M;50;SI;Negocios;Eco;994;3;1;13;neutral o insatisfecho
83703;M;70;SI;Vacaciones;Eco;577;4;5;0;neutral o insatisfecho
127185;M;58;NO;Negocios;Business;370;5;5;4;neutral o insatisfecho
44415;M;66;SI;Negocios;Eco Plus;323;5;2;0;satisfecho
21567;F;61;SI;Negocios;Eco Plus;399;3;2;0;neutral o insatisfecho
90724;F;40;SI;Negocios;Business;404;5;3;9;satisfecho
102964;F;22;NO;Negocios;Eco;546;4;4;0;neutral o insatisfecho
68571;F;48;SI;Negocios;Eco;1616;3;2;0;neutral o insatisfecho
91433;M;18;SI;Vacaciones;Eco;549;5;3;0;neutral o insatisfecho
68668;M;58;SI;Negocios;Business;3897;3;3;0;neutral o insatisfecho
40667;F;62;SI;Negocios;Business;590;3;4;36;neutral o insatisfecho
64024;M;31;SI;Negocios;Business;2393;5;5;0;satisfecho
38784;M;25;NO;Negocios;Business;354;5;4;0;satisfecho
119329;M;18;SI;Vacaciones;Eco;214;2;4;0;neutral o insatisfecho
70210;F;54;SI;Vacaciones;Eco;258;2;5;7;neutral o insatisfecho
56275;M;32;SI;Negocios;Business;2227;4;3;17;neutral o insatisfecho
110627;M;19;SI;Vacaciones;Eco;719;1;1;0;neutral o insatisfecho
12724;M;34;NO;Negocios;Eco;721;3;1;17;neutral o insatisfecho
126703;M;43;SI;Negocios;Business;2402;5;5;0;satisfecho
15877;M;22;NO;Negocios;Eco;332;5;4;0;neutral o insatisfecho
2336;M;51;SI;Vacaciones;Eco;630;1;2;16;neutral o insatisfecho
103791;M;23;SI;Negocios;Business;1516;5;4;0;satisfecho
123211;F;63;SI;Vacaciones;Eco;600;2;3;0;neutral o insatisfecho
117990;F;33;SI;Negocios;Business;3845;5;1;27;satisfecho
85407;M;20;NO;Negocios;Eco;152;2;4;0;satisfecho
121295;M;44;SI;Negocios;Business;2067;4;2;0;satisfecho
35295;M;45;SI;Negocios;Eco;1102;4;5;3;satisfecho
75549;M;37;SI;Negocios;Business;2244;5;4;1;satisfecho
80892;F;46;SI;Vacaciones;Eco Plus;692;4;1;0;neutral o insatisfecho
106524;M;64;SI;Vacaciones;Eco;271;4;3;0;neutral o insatisfecho
53688;F;37;SI;Negocios;Business;1866;1;4;7;satisfecho
72879;F;44;SI;Negocios;Business;1096;4;4;51;satisfecho
116086;M;30;SI;Vacaciones;Eco;372;1;1;0;neutral o insatisfecho
30880;M;35;SI;Vacaciones;Eco;1546;3;4;42;neutral o insatisfecho
11160;M;53;SI;Vacaciones;Eco;113;3;1;162;neutral o insatisfecho
71089;M;54;SI;Vacaciones;Eco;802;4;5;4;neutral o insatisfecho
39679;F;57;SI;Vacaciones;Eco;612;5;2;0;neutral o insatisfecho
15636;M;40;SI;Negocios;Eco Plus;228;4;3;0;satisfecho
103006;F;46;SI;Negocios;Business;3030;4;5;20;satisfecho
57787;F;53;SI;Vacaciones;Eco;2611;3;4;7;neutral o insatisfecho
1622;F;45;SI;Negocios;Business;999;5;4;38;satisfecho
67046;M;44;SI;Negocios;Business;3249;4;4;2;satisfecho
97022;M;48;SI;Negocios;Business;1645;5;5;0;satisfecho
50476;M;28;NO;Negocios;Eco;156;1;5;1;satisfecho
88084;F;54;SI;Negocios;Business;3743;4;3;0;satisfecho
109666;M;46;SI;Negocios;Eco;973;3;3;83;neutral o insatisfecho
44437;M;43;NO;Negocios;Eco;588;4;1;0;neutral o insatisfecho
47790;F;43;SI;Negocios;Business;2512;4;2;0;neutral o insatisfecho
112539;F;22;SI;Vacaciones;Eco;853;4;3;1;neutral o insatisfecho
81740;M;27;NO;Negocios;Business;1501;2;5;0;satisfecho
107497;M;28;SI;Negocios;Business;3832;4;4;60;neutral o insatisfecho
24676;F;26;NO;Negocios;Eco;761;1;3;50;neutral o insatisfecho
81290;F;33;SI;Vacaciones;Eco;1020;2;4;1;neutral o insatisfecho
53245;M;54;SI;Negocios;Eco Plus;612;5;2;0;satisfecho
112355;M;46;SI;Negocios;Business;2102;4;5;64;satisfecho
122879;M;24;SI;Vacaciones;Eco;226;1;4;0;neutral o insatisfecho
100848;F;49;SI;Vacaciones;Eco;711;4;4;52;neutral o insatisfecho
37926;F;60;SI;Vacaciones;Eco;1068;5;3;16;neutral o insatisfecho
4479;M;23;NO;Negocios;Business;1147;2;5;0;satisfecho
103245;F;47;SI;Negocios;Eco Plus;409;1;3;15;satisfecho
32744;F;27;NO;Negocios;Eco;216;2;1;0;neutral o insatisfecho
37545;F;23;NO;Negocios;Eco;1076;5;2;0;neutral o insatisfecho
111852;F;26;NO;Negocios;Eco;628;2;2;5;neutral o insatisfecho
91008;M;50;SI;Vacaciones;Eco;581;5;3;0;neutral o insatisfecho
14972;F;31;SI;Negocios;Eco;927;4;3;0;satisfecho
23827;M;21;SI;Vacaciones;Eco Plus;304;1;2;1;neutral o insatisfecho
17776;M;23;NO;Negocios;Business;1075;3;3;0;satisfecho
552;F;60;SI;Negocios;Business;89;4;4;0;satisfecho
4831;F;51;SI;Negocios;Business;2544;5;4;0;satisfecho
103805;M;27;SI;Negocios;Business;1242;4;5;27;satisfecho
80210;F;60;SI;Vacaciones;Eco Plus;2475;4;1;0;neutral o insatisfecho
23005;F;48;SI;Vacaciones;Eco;641;5;2;0;neutral o insatisfecho
10653;M;25;NO;Negocios;Business;201;2;5;7;neutral o insatisfecho
7943;F;48;SI;Negocios;Business;3791;5;4;0;satisfecho
104022;F;48;NO;Negocios;Business;1262;3;3;7;neutral o insatisfecho
117845;F;27;SI;Negocios;Business;2133;5;3;12;satisfecho
98081;M;26;SI;Negocios;Business;845;5;3;0;satisfecho
19656;F;67;SI;Vacaciones;Eco;763;3;2;15;neutral o insatisfecho
63398;M;33;SI;Vacaciones;Eco;337;2;2;0;neutral o insatisfecho
104015;M;22;SI;Negocios;Business;1363;3;4;0;satisfecho
118598;F;48;SI;Negocios;Business;3266;5;4;2;satisfecho
66172;M;52;SI;Negocios;Business;550;5;4;0;satisfecho
97338;M;64;SI;Negocios;Business;843;2;3;68;neutral o insatisfecho
102857;F;69;NO;Negocios;Business;423;1;4;36;neutral o insatisfecho
95815;F;37;NO;Negocios;Business;1428;1;4;85;neutral o insatisfecho
71782;F;54;SI;Negocios;Business;1723;5;5;18;satisfecho
20930;F;23;SI;Negocios;Business;721;5;5;0;satisfecho
116868;M;60;SI;Negocios;Business;647;4;4;0;satisfecho
125182;M;61;SI;Negocios;Business;651;5;5;0;satisfecho
43023;F;71;SI;Negocios;Eco;192;1;1;0;neutral o insatisfecho
48638;M;60;SI;Negocios;Business;3128;5;5;19;satisfecho
13554;F;29;NO;Negocios;Eco;106;5;3;0;neutral o insatisfecho
95106;F;66;SI;Vacaciones;Eco;496;2;4;148;neutral o insatisfecho
43875;F;31;SI;Negocios;Business;199;5;1;0;satisfecho
35272;F;36;SI;Negocios;Business;3862;2;5;0;satisfecho
120138;F;36;SI;Negocios;Business;1475;5;5;23;satisfecho
64190;M;46;SI;Negocios;Business;453;3;2;16;neutral o insatisfecho
80025;F;47;SI;Vacaciones;Eco;1076;4;5;0;neutral o insatisfecho
116013;F;45;SI;Vacaciones;Eco;337;2;4;4;neutral o insatisfecho
109268;M;55;SI;Vacaciones;Eco Plus;616;2;3;0;neutral o insatisfecho
47690;F;62;SI;Vacaciones;Eco;715;4;1;0;neutral o insatisfecho
115908;M;48;SI;Negocios;Eco;296;4;5;0;satisfecho
46374;M;45;SI;Negocios;Eco;1081;4;3;0;satisfecho
125369;F;54;SI;Vacaciones;Eco;599;2;4;0;neutral o insatisfecho
89992;F;44;SI;Negocios;Business;1084;4;4;0;satisfecho
111767;F;43;SI;Negocios;Business;1620;2;1;39;neutral o insatisfecho
26407;M;44;SI;Negocios;Eco Plus;957;5;1;3;satisfecho
83965;M;55;SI;Negocios;Business;2145;5;1;1;satisfecho
102553;F;68;SI;Vacaciones;Eco;223;5;5;18;neutral o insatisfecho
116818;M;49;SI;Negocios;Business;646;5;4;4;satisfecho
7851;M;40;SI;Negocios;Eco;1005;2;2;10;neutral o insatisfecho
109217;M;30;SI;Negocios;Eco;616;5;3;0;satisfecho
68685;M;36;NO;Negocios;Eco;237;1;4;0;neutral o insatisfecho
56987;F;37;SI;Vacaciones;Eco;2565;3;3;0;neutral o insatisfecho
111318;M;33;SI;Negocios;Business;283;4;1;19;neutral o insatisfecho
113507;M;75;SI;Negocios;Business;2576;3;4;5;neutral o insatisfecho
99140;F;55;SI;Negocios;Business;1565;4;4;3;satisfecho
9599;F;23;SI;Vacaciones;Eco;229;1;5;3;neutral o insatisfecho
70278;M;45;SI;Negocios;Business;852;5;4;0;satisfecho
60074;M;25;SI;Negocios;Business;1012;3;3;4;satisfecho
57424;F;20;NO;Negocios;Business;533;4;3;21;satisfecho
5857;M;31;SI;Vacaciones;Eco;1020;4;3;0;satisfecho
102121;F;20;NO;Negocios;Business;236;1;4;6;satisfecho
128585;M;47;SI;Negocios;Business;2552;4;2;0;satisfecho
54064;M;30;SI;Negocios;Business;1416;5;1;0;satisfecho
128057;F;55;SI;Vacaciones;Eco Plus;735;1;2;6;neutral o insatisfecho
123990;M;58;SI;Negocios;Business;184;4;5;0;satisfecho
57134;F;29;SI;Vacaciones;Eco;1222;3;1;3;neutral o insatisfecho
97323;F;47;SI;Negocios;Business;843;5;4;0;satisfecho
89320;F;60;SI;Negocios;Business;1587;4;4;0;satisfecho
112136;F;35;NO;Negocios;Business;895;5;5;0;neutral o insatisfecho
52258;M;30;SI;Negocios;Business;370;4;3;0;satisfecho
19215;F;55;SI;Negocios;Business;459;1;5;118;neutral o insatisfecho
111597;F;29;NO;Negocios;Business;883;1;3;4;satisfecho
78970;M;24;NO;Negocios;Eco;226;3;3;0;neutral o insatisfecho
52289;F;40;NO;Negocios;Business;370;4;4;0;neutral o insatisfecho
95287;F;66;SI;Vacaciones;Eco;562;4;5;88;neutral o insatisfecho
109761;M;56;SI;Negocios;Business;2345;5;5;77;satisfecho
33890;M;31;SI;Negocios;Business;1226;3;3;127;neutral o insatisfecho
36230;M;43;SI;Vacaciones;Eco;280;1;5;0;neutral o insatisfecho
46925;M;43;SI;Negocios;Business;2941;1;5;41;satisfecho
16484;M;71;SI;Negocios;Business;3230;5;4;0;satisfecho
77799;F;52;SI;Vacaciones;Eco;731;4;4;0;neutral o insatisfecho
26395;M;50;SI;Negocios;Eco;957;1;3;0;neutral o insatisfecho
86397;F;57;SI;Negocios;Eco;762;3;1;0;neutral o insatisfecho
47880;F;37;SI;Negocios;Business;2930;3;1;0;neutral o insatisfecho
46599;M;24;NO;Negocios;Eco;141;4;3;2;neutral o insatisfecho
127831;M;38;SI;Vacaciones;Eco;1044;3;4;0;neutral o insatisfecho
101159;M;65;SI;Negocios;Business;1235;3;2;10;neutral o insatisfecho
90263;M;26;NO;Negocios;Business;932;3;5;40;neutral o insatisfecho
83454;F;46;SI;Negocios;Business;2389;4;3;93;satisfecho
70754;F;38;SI;Negocios;Business;2427;5;4;1;satisfecho
104968;F;38;SI;Negocios;Business;3934;5;2;0;satisfecho
125943;M;34;SI;Vacaciones;Eco;920;2;3;0;neutral o insatisfecho
99146;F;36;SI;Negocios;Eco Plus;453;1;3;0;neutral o insatisfecho
15986;M;38;NO;Negocios;Eco;780;3;1;0;neutral o insatisfecho
116617;F;47;SI;Negocios;Business;362;4;4;0;satisfecho
84414;F;63;SI;Vacaciones;Eco;591;5;2;0;neutral o insatisfecho
26471;F;51;SI;Vacaciones;Eco;925;2;1;5;neutral o insatisfecho
74779;M;29;NO;Negocios;Business;1171;3;3;0;satisfecho
3335;F;39;SI;Negocios;Business;240;5;5;21;satisfecho
9278;F;56;SI;Negocios;Business;3272;5;5;0;satisfecho
31683;F;22;SI;Negocios;Business;776;3;1;7;neutral o insatisfecho
56409;M;40;SI;Negocios;Business;3250;5;1;0;satisfecho
117468;M;65;SI;Vacaciones;Business;507;4;2;7;satisfecho
85560;F;50;SI;Negocios;Business;2755;4;4;39;satisfecho
87871;M;57;SI;Negocios;Business;3739;5;4;0;satisfecho
16426;M;51;SI;Negocios;Business;3948;5;4;99;satisfecho
61054;M;30;SI;Negocios;Business;1546;4;4;0;satisfecho
10700;M;49;SI;Negocios;Business;247;5;5;0;satisfecho
57755;F;49;SI;Negocios;Business;2704;3;4;35;satisfecho
9645;F;54;SI;Negocios;Business;3091;4;5;0;satisfecho
7173;M;45;SI;Negocios;Business;2933;5;2;0;satisfecho
32527;F;39;SI;Negocios;Business;3062;3;1;0;neutral o insatisfecho
16456;F;29;SI;Vacaciones;Eco;529;4;4;8;neutral o insatisfecho
82810;F;36;SI;Negocios;Business;3841;3;5;0;satisfecho
19385;M;30;NO;Negocios;Eco;844;3;3;19;neutral o insatisfecho
41827;M;57;SI;Vacaciones;Eco;257;1;4;0;neutral o insatisfecho
110963;F;48;SI;Negocios;Business;2745;4;3;7;neutral o insatisfecho
64781;F;27;NO;Negocios;Business;469;5;3;0;neutral o insatisfecho
62546;F;49;SI;Negocios;Business;1846;4;4;91;satisfecho
64811;F;43;SI;Negocios;Business;224;5;4;2;satisfecho
15162;F;39;SI;Negocios;Eco Plus;912;3;1;0;neutral o insatisfecho
50219;M;53;SI;Negocios;Eco;78;3;2;0;neutral o insatisfecho
30152;F;49;SI;Vacaciones;Eco;204;4;1;0;neutral o insatisfecho
119938;F;20;NO;Negocios;Eco;868;4;1;0;neutral o insatisfecho
60394;M;50;SI;Negocios;Eco;1452;4;3;13;satisfecho
81168;M;46;SI;Vacaciones;Eco;196;2;4;0;neutral o insatisfecho
36613;M;29;NO;Negocios;Eco;1220;3;4;0;neutral o insatisfecho
21522;M;38;SI;Vacaciones;Eco;377;3;5;35;neutral o insatisfecho
69860;F;54;SI;Vacaciones;Eco;1055;3;5;0;neutral o insatisfecho
40857;M;30;SI;Vacaciones;Eco;541;4;3;0;neutral o insatisfecho
23282;M;19;NO;Negocios;Eco;809;3;1;0;neutral o insatisfecho
96439;M;49;SI;Negocios;Business;3295;5;4;32;satisfecho
61739;F;35;NO;Negocios;Eco;1346;3;4;0;neutral o insatisfecho
17036;M;22;SI;Vacaciones;Eco Plus;781;3;4;0;neutral o insatisfecho
16824;F;57;SI;Vacaciones;Eco;645;5;4;12;neutral o insatisfecho
22071;F;62;SI;Vacaciones;Eco;304;4;2;0;neutral o insatisfecho
10164;F;52;SI;Negocios;Business;429;5;4;6;satisfecho
96705;F;43;SI;Negocios;Business;813;4;1;0;neutral o insatisfecho
106227;M;63;SI;Vacaciones;Eco;471;5;3;0;neutral o insatisfecho
57752;F;33;SI;Negocios;Business;2704;2;4;0;satisfecho
110888;M;48;SI;Negocios;Business;3932;5;4;5;satisfecho
125759;F;65;SI;Negocios;Business;2943;5;2;0;satisfecho
112006;M;29;SI;Negocios;Business;770;5;4;0;satisfecho
49488;M;39;NO;Negocios;Eco;156;5;3;0;neutral o insatisfecho
48085;F;43;SI;Negocios;Business;2564;2;5;0;satisfecho
65937;M;23;SI;Negocios;Business;3718;4;3;0;satisfecho
13999;M;46;SI;Negocios;Eco;160;4;1;0;neutral o insatisfecho
45274;F;21;SI;Vacaciones;Business;222;1;1;12;neutral o insatisfecho
70487;F;25;NO;Negocios;Eco;867;4;4;2;neutral o insatisfecho
18729;F;48;SI;Negocios;Business;917;3;4;0;satisfecho
87432;M;69;SI;Vacaciones;Eco Plus;425;3;5;0;neutral o insatisfecho
2049;M;42;NO;Negocios;Business;785;4;3;15;neutral o insatisfecho
52715;F;30;SI;Negocios;Eco Plus;1162;5;5;30;satisfecho
70235;M;34;SI;Negocios;Eco Plus;1068;5;2;4;satisfecho
66604;F;20;SI;Vacaciones;Eco;761;2;3;0;neutral o insatisfecho
2082;F;40;SI;Vacaciones;Eco;812;5;2;0;neutral o insatisfecho
63115;M;47;SI;Negocios;Business;2756;4;4;0;satisfecho
105292;F;41;SI;Negocios;Business;2097;4;4;29;satisfecho
36151;M;65;SI;Vacaciones;Eco;818;3;3;0;neutral o insatisfecho
110508;M;37;NO;Negocios;Eco Plus;442;5;1;0;neutral o insatisfecho
4579;F;51;SI;Negocios;Business;1917;5;5;0;satisfecho
118164;F;21;NO;Negocios;Eco;1165;2;3;2;satisfecho
1166;F;31;SI;Vacaciones;Eco;89;3;3;1;satisfecho
19227;M;44;SI;Vacaciones;Eco;459;3;3;0;satisfecho
97080;F;24;NO;Negocios;Business;1476;3;3;13;satisfecho
83595;F;38;SI;Negocios;Business;3758;5;5;29;satisfecho
87022;F;31;SI;Negocios;Business;2240;5;5;0;satisfecho
62560;F;31;NO;Negocios;Business;1846;1;4;0;neutral o insatisfecho
33026;F;27;SI;Vacaciones;Eco;101;3;5;0;neutral o insatisfecho
300;F;24;NO;Negocios;Business;590;3;3;0;satisfecho
109460;F;40;SI;Negocios;Business;1514;4;3;0;satisfecho
84009;M;64;SI;Vacaciones;Eco;373;2;4;0;neutral o insatisfecho
66571;M;23;NO;Negocios;Eco;624;3;5;0;neutral o insatisfecho
10538;M;60;SI;Negocios;Business;3786;4;4;0;satisfecho
71948;F;43;SI;Negocios;Business;1437;4;5;0;satisfecho
116745;F;39;SI;Vacaciones;Eco Plus;308;5;1;10;neutral o insatisfecho
79274;M;26;SI;Vacaciones;Eco;2454;5;4;0;neutral o insatisfecho
66103;F;56;SI;Negocios;Business;2607;4;5;0;satisfecho
8576;F;26;NO;Negocios;Eco;109;4;2;0;neutral o insatisfecho
5834;M;56;SI;Negocios;Business;177;5;4;1;satisfecho
33756;M;31;SI;Negocios;Business;266;3;4;0;satisfecho
75813;F;48;SI;Vacaciones;Eco Plus;813;4;3;9;neutral o insatisfecho
22447;M;35;SI;Vacaciones;Eco;143;3;4;0;neutral o insatisfecho
94663;M;34;SI;Negocios;Business;3849;3;1;2;neutral o insatisfecho
85843;F;37;SI;Vacaciones;Eco;666;5;4;0;neutral o insatisfecho
123101;M;50;SI;Negocios;Eco;650;2;2;11;neutral o insatisfecho
90630;F;25;SI;Negocios;Business;581;1;3;1;neutral o insatisfecho
32786;F;20;NO;Negocios;Eco;101;2;5;0;neutral o insatisfecho
48347;F;57;SI;Negocios;Eco;522;2;4;0;satisfecho
119853;F;34;SI;Negocios;Business;3937;1;5;0;satisfecho
32699;M;38;SI;Negocios;Eco;216;3;4;0;neutral o insatisfecho
23357;F;53;SI;Vacaciones;Eco Plus;563;4;4;0;satisfecho
67301;M;53;SI;Negocios;Business;964;5;4;0;satisfecho
55775;F;30;SI;Negocios;Eco;646;3;4;0;neutral o insatisfecho
79368;F;45;SI;Negocios;Business;502;5;5;0;satisfecho
95231;F;70;SI;Vacaciones;Eco;528;4;1;0;neutral o insatisfecho
95472;M;58;SI;Negocios;Business;2059;5;5;0;satisfecho
51262;F;34;SI;Negocios;Eco Plus;110;5;2;28;satisfecho
114707;F;41;SI;Negocios;Business;446;5;4;4;satisfecho
87399;F;60;SI;Vacaciones;Eco;425;5;4;0;neutral o insatisfecho
23194;F;37;SI;Negocios;Eco Plus;250;5;1;0;satisfecho
79143;F;41;SI;Vacaciones;Eco Plus;226;4;2;52;neutral o insatisfecho
100140;F;41;SI;Negocios;Business;523;5;4;0;satisfecho
29613;F;31;SI;Negocios;Business;1448;3;4;32;neutral o insatisfecho
34913;F;39;SI;Negocios;Eco;187;5;3;0;satisfecho
128230;F;62;SI;Vacaciones;Eco;602;2;4;0;neutral o insatisfecho
662;F;48;SI;Negocios;Business;102;4;5;0;satisfecho
107777;F;69;SI;Negocios;Eco Plus;405;3;2;14;neutral o insatisfecho
6770;M;26;NO;Negocios;Business;235;2;5;25;satisfecho
59365;F;24;NO;Negocios;Eco;1407;1;4;5;neutral o insatisfecho
1336;F;23;NO;Negocios;Eco;134;1;4;0;neutral o insatisfecho
44395;F;45;SI;Negocios;Eco;265;1;4;5;satisfecho
3507;F;23;NO;Negocios;Business;968;2;5;26;satisfecho
102145;M;21;NO;Negocios;Eco;488;1;4;0;satisfecho
46470;F;20;NO;Negocios;Eco;73;2;3;0;neutral o insatisfecho
101529;M;44;SI;Vacaciones;Eco;345;3;1;0;neutral o insatisfecho
106863;F;53;SI;Negocios;Business;3044;4;4;0;satisfecho
85353;M;69;SI;Negocios;Eco Plus;696;2;1;0;neutral o insatisfecho
20502;F;25;SI;Vacaciones;Eco;139;5;3;9;neutral o insatisfecho
17778;F;50;SI;Negocios;Eco;1214;4;3;148;satisfecho
126259;F;27;NO;Negocios;Eco;600;2;3;244;neutral o insatisfecho
46226;M;46;SI;Negocios;Eco;594;4;2;55;satisfecho
78778;M;59;SI;Negocios;Business;1730;3;3;0;neutral o insatisfecho
78055;M;47;SI;Vacaciones;Eco;332;2;1;39;neutral o insatisfecho
5662;M;53;SI;Negocios;Business;2072;4;3;9;satisfecho
33689;M;58;SI;Negocios;Business;1533;3;5;0;satisfecho
14444;F;40;SI;Negocios;Business;674;3;5;0;satisfecho
3618;M;39;NO;Negocios;Business;427;4;5;20;neutral o insatisfecho
61459;M;28;SI;Negocios;Business;2419;4;3;8;satisfecho
8539;M;59;SI;Negocios;Business;3418;5;5;0;satisfecho
33502;F;30;SI;Negocios;Business;965;3;1;17;satisfecho
36023;M;31;SI;Negocios;Business;2653;2;3;0;neutral o insatisfecho
38068;M;31;SI;Negocios;Business;2824;5;2;7;satisfecho
62796;F;61;SI;Vacaciones;Eco;2615;3;2;0;neutral o insatisfecho
43141;F;27;SI;Vacaciones;Eco Plus;192;1;3;0;neutral o insatisfecho
56353;M;40;SI;Vacaciones;Eco;200;1;3;0;neutral o insatisfecho
102136;F;40;SI;Negocios;Business;1788;4;5;84;satisfecho
124687;F;45;SI;Negocios;Business;1750;3;2;0;neutral o insatisfecho
18516;F;26;SI;Negocios;Eco;190;2;1;0;satisfecho
68210;M;47;SI;Negocios;Business;3421;5;4;0;satisfecho
51060;F;20;SI;Vacaciones;Eco;158;3;4;67;neutral o insatisfecho
90307;M;62;SI;Vacaciones;Eco;879;1;3;0;neutral o insatisfecho
88939;M;35;SI;Negocios;Business;1697;5;4;12;satisfecho
124935;F;56;SI;Vacaciones;Eco;728;3;4;118;neutral o insatisfecho
42136;M;43;SI;Negocios;Business;2115;4;3;0;satisfecho
118515;M;39;SI;Negocios;Business;370;5;5;40;satisfecho
22316;F;33;SI;Negocios;Eco;238;5;2;0;satisfecho
5522;M;26;NO;Negocios;Business;404;2;5;0;satisfecho
20086;F;35;NO;Negocios;Eco;843;5;3;0;neutral o insatisfecho
105226;M;41;NO;Negocios;Business;377;1;5;17;neutral o insatisfecho
32334;F;53;SI;Negocios;Business;3210;5;4;18;satisfecho
69807;F;55;SI;Negocios;Business;3787;5;4;4;satisfecho
24883;F;49;SI;Negocios;Business;397;4;5;22;satisfecho
18797;M;44;SI;Negocios;Business;3933;3;5;0;satisfecho
1686;M;57;SI;Negocios;Business;2544;5;4;0;satisfecho
69777;F;25;SI;Negocios;Business;2454;5;3;103;satisfecho
72915;M;47;SI;Negocios;Business;1089;5;5;0;satisfecho
37152;M;46;NO;Negocios;Business;1189;3;3;0;neutral o insatisfecho
83506;F;58;SI;Vacaciones;Eco;946;3;1;0;neutral o insatisfecho
120872;M;57;SI;Negocios;Business;2639;4;4;0;satisfecho
76734;M;44;SI;Vacaciones;Eco Plus;534;3;3;8;neutral o insatisfecho
4851;M;61;NO;Negocios;Business;408;4;3;0;satisfecho
24370;F;42;SI;Negocios;Eco;669;5;4;1;satisfecho
72043;M;30;SI;Negocios;Business;2556;4;5;25;satisfecho
36911;F;50;SI;Negocios;Business;2001;2;4;27;satisfecho
49675;M;55;SI;Negocios;Business;373;4;4;9;satisfecho
84268;M;52;SI;Negocios;Business;3362;4;1;0;satisfecho
113374;M;55;SI;Negocios;Business;226;4;5;45;satisfecho
123708;M;25;SI;Vacaciones;Eco;214;1;5;0;neutral o insatisfecho
11664;F;23;NO;Negocios;Eco;1117;2;5;26;neutral o insatisfecho
108412;F;27;NO;Negocios;Business;1444;4;3;83;satisfecho
120848;M;57;SI;Negocios;Business;992;4;2;13;neutral o insatisfecho
91403;F;19;SI;Vacaciones;Eco;2218;4;3;0;satisfecho
50238;M;70;SI;Negocios;Business;1721;2;2;35;neutral o insatisfecho
103551;F;34;SI;Vacaciones;Eco;738;3;4;58;neutral o insatisfecho
60687;M;33;SI;Vacaciones;Business;1605;2;3;92;neutral o insatisfecho
128409;F;30;NO;Negocios;Eco;647;1;3;9;neutral o insatisfecho
107387;M;35;SI;Negocios;Business;717;4;2;36;satisfecho
27986;F;66;SI;Vacaciones;Eco;2350;3;2;0;neutral o insatisfecho
104383;M;28;SI;Vacaciones;Eco;228;1;5;37;neutral o insatisfecho
100168;F;55;SI;Vacaciones;Eco;725;3;3;40;neutral o insatisfecho
63015;F;30;NO;Negocios;Eco;948;5;2;0;neutral o insatisfecho
75610;M;25;SI;Vacaciones;Eco;337;3;5;0;neutral o insatisfecho
96386;F;59;SI;Negocios;Business;1407;3;3;0;neutral o insatisfecho
19257;F;38;SI;Negocios;Business;802;3;2;12;satisfecho
56053;M;64;SI;Negocios;Eco;975;3;2;40;neutral o insatisfecho
80652;F;24;NO;Negocios;Eco;821;4;5;0;neutral o insatisfecho
126260;F;37;NO;Negocios;Eco;200;1;2;40;neutral o insatisfecho
19896;F;26;SI;Negocios;Business;315;5;4;0;satisfecho
126961;M;33;SI;Negocios;Business;2820;5;5;0;satisfecho
113638;F;37;SI;Vacaciones;Eco;236;1;3;18;neutral o insatisfecho
84982;M;52;SI;Negocios;Business;1590;4;4;15;satisfecho
32694;F;85;SI;Negocios;Business;101;3;3;0;neutral o insatisfecho
16646;M;34;SI;Negocios;Business;488;3;3;0;neutral o insatisfecho
116826;M;45;SI;Negocios;Business;1789;5;5;6;satisfecho
18115;F;18;NO;Negocios;Eco;629;3;2;0;neutral o insatisfecho
19873;F;45;NO;Negocios;Business;315;3;4;0;satisfecho
44592;M;58;SI;Vacaciones;Eco;157;1;3;10;neutral o insatisfecho
30147;F;61;SI;Vacaciones;Eco;95;3;2;0;neutral o insatisfecho
24678;M;41;SI;Negocios;Business;3169;1;4;0;satisfecho
117196;M;20;SI;Vacaciones;Eco;647;4;1;19;neutral o insatisfecho
70085;M;54;SI;Negocios;Business;2931;4;4;0;satisfecho
124956;F;58;SI;Negocios;Business;2564;5;5;0;satisfecho
23111;M;24;SI;Negocios;Eco;300;1;4;0;neutral o insatisfecho
107111;F;51;SI;Negocios;Eco;842;3;2;2;neutral o insatisfecho
106785;M;64;SI;Vacaciones;Eco Plus;837;4;4;15;neutral o insatisfecho
13417;M;30;NO;Negocios;Eco;409;5;4;19;neutral o insatisfecho
77474;F;26;SI;Vacaciones;Eco;507;3;3;2;neutral o insatisfecho
124036;M;18;SI;Vacaciones;Eco;184;3;3;0;neutral o insatisfecho
29738;M;60;SI;Negocios;Business;123;5;5;0;satisfecho
114691;M;60;SI;Negocios;Business;308;5;5;51;satisfecho
27771;F;20;NO;Negocios;Eco;1284;4;1;7;neutral o insatisfecho
128195;F;63;SI;Vacaciones;Eco Plus;1972;4;1;0;neutral o insatisfecho
88159;F;55;SI;Negocios;Business;2011;5;4;0;satisfecho
73155;F;49;SI;Vacaciones;Eco;1501;4;1;4;neutral o insatisfecho
111262;M;51;SI;Negocios;Business;459;4;5;0;satisfecho
57714;F;39;SI;Negocios;Business;2178;5;4;31;satisfecho
111806;F;51;SI;Negocios;Business;3034;5;5;70;satisfecho
114885;M;22;SI;Negocios;Business;2865;3;3;10;neutral o insatisfecho
126016;M;55;SI;Negocios;Business;3626;5;5;0;satisfecho
269;F;55;SI;Negocios;Business;802;4;5;165;satisfecho
48943;F;38;SI;Negocios;Business;2290;3;5;0;satisfecho
91220;M;64;SI;Vacaciones;Eco;444;3;1;0;neutral o insatisfecho
107206;M;63;SI;Vacaciones;Eco;402;3;5;2;neutral o insatisfecho
39900;F;36;NO;Negocios;Eco Plus;221;3;1;0;neutral o insatisfecho
128322;M;33;NO;Negocios;Business;370;3;5;0;neutral o insatisfecho
68181;M;22;SI;Vacaciones;Eco;597;4;4;0;neutral o insatisfecho
99980;M;43;SI;Negocios;Business;2597;3;2;2;neutral o insatisfecho
89937;F;63;SI;Vacaciones;Eco;1306;4;3;0;neutral o insatisfecho
120419;M;54;SI;Negocios;Business;3002;4;4;0;satisfecho
29726;F;47;SI;Vacaciones;Eco;2777;2;1;0;neutral o insatisfecho
12391;M;36;NO;Negocios;Eco;253;2;4;41;neutral o insatisfecho
38664;F;20;SI;Vacaciones;Eco;2611;3;4;0;neutral o insatisfecho
35254;M;57;SI;Negocios;Business;944;4;4;4;satisfecho
83771;M;59;SI;Vacaciones;Eco;926;2;4;0;neutral o insatisfecho
83178;F;23;SI;Negocios;Business;549;4;3;0;satisfecho
99874;F;59;SI;Negocios;Business;1436;5;5;14;satisfecho
20492;M;37;SI;Negocios;Business;1856;4;2;91;neutral o insatisfecho
56058;M;20;SI;Vacaciones;Eco;2475;4;3;0;neutral o insatisfecho
62479;M;44;SI;Negocios;Business;1846;4;5;0;satisfecho
67460;M;22;SI;Vacaciones;Eco;641;2;4;0;neutral o insatisfecho
34677;M;30;SI;Negocios;Business;2525;4;5;14;satisfecho
64308;M;48;SI;Negocios;Business;2968;3;1;0;neutral o insatisfecho
127782;F;53;SI;Negocios;Business;1037;2;2;0;neutral o insatisfecho
37577;F;75;SI;Negocios;Eco;635;4;3;21;neutral o insatisfecho
11279;M;69;SI;Vacaciones;Eco;312;2;3;11;neutral o insatisfecho
16300;F;56;SI;Vacaciones;Eco Plus;748;5;5;2;neutral o insatisfecho
23347;M;54;SI;Negocios;Eco Plus;809;5;5;9;satisfecho
87058;M;24;SI;Negocios;Business;2271;5;4;197;satisfecho
39840;M;57;NO;Negocios;Business;272;5;4;0;satisfecho
69877;M;56;SI;Negocios;Business;2248;5;4;0;satisfecho
34635;F;34;NO;Negocios;Eco;541;4;1;0;neutral o insatisfecho
24402;M;70;SI;Vacaciones;Business;634;4;2;0;neutral o insatisfecho
47683;F;24;SI;Vacaciones;Eco;715;3;4;0;neutral o insatisfecho
6138;M;56;SI;Negocios;Business;3342;5;5;0;satisfecho
60819;M;33;SI;Vacaciones;Eco;524;4;5;0;neutral o insatisfecho
66589;M;58;SI;Negocios;Business;761;3;4;0;neutral o insatisfecho
44666;M;56;SI;Negocios;Eco;173;3;4;0;satisfecho
88255;M;30;SI;Negocios;Business;594;4;5;8;satisfecho
68667;M;24;NO;Negocios;Eco;175;4;3;0;neutral o insatisfecho
42613;F;22;NO;Negocios;Eco;223;3;2;0;neutral o insatisfecho
59694;F;32;SI;Vacaciones;Eco;787;1;3;121;neutral o insatisfecho
95969;F;60;SI;Negocios;Business;3204;4;4;0;satisfecho
95952;F;27;NO;Negocios;Business;1235;3;4;0;neutral o insatisfecho
81199;M;20;SI;Negocios;Business;1426;5;4;6;satisfecho
100038;F;39;NO;Negocios;Eco;277;1;1;0;neutral o insatisfecho
95221;M;41;SI;Vacaciones;Eco;187;5;4;14;neutral o insatisfecho
40484;F;65;SI;Vacaciones;Eco;175;5;1;62;neutral o insatisfecho
111802;M;37;NO;Negocios;Business;349;3;1;108;neutral o insatisfecho
19810;F;27;SI;Negocios;Business;3322;4;1;54;satisfecho
28608;F;34;SI;Negocios;Business;2541;2;5;0;satisfecho
11809;M;68;SI;Vacaciones;Eco Plus;429;1;1;4;neutral o insatisfecho
58320;M;29;SI;Negocios;Eco;1739;1;1;3;neutral o insatisfecho
108029;F;46;SI;Negocios;Business;3345;4;3;0;satisfecho
41771;M;18;SI;Vacaciones;Eco;872;3;3;0;neutral o insatisfecho
123324;F;44;SI;Negocios;Business;3822;4;4;0;neutral o insatisfecho
64553;F;25;NO;Negocios;Business;190;2;5;0;neutral o insatisfecho
83955;F;38;SI;Negocios;Business;2949;5;5;0;satisfecho
10583;M;30;SI;Negocios;Business;2175;5;5;0;satisfecho
2437;F;37;SI;Vacaciones;Eco;641;2;3;0;neutral o insatisfecho
16007;F;25;SI;Negocios;Business;780;2;2;115;neutral o insatisfecho
16579;M;76;SI;Negocios;Business;2441;4;5;0;satisfecho
120801;F;30;NO;Negocios;Eco;666;5;1;1;neutral o insatisfecho
47856;F;53;SI;Negocios;Business;838;4;4;0;satisfecho
10985;M;36;SI;Negocios;Business;74;3;2;55;neutral o insatisfecho
72623;F;18;SI;Vacaciones;Eco;918;1;3;0;neutral o insatisfecho
28649;F;33;SI;Vacaciones;Eco;2541;4;4;17;neutral o insatisfecho
78188;M;49;SI;Negocios;Business;3833;4;4;0;satisfecho
53724;M;49;SI;Vacaciones;Eco;1297;5;3;11;neutral o insatisfecho
98946;F;44;SI;Negocios;Business;569;5;5;0;satisfecho
54707;F;57;SI;Negocios;Business;2201;5;4;10;satisfecho
12138;M;34;SI;Negocios;Business;2579;3;1;0;neutral o insatisfecho
71883;M;28;SI;Vacaciones;Eco;1744;4;3;87;neutral o insatisfecho
112327;M;42;SI;Negocios;Business;1760;4;3;43;neutral o insatisfecho
79622;M;34;NO;Negocios;Eco;762;4;1;0;neutral o insatisfecho
126986;F;25;SI;Negocios;Business;651;2;5;0;satisfecho
55015;M;38;SI;Negocios;Business;2272;5;4;26;satisfecho
61919;M;27;SI;Negocios;Business;3363;4;5;0;satisfecho
117501;M;38;SI;Vacaciones;Eco;507;1;2;0;neutral o insatisfecho
102480;F;46;SI;Vacaciones;Eco;397;5;5;175;neutral o insatisfecho
33666;F;62;SI;Negocios;Eco Plus;399;3;3;0;neutral o insatisfecho
52189;M;40;NO;Negocios;Eco;261;5;4;0;neutral o insatisfecho
30939;F;24;NO;Negocios;Eco;1024;1;2;22;neutral o insatisfecho
18050;F;34;NO;Negocios;Eco;488;5;2;0;neutral o insatisfecho
72112;F;76;SI;Negocios;Business;2014;3;1;0;neutral o insatisfecho
116825;M;45;SI;Negocios;Business;647;4;2;0;satisfecho
128969;M;50;SI;Vacaciones;Eco;414;1;3;0;neutral o insatisfecho
100661;F;54;SI;Negocios;Business;889;5;5;3;satisfecho
38757;F;27;NO;Negocios;Eco;354;3;5;0;neutral o insatisfecho
72821;F;43;SI;Negocios;Business;1013;4;4;10;satisfecho
128899;F;66;SI;Vacaciones;Eco;2454;2;1;2;neutral o insatisfecho
104434;F;23;SI;Vacaciones;Eco;1011;1;5;0;satisfecho
24700;M;46;SI;Negocios;Eco;397;4;1;0;satisfecho
46597;F;25;SI;Negocios;Business;1534;4;3;52;neutral o insatisfecho
114695;M;48;SI;Negocios;Business;2189;5;4;0;satisfecho
41104;M;39;SI;Negocios;Eco;140;5;1;0;satisfecho
88514;M;50;SI;Vacaciones;Eco;545;1;4;0;neutral o insatisfecho
41046;M;54;SI;Vacaciones;Eco;989;1;2;0;neutral o insatisfecho
110670;F;40;SI;Negocios;Business;3952;3;2;17;neutral o insatisfecho
19096;M;31;SI;Vacaciones;Business;323;5;2;0;satisfecho
94958;M;34;SI;Negocios;Eco;192;1;4;15;neutral o insatisfecho
53841;F;45;SI;Negocios;Eco;191;4;1;0;neutral o insatisfecho
52607;F;43;SI;Negocios;Business;3713;2;2;58;neutral o insatisfecho
114491;M;48;SI;Negocios;Business;362;4;1;37;neutral o insatisfecho
2967;F;44;SI;Vacaciones;Eco;737;3;3;7;neutral o insatisfecho
49950;F;21;NO;Negocios;Eco;250;5;4;2;neutral o insatisfecho
78048;M;68;SI;Vacaciones;Eco;227;3;2;5;neutral o insatisfecho
118483;F;25;SI;Negocios;Business;646;4;4;77;satisfecho
88465;M;41;SI;Negocios;Eco;145;5;1;0;satisfecho
102222;M;58;SI;Negocios;Business;2811;5;4;0;satisfecho
79791;M;31;SI;Negocios;Business;1886;4;5;0;satisfecho
39028;M;65;SI;Vacaciones;Eco;406;1;1;15;neutral o insatisfecho
59338;F;58;SI;Negocios;Business;2449;4;4;0;satisfecho
113857;F;22;NO;Negocios;Eco;1363;1;5;0;satisfecho
67041;F;46;SI;Negocios;Business;3028;4;4;0;satisfecho
54971;F;26;SI;Negocios;Business;1635;3;4;13;satisfecho
62322;M;64;SI;Vacaciones;Eco;236;2;3;179;neutral o insatisfecho
77597;M;35;SI;Negocios;Business;731;5;5;10;satisfecho
111328;F;42;SI;Negocios;Eco;283;4;2;17;neutral o insatisfecho
41405;F;29;SI;Negocios;Business;2222;2;2;13;neutral o insatisfecho
33061;F;68;SI;Vacaciones;Eco;84;4;1;0;neutral o insatisfecho
114775;M;58;SI;Negocios;Business;2004;4;4;0;satisfecho
92903;F;42;SI;Negocios;Business;3800;4;4;1;satisfecho
23162;F;61;SI;Vacaciones;Eco;300;5;5;52;neutral o insatisfecho
111746;F;40;SI;Negocios;Business;754;2;5;2;satisfecho
97740;F;27;SI;Negocios;Business;2690;5;5;49;satisfecho
97513;F;44;SI;Negocios;Business;2854;5;4;27;satisfecho
127561;F;41;SI;Negocios;Business;1670;4;4;0;satisfecho
6787;M;69;SI;Negocios;Eco;223;2;2;0;neutral o insatisfecho
30212;F;27;SI;Vacaciones;Eco Plus;31;1;5;8;neutral o insatisfecho
126801;M;31;SI;Negocios;Business;2125;4;3;0;satisfecho
5188;F;51;SI;Negocios;Business;2355;5;5;12;satisfecho
51266;F;46;SI;Negocios;Eco Plus;372;3;3;0;neutral o insatisfecho
18309;M;36;SI;Negocios;Business;3649;5;5;0;satisfecho
80416;M;43;SI;Negocios;Business;2248;5;4;0;satisfecho
39049;M;31;SI;Negocios;Eco Plus;230;3;2;0;satisfecho
83469;M;49;SI;Negocios;Business;3921;5;3;234;satisfecho
4263;M;27;NO;Negocios;Eco;502;5;3;12;neutral o insatisfecho
59185;F;47;SI;Negocios;Business;2290;5;4;13;satisfecho
86282;M;68;SI;Vacaciones;Eco;356;5;4;0;neutral o insatisfecho
9798;M;33;SI;Vacaciones;Eco Plus;383;3;4;0;neutral o insatisfecho
4676;F;36;NO;Negocios;Eco;364;5;5;0;neutral o insatisfecho
101098;F;36;SI;Negocios;Business;758;5;2;0;satisfecho
127069;F;64;SI;Negocios;Business;2290;3;3;20;neutral o insatisfecho
10044;F;33;SI;Negocios;Business;3493;5;4;0;satisfecho
80957;M;63;SI;Negocios;Business;3182;5;4;0;satisfecho
1199;F;56;SI;Vacaciones;Eco;270;5;5;11;neutral o insatisfecho
76424;M;23;NO;Negocios;Eco;405;1;2;4;neutral o insatisfecho
47163;M;37;SI;Negocios;Eco;954;3;2;0;neutral o insatisfecho
73739;F;31;SI;Vacaciones;Eco;192;3;5;0;neutral o insatisfecho
78502;F;30;NO;Negocios;Eco;666;4;1;51;neutral o insatisfecho
70165;M;30;SI;Vacaciones;Eco;550;1;2;0;neutral o insatisfecho
66828;M;39;NO;Negocios;Business;731;4;3;0;neutral o insatisfecho
21955;M;23;NO;Negocios;Eco;551;5;4;0;neutral o insatisfecho
116119;M;47;SI;Vacaciones;Eco;447;5;4;11;satisfecho
50678;M;42;NO;Vacaciones;Eco;134;4;4;0;neutral o insatisfecho
35736;M;42;NO;Negocios;Business;2153;4;4;71;neutral o insatisfecho
105196;M;54;SI;Negocios;Eco Plus;281;2;2;34;neutral o insatisfecho
57487;F;50;SI;Negocios;Business;1589;4;3;5;satisfecho
72812;M;20;SI;Negocios;Eco Plus;1045;2;4;14;neutral o insatisfecho
59864;F;18;SI;Negocios;Eco;937;1;4;3;neutral o insatisfecho
57531;M;39;SI;Negocios;Eco;413;2;3;10;neutral o insatisfecho
105977;F;24;SI;Vacaciones;Eco;2329;3;2;39;neutral o insatisfecho
10930;F;22;NO;Negocios;Eco;247;3;4;0;neutral o insatisfecho
125928;F;47;SI;Vacaciones;Eco;1013;2;2;0;neutral o insatisfecho
28185;F;59;SI;Vacaciones;Eco;873;3;3;0;neutral o insatisfecho
105389;M;24;SI;Vacaciones;Eco;369;3;1;0;neutral o insatisfecho
33957;F;59;SI;Negocios;Business;1554;3;2;0;neutral o insatisfecho
23538;M;53;SI;Vacaciones;Eco;423;4;1;2;satisfecho
1056;F;38;SI;Vacaciones;Eco;158;2;3;0;satisfecho
15548;F;40;SI;Negocios;Business;3826;5;3;97;satisfecho
15059;F;29;SI;Vacaciones;Eco;488;1;3;28;neutral o insatisfecho
21834;F;33;SI;Vacaciones;Eco;640;1;3;100;neutral o insatisfecho
83776;M;56;SI;Negocios;Business;3175;4;5;3;satisfecho
114851;M;45;SI;Negocios;Business;2689;4;2;252;satisfecho
12392;F;58;SI;Negocios;Business;1640;4;5;23;satisfecho
2240;M;62;NO;Negocios;Business;1041;2;4;6;satisfecho
53145;M;56;SI;Vacaciones;Eco;413;4;5;0;neutral o insatisfecho
32270;M;21;NO;Negocios;Eco;102;5;3;5;neutral o insatisfecho
93233;M;21;NO;Negocios;Business;1694;2;3;0;satisfecho
57338;F;42;NO;Negocios;Eco;414;3;3;8;neutral o insatisfecho
102309;F;48;SI;Negocios;Business;3461;5;4;9;satisfecho
26653;F;44;SI;Negocios;Eco;270;4;4;0;neutral o insatisfecho
91760;M;48;SI;Negocios;Business;588;3;3;0;neutral o insatisfecho
60914;F;34;SI;Negocios;Business;888;5;3;26;satisfecho
33744;F;40;SI;Negocios;Eco;2277;5;1;0;satisfecho
52528;M;52;SI;Negocios;Business;160;3;5;0;satisfecho
26747;F;29;NO;Negocios;Eco;859;1;3;0;neutral o insatisfecho
79537;M;24;NO;Negocios;Eco;762;4;5;0;satisfecho
110097;M;37;SI;Negocios;Business;1048;4;1;41;neutral o insatisfecho
121756;F;55;SI;Negocios;Business;337;5;3;0;satisfecho
46230;M;35;SI;Negocios;Business;2116;2;3;0;satisfecho
19940;F;22;SI;Vacaciones;Eco;315;4;5;1;neutral o insatisfecho
108793;F;30;SI;Negocios;Business;2264;4;5;0;satisfecho
19416;M;26;SI;Negocios;Eco;645;5;1;11;satisfecho
98907;M;39;SI;Negocios;Business;543;4;4;0;satisfecho
26499;F;33;SI;Negocios;Business;829;2;4;10;satisfecho
112540;F;30;SI;Negocios;Business;862;5;5;7;satisfecho
57967;F;49;SI;Vacaciones;Eco;1911;5;5;0;neutral o insatisfecho
96412;F;28;SI;Vacaciones;Eco;1342;4;2;2;neutral o insatisfecho
83421;F;55;SI;Vacaciones;Eco;632;4;4;0;neutral o insatisfecho
69637;F;36;SI;Negocios;Business;2120;5;5;0;satisfecho
73307;M;50;SI;Negocios;Business;2762;5;5;0;satisfecho
59951;M;46;SI;Negocios;Business;3077;5;4;2;satisfecho
70469;M;27;NO;Negocios;Business;867;2;5;0;neutral o insatisfecho
35377;F;27;NO;Negocios;Eco;972;5;2;0;neutral o insatisfecho
14920;F;51;SI;Vacaciones;Eco;240;5;2;0;neutral o insatisfecho
67834;M;55;SI;Negocios;Business;3020;5;4;0;satisfecho
86233;F;41;SI;Vacaciones;Eco;306;5;2;0;satisfecho
21480;F;38;SI;Negocios;Eco;331;2;4;65;neutral o insatisfecho
95959;F;66;SI;Negocios;Business;3389;5;5;0;satisfecho
114453;F;51;SI;Negocios;Business;342;5;4;0;satisfecho
86145;M;40;SI;Negocios;Business;356;4;5;26;satisfecho
2689;F;25;NO;Negocios;Business;562;5;3;21;neutral o insatisfecho
81066;F;37;NO;Negocios;Business;931;3;2;0;neutral o insatisfecho
72645;M;55;SI;Vacaciones;Eco;985;3;3;0;neutral o insatisfecho
35404;M;39;NO;Negocios;Eco;641;3;2;0;neutral o insatisfecho
17645;F;33;SI;Negocios;Business;3988;2;4;48;satisfecho
70994;M;26;NO;Negocios;Business;802;1;5;90;neutral o insatisfecho
34914;F;33;SI;Negocios;Business;395;4;4;0;satisfecho
60102;M;50;SI;Negocios;Business;3161;4;3;0;satisfecho
81549;F;30;SI;Vacaciones;Eco Plus;1124;2;3;0;neutral o insatisfecho
118922;M;46;SI;Vacaciones;Eco;587;4;4;0;neutral o insatisfecho
15058;M;18;SI;Vacaciones;Eco;576;4;2;0;neutral o insatisfecho
49487;F;20;NO;Negocios;Eco;262;2;3;15;neutral o insatisfecho
108536;M;44;SI;Vacaciones;Eco Plus;649;5;1;0;neutral o insatisfecho
16631;F;45;SI;Negocios;Business;3515;4;4;0;neutral o insatisfecho
2918;F;25;NO;Negocios;Business;806;4;3;0;neutral o insatisfecho
76230;F;57;NO;Negocios;Business;1175;3;4;0;satisfecho
60403;F;33;SI;Vacaciones;Eco;1476;1;1;0;neutral o insatisfecho
32111;F;41;SI;Negocios;Business;3170;4;4;0;satisfecho
96789;M;31;SI;Negocios;Business;781;5;4;13;satisfecho
34591;M;43;SI;Negocios;Eco;1617;4;4;0;satisfecho
122069;F;57;SI;Negocios;Business;130;2;5;0;satisfecho
71505;F;41;SI;Negocios;Business;3220;4;2;86;satisfecho
95935;F;21;SI;Vacaciones;Eco;1504;2;5;0;neutral o insatisfecho
50302;F;64;SI;Negocios;Business;89;2;3;0;neutral o insatisfecho
110113;F;43;SI;Negocios;Business;1990;5;2;30;satisfecho
71370;M;42;NO;Negocios;Business;258;3;4;7;satisfecho
99129;F;35;SI;Vacaciones;Eco;453;5;2;139;neutral o insatisfecho
102431;M;57;SI;Vacaciones;Eco;223;2;5;0;neutral o insatisfecho
112382;F;30;SI;Negocios;Business;3364;5;5;42;satisfecho
104077;F;49;SI;Vacaciones;Eco;359;4;3;5;neutral o insatisfecho
54398;F;49;SI;Negocios;Eco;305;4;2;0;neutral o insatisfecho
125010;M;70;SI;Vacaciones;Eco;184;1;5;0;neutral o insatisfecho
120398;M;36;SI;Negocios;Business;3860;4;2;0;neutral o insatisfecho
12446;F;54;SI;Vacaciones;Eco;201;3;3;4;neutral o insatisfecho
68150;M;48;SI;Negocios;Business;603;5;4;0;satisfecho
66194;M;22;NO;Negocios;Eco;550;2;4;0;satisfecho
70337;M;32;SI;Negocios;Eco;986;2;3;99;neutral o insatisfecho
116603;M;41;SI;Negocios;Business;2112;4;5;0;satisfecho
23197;M;45;SI;Negocios;Eco Plus;223;3;1;0;satisfecho
58715;M;23;NO;Negocios;Eco;606;2;4;21;neutral o insatisfecho
78026;M;37;SI;Negocios;Eco;332;3;1;0;satisfecho
67366;M;49;SI;Negocios;Business;641;5;4;0;satisfecho
74474;F;25;NO;Negocios;Eco;1242;4;2;0;neutral o insatisfecho
79387;M;56;SI;Negocios;Business;3705;4;4;0;satisfecho
21470;M;77;NO;Negocios;Eco;399;1;4;0;satisfecho
107580;M;37;SI;Negocios;Business;1521;4;4;0;satisfecho
116080;F;33;SI;Vacaciones;Eco;296;5;3;20;neutral o insatisfecho
29689;M;24;NO;Negocios;Eco;717;2;1;0;neutral o insatisfecho
9088;F;30;SI;Vacaciones;Eco;160;1;2;34;neutral o insatisfecho
120995;F;37;SI;Negocios;Business;1013;3;3;0;neutral o insatisfecho
20558;M;37;SI;Negocios;Eco;606;3;3;0;neutral o insatisfecho
54341;M;62;SI;Vacaciones;Eco;1597;2;4;2;neutral o insatisfecho
39005;F;43;SI;Negocios;Business;406;4;3;0;neutral o insatisfecho
111012;M;60;SI;Negocios;Business;197;4;4;26;satisfecho
12959;M;41;SI;Negocios;Eco Plus;674;4;1;12;satisfecho
4445;M;19;SI;Vacaciones;Eco;762;5;5;17;neutral o insatisfecho
24905;F;28;SI;Negocios;Eco;762;1;3;0;satisfecho
36152;F;48;SI;Vacaciones;Eco;818;4;1;0;neutral o insatisfecho
109176;F;67;SI;Negocios;Eco;793;4;2;58;neutral o insatisfecho
90530;M;25;NO;Negocios;Business;594;5;3;0;satisfecho
23828;F;60;SI;Vacaciones;Eco Plus;438;4;5;0;neutral o insatisfecho
92035;F;28;SI;Negocios;Business;1535;4;5;0;satisfecho
123397;F;57;SI;Negocios;Business;1337;4;3;0;satisfecho
64838;F;37;NO;Negocios;Eco;190;1;1;77;neutral o insatisfecho
51873;M;25;NO;Negocios;Eco;771;1;5;0;neutral o insatisfecho
91548;M;38;NO;Negocios;Business;280;4;1;0;neutral o insatisfecho
42290;F;38;SI;Negocios;Business;2050;4;5;0;satisfecho
42711;F;24;NO;Negocios;Eco Plus;627;4;2;0;neutral o insatisfecho
119578;F;51;SI;Negocios;Business;2552;4;5;0;satisfecho
41832;M;45;NO;Negocios;Eco;462;3;5;0;satisfecho
2160;M;22;NO;Negocios;Business;624;3;5;81;satisfecho
31040;M;33;SI;Negocios;Business;2764;5;5;6;satisfecho
10291;F;58;NO;Negocios;Business;316;3;3;0;satisfecho
43192;F;27;SI;Negocios;Eco;651;4;4;0;satisfecho
87152;M;26;NO;Negocios;Business;946;2;3;0;satisfecho
82789;M;60;SI;Vacaciones;Eco;231;3;3;23;neutral o insatisfecho
119788;F;32;SI;Negocios;Business;912;4;3;0;satisfecho
17740;F;23;SI;Negocios;Business;383;2;4;0;neutral o insatisfecho
7162;M;49;SI;Negocios;Business;2890;5;5;68;satisfecho
26547;F;53;SI;Vacaciones;Eco;990;4;5;0;neutral o insatisfecho
100386;M;66;SI;Vacaciones;Eco;1034;2;4;22;neutral o insatisfecho
79178;M;46;SI;Negocios;Business;2422;4;4;26;satisfecho
100944;F;52;SI;Negocios;Business;1204;4;4;10;satisfecho
18597;F;29;NO;Negocios;Eco;305;5;2;39;neutral o insatisfecho
127152;F;53;SI;Vacaciones;Eco;646;1;4;0;neutral o insatisfecho
4137;F;23;NO;Negocios;Eco;544;3;3;0;neutral o insatisfecho
109974;M;18;SI;Vacaciones;Eco;1204;4;4;62;neutral o insatisfecho
51803;F;29;SI;Vacaciones;Eco;370;4;3;0;neutral o insatisfecho
14510;M;60;SI;Vacaciones;Eco;328;1;1;0;satisfecho
92207;M;48;SI;Vacaciones;Eco;1956;3;4;0;neutral o insatisfecho
128957;M;52;SI;Negocios;Business;414;5;5;2;satisfecho
17381;M;20;NO;Negocios;Eco;637;4;4;0;neutral o insatisfecho
87992;F;57;SI;Negocios;Business;646;4;4;0;satisfecho
82465;F;55;SI;Vacaciones;Eco;502;5;5;0;neutral o insatisfecho
128167;F;22;NO;Negocios;Eco;928;1;4;12;satisfecho
2942;F;24;NO;Negocios;Business;737;4;3;22;satisfecho
104964;M;41;SI;Negocios;Business;3108;5;4;17;satisfecho
114330;F;70;SI;Vacaciones;Eco;862;1;1;0;neutral o insatisfecho
40662;M;35;SI;Negocios;Business;590;3;3;0;neutral o insatisfecho
29435;F;38;SI;Negocios;Business;421;5;4;0;satisfecho
23804;M;44;NO;Negocios;Eco;304;5;4;34;neutral o insatisfecho
39243;F;39;SI;Negocios;Eco;160;4;3;0;satisfecho
6460;M;41;SI;Negocios;Eco Plus;213;4;2;21;neutral o insatisfecho
11285;M;29;SI;Vacaciones;Eco;270;3;4;0;neutral o insatisfecho
38817;M;26;SI;Vacaciones;Eco;353;3;1;0;neutral o insatisfecho
65023;M;70;SI;Vacaciones;Eco;190;1;3;12;neutral o insatisfecho
97123;F;25;NO;Negocios;Eco;1242;5;2;51;neutral o insatisfecho
124537;F;53;SI;Negocios;Business;1276;4;3;0;satisfecho
2468;F;58;SI;Vacaciones;Eco;773;4;1;5;neutral o insatisfecho
125749;F;70;SI;Vacaciones;Business;861;5;5;0;neutral o insatisfecho
8918;M;24;NO;Negocios;Eco;661;4;4;0;neutral o insatisfecho
120773;F;30;NO;Negocios;Eco;678;1;1;5;neutral o insatisfecho
35517;F;38;SI;Vacaciones;Eco;1144;3;5;0;neutral o insatisfecho
125762;M;51;SI;Negocios;Business;920;3;4;199;satisfecho
124382;M;55;SI;Vacaciones;Eco;808;4;3;0;satisfecho
123280;F;52;SI;Vacaciones;Eco;328;3;3;21;neutral o insatisfecho
32664;M;41;SI;Negocios;Eco;163;5;1;0;satisfecho
85461;F;35;SI;Negocios;Business;214;2;1;6;neutral o insatisfecho
108650;F;42;SI;Negocios;Business;1747;5;5;13;satisfecho
93490;F;40;SI;Negocios;Business;1613;5;5;15;satisfecho
45779;F;49;SI;Negocios;Business;2094;2;5;0;satisfecho
15583;F;24;NO;Negocios;Eco;229;5;1;0;neutral o insatisfecho
92081;F;62;NO;Negocios;Eco;1589;3;3;0;neutral o insatisfecho
46019;F;18;NO;Negocios;Eco;898;1;2;14;satisfecho
38276;M;58;SI;Vacaciones;Eco;1133;3;3;14;neutral o insatisfecho
119775;M;32;SI;Negocios;Business;936;5;3;0;satisfecho
98238;F;38;NO;Negocios;Business;1072;2;5;7;satisfecho
25952;F;42;SI;Negocios;Business;3553;2;5;8;satisfecho
59309;M;44;SI;Negocios;Business;2338;5;5;0;satisfecho
48551;M;24;SI;Vacaciones;Eco;853;1;3;0;neutral o insatisfecho
20014;F;34;SI;Vacaciones;Eco;599;4;4;0;neutral o insatisfecho
53703;F;50;SI;Negocios;Business;2842;3;2;3;neutral o insatisfecho
6295;F;60;SI;Negocios;Business;693;4;4;29;satisfecho
123018;M;23;NO;Negocios;Eco;631;5;3;0;neutral o insatisfecho
67833;F;33;SI;Negocios;Business;1235;4;3;17;neutral o insatisfecho
108846;M;48;SI;Negocios;Business;1947;5;3;14;satisfecho
107693;F;30;SI;Negocios;Business;2453;4;3;0;satisfecho
5156;F;67;SI;Vacaciones;Eco;622;5;3;0;neutral o insatisfecho
5069;M;64;SI;Negocios;Eco;223;2;4;6;neutral o insatisfecho
45231;F;26;NO;Negocios;Eco;911;4;4;59;neutral o insatisfecho
111374;M;39;NO;Negocios;Eco;1050;3;3;21;neutral o insatisfecho
85612;F;31;SI;Vacaciones;Eco;259;1;1;0;neutral o insatisfecho
62250;M;55;SI;Vacaciones;Eco;2425;5;3;0;neutral o insatisfecho
22154;M;55;SI;Negocios;Eco;533;4;5;17;satisfecho
112559;M;66;SI;Vacaciones;Eco Plus;948;5;3;0;neutral o insatisfecho
4367;M;44;SI;Negocios;Business;2974;4;3;47;neutral o insatisfecho
113028;F;25;NO;Negocios;Business;543;4;3;51;neutral o insatisfecho
68970;F;25;NO;Negocios;Business;700;5;3;0;neutral o insatisfecho
125219;M;70;SI;Vacaciones;Eco;651;2;5;7;neutral o insatisfecho
50519;F;34;SI;Vacaciones;Eco;78;4;4;127;neutral o insatisfecho
58618;F;54;SI;Negocios;Business;235;1;4;1;satisfecho
70322;F;52;SI;Negocios;Business;3002;5;5;0;satisfecho
63950;M;45;SI;Vacaciones;Eco;1192;2;4;1;neutral o insatisfecho
129715;F;41;SI;Negocios;Business;337;5;4;0;satisfecho
12615;F;45;SI;Negocios;Business;1843;2;2;75;neutral o insatisfecho
114308;M;59;SI;Vacaciones;Eco;909;3;1;0;neutral o insatisfecho
21779;F;35;SI;Negocios;Business;241;5;5;48;satisfecho
93311;M;37;SI;Vacaciones;Eco;1733;5;5;0;neutral o insatisfecho
39231;M;25;SI;Negocios;Business;268;2;2;0;satisfecho
92387;F;49;SI;Negocios;Business;1892;4;4;0;satisfecho
8985;F;58;SI;Vacaciones;Eco;725;2;3;0;neutral o insatisfecho
64656;F;37;NO;Negocios;Business;282;5;4;64;satisfecho
55586;F;57;SI;Vacaciones;Eco;1091;3;5;34;neutral o insatisfecho
3497;F;26;SI;Vacaciones;Eco;1080;4;3;5;neutral o insatisfecho
2383;F;39;SI;Negocios;Business;604;5;4;31;satisfecho
45214;F;33;SI;Negocios;Business;1512;1;2;0;satisfecho
4757;M;57;SI;Vacaciones;Business;403;3;3;0;neutral o insatisfecho
25592;F;49;SI;Vacaciones;Eco;696;4;5;0;neutral o insatisfecho
33862;F;36;SI;Vacaciones;Eco;1698;3;4;0;neutral o insatisfecho
16037;F;51;SI;Negocios;Eco Plus;780;5;2;228;satisfecho
7646;M;49;SI;Negocios;Business;2032;4;4;0;satisfecho
119701;M;30;SI;Negocios;Business;3919;3;5;0;satisfecho
101473;M;28;SI;Negocios;Business;2788;2;4;0;neutral o insatisfecho
115000;M;50;SI;Negocios;Business;2097;4;4;53;satisfecho
50269;F;54;SI;Negocios;Business;2403;4;3;0;neutral o insatisfecho
67400;M;30;NO;Negocios;Business;678;2;4;48;neutral o insatisfecho
66753;F;53;SI;Vacaciones;Eco;802;5;4;0;neutral o insatisfecho
42957;F;51;SI;Negocios;Eco;192;1;4;0;satisfecho
42160;F;58;SI;Negocios;Eco;329;4;1;211;satisfecho
76083;F;62;SI;Negocios;Eco;269;1;5;0;satisfecho
72100;M;37;SI;Vacaciones;Eco;2486;4;2;11;neutral o insatisfecho
22539;F;58;SI;Vacaciones;Eco Plus;208;2;4;0;neutral o insatisfecho
49323;M;46;SI;Negocios;Business;1512;1;5;0;satisfecho
74506;F;29;NO;Negocios;Eco;1235;1;4;0;neutral o insatisfecho
100335;M;33;SI;Negocios;Business;1130;4;2;14;satisfecho
85821;M;29;SI;Vacaciones;Eco;666;3;3;0;neutral o insatisfecho
117046;F;29;SI;Negocios;Business;646;1;1;124;neutral o insatisfecho
126684;M;54;SI;Negocios;Business;2402;4;4;0;satisfecho
77229;F;23;NO;Negocios;Eco;1590;2;4;4;satisfecho
1839;M;39;SI;Vacaciones;Eco;408;3;3;0;neutral o insatisfecho
26327;F;28;NO;Negocios;Business;834;1;5;0;satisfecho
21322;F;34;NO;Negocios;Business;761;1;4;24;neutral o insatisfecho
124040;F;50;SI;Negocios;Business;1849;5;4;0;satisfecho
9517;F;26;SI;Negocios;Business;2605;5;5;19;satisfecho
53415;M;49;SI;Negocios;Eco;2358;4;3;7;satisfecho
71635;M;44;SI;Vacaciones;Eco;1012;5;3;53;neutral o insatisfecho
48822;M;28;SI;Vacaciones;Business;308;1;3;31;neutral o insatisfecho
17681;F;43;SI;Negocios;Business;1039;4;4;0;satisfecho
82913;M;48;SI;Vacaciones;Eco;645;3;5;98;neutral o insatisfecho
41654;F;44;SI;Negocios;Business;1811;3;5;0;satisfecho
93432;F;52;SI;Negocios;Eco;671;3;3;17;neutral o insatisfecho
13227;F;49;NO;Negocios;Eco;657;5;1;0;neutral o insatisfecho
18172;F;25;NO;Negocios;Eco;363;5;5;0;neutral o insatisfecho
45777;M;40;SI;Negocios;Business;391;5;5;0;satisfecho
90438;F;49;SI;Negocios;Business;1940;5;5;0;satisfecho
48852;M;56;SI;Vacaciones;Business;262;2;1;0;neutral o insatisfecho
5934;M;53;SI;Vacaciones;Eco;173;4;5;4;neutral o insatisfecho
83643;M;26;NO;Negocios;Business;577;5;4;0;neutral o insatisfecho
101943;F;39;SI;Negocios;Business;3799;5;4;0;satisfecho
93181;F;47;SI;Vacaciones;Eco;1075;1;2;0;neutral o insatisfecho
89689;F;47;NO;Negocios;Eco;550;3;1;6;neutral o insatisfecho
65918;F;24;NO;Negocios;Eco;569;1;2;0;neutral o insatisfecho
43227;F;22;NO;Negocios;Eco Plus;423;3;3;20;satisfecho
112264;F;28;NO;Negocios;Eco;1506;1;3;22;neutral o insatisfecho
100526;F;41;SI;Vacaciones;Eco;759;4;5;0;neutral o insatisfecho
117510;F;25;SI;Vacaciones;Eco;507;4;1;0;satisfecho
92578;M;42;SI;Vacaciones;Eco Plus;2139;2;4;0;neutral o insatisfecho
4973;M;60;SI;Negocios;Business;3479;5;3;55;satisfecho
88938;F;28;SI;Negocios;Business;2270;4;5;0;satisfecho
90602;F;39;SI;Negocios;Business;581;5;4;3;satisfecho
59767;M;29;NO;Negocios;Eco;895;5;3;28;neutral o insatisfecho
69083;F;52;SI;Vacaciones;Eco;1389;4;3;5;neutral o insatisfecho
70601;M;54;SI;Negocios;Business;3273;5;3;56;satisfecho
14111;F;37;SI;Negocios;Eco Plus;201;4;1;0;satisfecho
73546;F;41;SI;Vacaciones;Eco;594;2;1;25;neutral o insatisfecho
30513;M;51;SI;Negocios;Eco;377;5;5;1;satisfecho
108162;F;19;SI;Vacaciones;Eco;1166;3;5;13;neutral o insatisfecho
32659;M;38;SI;Negocios;Business;101;3;2;6;neutral o insatisfecho
28534;F;29;NO;Negocios;Eco;1035;4;1;0;neutral o insatisfecho
119138;F;31;SI;Negocios;Business;2062;5;5;0;satisfecho
5653;M;54;SI;Negocios;Business;3109;5;1;0;satisfecho
49341;M;52;SI;Negocios;Business;3201;5;4;0;satisfecho
126291;M;63;SI;Vacaciones;Eco;631;4;2;20;neutral o insatisfecho
58254;F;43;SI;Negocios;Business;2072;4;4;2;satisfecho
13781;F;44;SI;Negocios;Eco;925;2;4;0;satisfecho
12850;F;48;SI;Vacaciones;Eco;817;4;2;2;neutral o insatisfecho
91521;F;47;SI;Vacaciones;Eco;1626;1;3;0;neutral o insatisfecho
18855;F;53;SI;Negocios;Business;551;4;1;0;neutral o insatisfecho
116313;F;65;SI;Vacaciones;Eco;390;3;4;2;neutral o insatisfecho
49452;M;49;SI;Negocios;Business;207;5;4;0;satisfecho
43945;F;42;SI;Negocios;Business;473;1;4;0;satisfecho
33574;F;53;SI;Negocios;Eco;399;4;2;0;neutral o insatisfecho
43616;M;60;SI;Negocios;Eco;190;4;5;0;satisfecho
101016;M;53;SI;Negocios;Business;3149;4;1;11;satisfecho
63131;M;48;SI;Negocios;Business;2628;3;2;0;neutral o insatisfecho
29667;M;29;SI;Vacaciones;Eco;1448;1;1;0;neutral o insatisfecho
103037;F;34;SI;Negocios;Business;3402;3;1;66;neutral o insatisfecho
101740;M;57;SI;Negocios;Business;1590;4;2;9;satisfecho
35107;F;49;SI;Negocios;Eco;1028;5;4;0;satisfecho
3089;M;30;SI;Negocios;Business;413;4;3;0;satisfecho
100376;F;47;SI;Vacaciones;Eco;1052;5;3;20;neutral o insatisfecho
93660;M;33;NO;Negocios;Business;667;2;3;37;neutral o insatisfecho
50720;M;48;SI;Vacaciones;Eco;250;4;4;0;neutral o insatisfecho
124243;M;35;SI;Negocios;Eco;1916;5;2;0;satisfecho
51986;F;34;SI;Negocios;Eco Plus;347;5;3;0;satisfecho
53827;F;61;SI;Negocios;Eco;191;4;1;0;neutral o insatisfecho
9858;M;60;SI;Vacaciones;Eco;531;4;4;24;neutral o insatisfecho
31161;M;67;SI;Negocios;Business;3545;2;2;27;neutral o insatisfecho
58104;M;48;SI;Vacaciones;Eco;589;4;3;3;neutral o insatisfecho
124491;M;39;SI;Negocios;Business;2803;5;4;0;satisfecho
61589;F;58;SI;Negocios;Business;1635;5;5;0;satisfecho
68161;M;23;SI;Negocios;Eco;603;4;1;0;neutral o insatisfecho
41585;F;42;SI;Vacaciones;Eco;1482;3;4;0;neutral o insatisfecho
96032;M;45;SI;Negocios;Eco;1235;1;3;0;neutral o insatisfecho
54643;M;48;SI;Negocios;Eco;964;5;2;0;satisfecho
65697;M;42;SI;Vacaciones;Business;1061;4;1;0;satisfecho
59259;M;27;SI;Negocios;Business;3904;2;4;42;satisfecho
72566;F;28;NO;Negocios;Eco;1119;4;1;14;neutral o insatisfecho
27991;M;42;SI;Negocios;Business;1616;3;2;0;neutral o insatisfecho
51615;M;34;NO;Negocios;Eco;370;3;4;0;neutral o insatisfecho
49698;M;27;NO;Negocios;Eco;86;5;5;0;neutral o insatisfecho
56689;F;57;SI;Vacaciones;Eco;1068;1;2;0;neutral o insatisfecho
70696;M;51;SI;Negocios;Eco Plus;447;3;4;0;satisfecho
41312;F;24;SI;Negocios;Business;802;3;2;0;neutral o insatisfecho
53893;F;69;NO;Vacaciones;Eco;191;4;4;0;neutral o insatisfecho
22459;F;38;SI;Vacaciones;Eco;143;5;4;0;neutral o insatisfecho
43126;F;28;SI;Negocios;Eco Plus;236;3;3;0;satisfecho
26080;F;40;SI;Negocios;Eco;591;5;1;3;satisfecho
64734;M;78;SI;Negocios;Business;2703;4;3;5;neutral o insatisfecho
103433;F;35;SI;Vacaciones;Eco;237;5;3;14;neutral o insatisfecho
75969;M;33;SI;Negocios;Eco;297;2;2;8;neutral o insatisfecho
58984;M;45;SI;Negocios;Business;1846;5;4;1;satisfecho
19524;F;25;NO;Negocios;Business;160;3;5;0;neutral o insatisfecho
72408;M;29;NO;Negocios;Business;985;4;5;2;neutral o insatisfecho
121920;F;70;SI;Vacaciones;Eco;449;5;2;0;neutral o insatisfecho
101582;F;49;SI;Negocios;Business;1099;4;2;102;satisfecho
121283;F;18;SI;Vacaciones;Eco Plus;2075;1;2;0;neutral o insatisfecho
12764;F;61;SI;Vacaciones;Eco;851;4;2;0;neutral o insatisfecho
7850;F;30;NO;Negocios;Eco;1005;2;1;0;neutral o insatisfecho
15066;F;52;SI;Vacaciones;Eco;576;5;5;0;neutral o insatisfecho
81864;F;62;SI;Vacaciones;Eco Plus;1310;4;3;62;neutral o insatisfecho
27494;F;52;SI;Negocios;Eco;578;3;5;0;satisfecho
60343;F;20;SI;Negocios;Business;2585;2;1;0;neutral o insatisfecho
53434;F;20;SI;Negocios;Business;2288;5;3;0;satisfecho
127419;F;36;SI;Vacaciones;Eco;868;2;2;0;neutral o insatisfecho
106736;F;59;SI;Negocios;Business;829;5;5;34;satisfecho
93246;F;65;SI;Vacaciones;Eco;689;5;4;20;neutral o insatisfecho
32122;F;33;SI;Negocios;Business;2204;5;5;0;satisfecho
31917;M;22;NO;Negocios;Eco;163;5;2;0;neutral o insatisfecho
10353;F;30;SI;Negocios;Business;216;5;4;0;satisfecho
101061;M;45;SI;Negocios;Business;1631;4;5;0;satisfecho
56907;F;42;SI;Negocios;Business;2454;5;3;8;satisfecho
103474;F;28;NO;Negocios;Business;440;1;5;59;neutral o insatisfecho
129002;M;26;SI;Negocios;Business;2611;5;4;0;satisfecho
72253;F;54;SI;Negocios;Business;2592;5;5;8;satisfecho
70459;M;60;SI;Negocios;Business;3858;5;4;0;satisfecho
7594;M;57;SI;Negocios;Business;1905;5;2;1;satisfecho
126293;F;61;SI;Vacaciones;Eco;631;4;4;0;neutral o insatisfecho
97183;F;21;SI;Vacaciones;Eco;1642;4;5;102;neutral o insatisfecho
54791;F;25;SI;Vacaciones;Business;862;3;3;7;neutral o insatisfecho
6062;F;45;SI;Vacaciones;Eco;630;5;4;794;neutral o insatisfecho
13996;M;60;SI;Negocios;Eco;160;2;1;0;neutral o insatisfecho
71051;M;51;SI;Negocios;Business;578;1;3;18;neutral o insatisfecho
89233;M;37;SI;Negocios;Business;2139;5;4;5;satisfecho
101911;F;56;SI;Vacaciones;Eco;2039;4;1;7;neutral o insatisfecho
120896;M;51;SI;Negocios;Business;1546;5;4;0;satisfecho
69907;F;39;NO;Negocios;Business;1671;2;3;0;neutral o insatisfecho
70130;M;59;SI;Negocios;Eco;150;4;4;0;satisfecho
101294;M;48;SI;Vacaciones;Eco;763;1;3;0;neutral o insatisfecho
11452;M;52;SI;Negocios;Business;312;4;5;10;satisfecho
82951;M;54;SI;Negocios;Business;957;5;5;5;satisfecho
89593;M;44;SI;Negocios;Business;1983;4;3;0;satisfecho
114696;F;33;SI;Negocios;Business;337;4;4;0;satisfecho
38102;M;71;NO;Negocios;Business;1121;1;4;18;neutral o insatisfecho
46717;F;55;SI;Vacaciones;Eco;73;1;1;1;neutral o insatisfecho
116903;M;47;SI;Negocios;Business;3776;5;5;16;satisfecho
121602;M;39;SI;Vacaciones;Eco;912;3;5;0;neutral o insatisfecho
18162;M;58;SI;Vacaciones;Eco;430;2;4;0;neutral o insatisfecho
49198;F;47;SI;Negocios;Business;2052;4;4;5;satisfecho
14966;M;43;SI;Negocios;Business;3709;5;3;19;satisfecho
83442;M;32;SI;Vacaciones;Eco Plus;632;3;4;0;neutral o insatisfecho
93079;F;54;SI;Negocios;Business;2804;4;4;0;satisfecho
126516;F;45;SI;Negocios;Eco;313;3;3;0;neutral o insatisfecho
95975;F;47;NO;Negocios;Eco;1090;5;4;0;neutral o insatisfecho
2679;F;64;SI;Vacaciones;Eco;622;4;1;109;neutral o insatisfecho
14240;M;28;NO;Negocios;Eco;1027;3;2;0;neutral o insatisfecho
118265;F;48;SI;Negocios;Eco Plus;1972;3;3;59;neutral o insatisfecho
97194;M;39;SI;Vacaciones;Eco;1497;1;4;0;neutral o insatisfecho
7996;M;47;SI;Negocios;Business;3306;3;3;0;neutral o insatisfecho
39218;M;32;SI;Negocios;Business;2558;5;5;0;satisfecho
22572;M;38;SI;Negocios;Business;1833;5;4;4;satisfecho
110743;F;40;SI;Negocios;Business;3567;5;4;0;satisfecho
7705;M;30;SI;Vacaciones;Eco;604;2;5;0;neutral o insatisfecho
111024;M;30;SI;Negocios;Business;3046;2;3;48;neutral o insatisfecho
60503;M;45;SI;Vacaciones;Eco;862;3;3;8;satisfecho
93713;M;30;SI;Vacaciones;Eco;689;3;3;0;neutral o insatisfecho
2177;M;40;SI;Negocios;Eco;685;4;4;0;neutral o insatisfecho
43771;M;24;NO;Negocios;Eco;481;2;4;10;neutral o insatisfecho
50192;F;40;NO;Negocios;Business;156;3;3;8;neutral o insatisfecho
47240;F;62;SI;Vacaciones;Eco Plus;748;5;3;0;neutral o insatisfecho
31634;F;30;SI;Negocios;Business;3325;5;5;2;satisfecho
84272;F;27;SI;Negocios;Business;334;5;5;0;satisfecho
129144;F;29;SI;Negocios;Business;1559;4;3;0;satisfecho
36985;F;20;NO;Negocios;Eco;899;2;2;107;neutral o insatisfecho
60638;F;59;SI;Negocios;Business;1620;5;4;50;satisfecho
18549;F;36;SI;Negocios;Business;1891;5;4;0;satisfecho
75493;M;39;SI;Negocios;Business;2585;5;4;3;satisfecho
92158;M;38;SI;Vacaciones;Eco Plus;1535;1;4;11;neutral o insatisfecho
98864;F;42;SI;Vacaciones;Eco;1751;2;5;84;neutral o insatisfecho
114740;M;39;NO;Negocios;Business;337;2;3;78;neutral o insatisfecho
15107;M;60;SI;Vacaciones;Eco;224;4;5;21;neutral o insatisfecho
110893;M;60;SI;Negocios;Business;2223;4;4;1;satisfecho
15026;M;21;NO;Negocios;Eco;576;5;4;200;neutral o insatisfecho
103907;M;37;NO;Negocios;Business;770;4;4;14;neutral o insatisfecho
89999;F;41;SI;Negocios;Business;1127;4;4;0;satisfecho
119621;M;58;SI;Negocios;Eco;335;1;2;0;neutral o insatisfecho
32404;F;49;SI;Negocios;Eco;163;4;4;0;satisfecho
79469;M;68;SI;Vacaciones;Eco;1183;3;5;37;neutral o insatisfecho
76580;M;36;SI;Negocios;Eco;547;2;3;1;neutral o insatisfecho
10431;M;48;SI;Negocios;Business;316;5;4;0;satisfecho
99549;M;21;NO;Negocios;Business;802;3;4;122;satisfecho
20738;F;40;SI;Negocios;Eco;363;5;3;0;satisfecho
19624;F;56;SI;Negocios;Business;1669;5;3;82;satisfecho
95048;F;47;SI;Vacaciones;Eco;239;5;5;0;neutral o insatisfecho
87717;M;41;SI;Negocios;Business;1523;4;5;0;satisfecho
29227;F;58;SI;Negocios;Eco;550;1;5;0;satisfecho
97892;M;31;SI;Negocios;Business;612;3;4;0;satisfecho
85647;F;35;SI;Negocios;Eco Plus;259;1;4;9;neutral o insatisfecho
82785;M;57;NO;Negocios;Business;231;3;2;37;neutral o insatisfecho
32559;F;43;SI;Negocios;Eco;102;3;4;2;satisfecho
113609;M;57;SI;Vacaciones;Eco;236;1;1;1;neutral o insatisfecho
115175;M;58;SI;Negocios;Business;2814;5;5;0;satisfecho
25964;F;40;NO;Negocios;Business;546;2;4;0;neutral o insatisfecho
43489;M;36;NO;Negocios;Business;279;2;2;0;neutral o insatisfecho
117518;F;42;SI;Negocios;Business;872;4;4;0;satisfecho
104970;M;41;SI;Negocios;Business;3019;5;4;23;satisfecho
105943;F;42;SI;Vacaciones;Eco Plus;1491;1;2;6;neutral o insatisfecho
59197;F;42;SI;Negocios;Business;1440;4;5;7;satisfecho
77345;F;53;SI;Negocios;Business;588;5;2;0;satisfecho
5634;F;35;SI;Vacaciones;Eco Plus;685;4;3;0;neutral o insatisfecho
48473;M;45;SI;Negocios;Business;3439;4;1;3;neutral o insatisfecho
118946;F;46;SI;Negocios;Business;3388;5;4;129;satisfecho
55943;M;54;SI;Negocios;Business;1620;5;3;0;satisfecho
88580;M;29;SI;Vacaciones;Eco;223;1;3;26;neutral o insatisfecho
108855;F;25;NO;Negocios;Business;2139;3;4;11;neutral o insatisfecho
116166;M;21;SI;Vacaciones;Eco;390;3;3;44;neutral o insatisfecho
81179;M;39;SI;Negocios;Business;726;5;5;0;satisfecho
80515;F;64;SI;Vacaciones;Eco;1749;2;1;182;neutral o insatisfecho
87757;M;21;NO;Negocios;Eco;214;5;4;2;satisfecho
69213;M;51;SI;Negocios;Business;733;5;5;7;satisfecho
51551;M;24;SI;Negocios;Eco;651;4;5;40;satisfecho
102890;F;29;NO;Negocios;Business;1037;1;4;0;satisfecho
85567;F;30;SI;Negocios;Business;3560;3;3;1;satisfecho
16903;F;40;SI;Vacaciones;Eco;746;5;4;14;neutral o insatisfecho
12729;M;40;SI;Vacaciones;Eco;721;3;4;8;satisfecho
127043;F;28;NO;Negocios;Eco;646;5;4;0;neutral o insatisfecho
19647;M;50;SI;Vacaciones;Eco Plus;642;4;4;0;neutral o insatisfecho
121129;M;36;SI;Negocios;Business;2402;5;5;0;satisfecho
7168;F;37;SI;Negocios;Business;3498;4;1;35;satisfecho
66923;M;58;SI;Negocios;Business;2393;5;3;40;satisfecho
110241;F;58;SI;Negocios;Business;1011;5;5;2;satisfecho
50896;M;33;SI;Vacaciones;Eco;337;3;5;34;neutral o insatisfecho
30131;M;20;SI;Vacaciones;Eco;95;4;2;0;neutral o insatisfecho
72611;F;53;SI;Vacaciones;Eco;918;4;2;0;neutral o insatisfecho
112254;M;55;SI;Negocios;Business;1703;3;2;15;neutral o insatisfecho
41269;F;31;SI;Vacaciones;Eco;305;5;3;0;satisfecho
47577;F;45;SI;Negocios;Business;1464;5;5;56;satisfecho
93836;M;33;SI;Negocios;Business;391;3;2;18;neutral o insatisfecho
68345;F;36;SI;Negocios;Eco;1598;1;4;0;neutral o insatisfecho
68469;F;45;NO;Negocios;Business;1067;1;4;0;satisfecho
59399;M;58;SI;Vacaciones;Eco;2486;5;2;0;neutral o insatisfecho
86828;M;24;NO;Negocios;Eco;692;3;4;72;neutral o insatisfecho
100803;F;69;SI;Vacaciones;Eco;748;1;5;0;neutral o insatisfecho
64037;F;25;NO;Negocios;Business;921;1;5;0;neutral o insatisfecho
99726;M;50;SI;Negocios;Business;255;4;4;21;satisfecho
55956;F;53;SI;Negocios;Business;1620;4;5;0;satisfecho
30416;F;31;SI;Negocios;Eco Plus;862;5;3;0;satisfecho
91898;F;56;SI;Negocios;Business;2586;4;5;0;satisfecho
109759;F;18;SI;Vacaciones;Eco Plus;587;5;4;0;neutral o insatisfecho
8900;F;53;SI;Vacaciones;Eco Plus;622;4;3;36;neutral o insatisfecho
56645;M;36;SI;Negocios;Business;597;1;2;15;neutral o insatisfecho
110901;M;76;SI;Negocios;Eco;404;3;1;6;neutral o insatisfecho
80829;M;62;SI;Negocios;Eco;692;1;1;0;neutral o insatisfecho
2063;F;44;SI;Negocios;Business;2610;3;1;0;neutral o insatisfecho
2940;M;29;SI;Vacaciones;Business;737;2;3;0;neutral o insatisfecho
93455;F;61;SI;Vacaciones;Eco;672;4;1;75;neutral o insatisfecho
51713;F;33;SI;Negocios;Eco;237;5;5;0;satisfecho
76586;F;39;SI;Negocios;Eco;481;4;3;0;neutral o insatisfecho
33273;F;68;SI;Vacaciones;Eco Plus;102;1;5;0;neutral o insatisfecho
102077;F;55;SI;Negocios;Business;1924;4;3;6;satisfecho
112276;F;21;SI;Vacaciones;Eco;1703;1;4;42;neutral o insatisfecho
14036;F;18;SI;Vacaciones;Eco;1117;1;5;0;neutral o insatisfecho
49579;M;47;SI;Negocios;Eco;337;4;1;0;satisfecho
50355;F;24;NO;Negocios;Eco;86;4;4;0;satisfecho
93339;M;34;SI;Negocios;Business;3687;4;5;1;satisfecho
57146;M;36;SI;Vacaciones;Eco Plus;1222;4;1;2;neutral o insatisfecho
74042;F;25;NO;Negocios;Business;1194;1;5;0;satisfecho
106975;F;76;SI;Negocios;Business;1934;2;3;10;satisfecho
91448;M;32;SI;Negocios;Business;2825;4;3;0;satisfecho
103920;M;60;SI;Negocios;Business;2302;5;3;0;satisfecho
34830;M;55;SI;Negocios;Eco Plus;264;2;4;0;satisfecho
115715;M;40;SI;Negocios;Eco;404;2;2;40;neutral o insatisfecho
6936;F;53;SI;Negocios;Business;588;5;5;0;satisfecho
6527;F;21;SI;Vacaciones;Eco;599;4;5;0;satisfecho
9407;F;25;NO;Negocios;Eco;1027;3;2;0;neutral o insatisfecho
108949;M;24;NO;Negocios;Business;542;5;3;99;satisfecho
99937;M;31;SI;Negocios;Eco Plus;764;2;1;74;neutral o insatisfecho
91313;F;49;SI;Negocios;Business;270;4;5;0;satisfecho
123264;M;46;SI;Vacaciones;Eco;328;1;5;0;neutral o insatisfecho
10898;F;37;SI;Negocios;Business;2604;3;2;0;neutral o insatisfecho
35536;M;30;SI;Vacaciones;Eco;1080;2;5;4;neutral o insatisfecho
15721;M;38;SI;Negocios;Eco;419;3;4;85;neutral o insatisfecho
58622;M;47;SI;Negocios;Eco Plus;137;1;3;55;neutral o insatisfecho
68121;F;19;SI;Vacaciones;Eco;868;4;4;0;satisfecho
57372;F;50;SI;Vacaciones;Eco;414;3;1;1;neutral o insatisfecho
36598;F;29;NO;Negocios;Eco;1197;3;3;0;neutral o insatisfecho
2334;F;47;SI;Vacaciones;Eco;690;5;2;25;neutral o insatisfecho
39580;F;47;SI;Negocios;Eco;908;1;3;0;satisfecho
116703;F;36;NO;Negocios;Eco Plus;337;3;3;0;neutral o insatisfecho
92742;M;39;SI;Vacaciones;Eco;1276;4;5;68;satisfecho
41647;F;35;SI;Negocios;Business;2849;1;5;98;satisfecho
4714;F;61;SI;Vacaciones;Eco Plus;364;5;5;0;neutral o insatisfecho
113308;F;57;SI;Negocios;Business;2849;5;4;5;satisfecho
46228;F;29;NO;Negocios;Eco;679;4;5;3;neutral o insatisfecho
68721;F;38;NO;Negocios;Business;237;3;5;24;satisfecho
125769;F;52;NO;Negocios;Business;993;3;3;0;neutral o insatisfecho
95536;M;47;SI;Vacaciones;Eco Plus;319;4;3;0;satisfecho
119163;F;23;NO;Negocios;Eco;331;5;3;0;satisfecho
29548;M;38;SI;Negocios;Business;1448;1;4;0;satisfecho
35814;M;30;SI;Negocios;Business;2919;3;3;0;satisfecho
26886;F;36;SI;Negocios;Business;2702;1;4;0;satisfecho
61503;F;51;SI;Negocios;Eco;942;3;4;44;neutral o insatisfecho
98207;M;59;SI;Vacaciones;Eco;327;5;2;0;neutral o insatisfecho
23309;F;27;SI;Negocios;Eco;563;5;2;2;satisfecho
36120;F;34;SI;Negocios;Business;1609;4;5;0;satisfecho
35289;F;26;SI;Negocios;Business;2169;4;1;0;satisfecho
5421;M;30;SI;Vacaciones;Eco;589;3;4;8;neutral o insatisfecho
62973;F;32;SI;Negocios;Business;2273;1;4;0;neutral o insatisfecho
63774;M;47;SI;Negocios;Business;1721;4;4;0;satisfecho
129447;F;66;SI;Vacaciones;Eco;414;4;4;0;neutral o insatisfecho
97253;M;68;SI;Negocios;Eco;296;3;1;0;neutral o insatisfecho
3424;M;36;SI;Vacaciones;Eco;315;1;1;0;neutral o insatisfecho
15324;F;44;SI;Negocios;Eco;599;3;3;0;neutral o insatisfecho
91571;M;26;NO;Negocios;Business;1123;3;5;0;satisfecho
103478;M;47;SI;Negocios;Business;2910;4;2;13;satisfecho
36939;F;28;NO;Negocios;Eco;718;4;5;42;neutral o insatisfecho
47408;F;28;SI;Negocios;Business;2700;4;3;136;neutral o insatisfecho
128161;M;54;SI;Negocios;Business;1849;5;2;0;satisfecho
64650;F;35;SI;Negocios;Business;3835;5;5;0;satisfecho
88372;F;36;SI;Negocios;Business;1528;3;1;1;neutral o insatisfecho
47798;F;43;SI;Negocios;Eco;846;3;4;0;satisfecho
116545;F;35;SI;Vacaciones;Eco;342;3;3;0;neutral o insatisfecho
103271;F;34;SI;Vacaciones;Eco;888;4;2;2;neutral o insatisfecho
34652;M;43;SI;Vacaciones;Eco;427;4;2;159;neutral o insatisfecho
53725;M;43;SI;Vacaciones;Eco;1208;1;4;3;neutral o insatisfecho
1959;F;54;SI;Negocios;Business;2795;3;1;0;satisfecho
44687;M;38;SI;Negocios;Business;173;3;4;80;satisfecho
110811;F;56;SI;Vacaciones;Eco;990;5;3;65;neutral o insatisfecho
119933;M;41;SI;Negocios;Business;868;5;5;0;satisfecho
105349;F;38;SI;Vacaciones;Eco;409;1;2;0;neutral o insatisfecho
57294;F;54;SI;Negocios;Business;2369;4;4;82;satisfecho
110365;M;23;SI;Negocios;Business;3552;5;5;18;satisfecho
120189;F;37;SI;Negocios;Business;2033;4;4;0;satisfecho
111822;M;29;NO;Negocios;Business;1605;3;5;27;neutral o insatisfecho
121397;M;63;SI;Vacaciones;Business;331;5;2;0;neutral o insatisfecho
129597;F;49;SI;Negocios;Business;3496;4;4;0;satisfecho
104320;M;51;SI;Negocios;Business;409;4;3;0;neutral o insatisfecho
126717;F;23;SI;Negocios;Business;2402;4;3;17;satisfecho
61583;F;21;SI;Vacaciones;Business;1635;2;3;28;satisfecho
24030;F;65;SI;Negocios;Eco;162;3;3;0;neutral o insatisfecho
71506;M;43;SI;Negocios;Business;3600;4;5;0;satisfecho
73157;M;38;SI;Vacaciones;Business;1145;5;3;0;neutral o insatisfecho
49387;M;22;NO;Negocios;Eco;89;5;2;0;neutral o insatisfecho
49318;F;42;SI;Negocios;Business;3663;1;5;0;satisfecho
97921;F;51;SI;Negocios;Business;2121;4;5;88;satisfecho
53343;M;43;SI;Negocios;Business;1452;3;4;14;satisfecho
9156;M;39;SI;Negocios;Business;2548;5;5;49;satisfecho
128258;M;27;SI;Negocios;Business;3036;4;4;0;satisfecho
8568;M;55;SI;Negocios;Business;109;5;4;0;satisfecho
126553;M;52;SI;Vacaciones;Eco;644;4;2;0;neutral o insatisfecho
124779;M;56;SI;Negocios;Business;1863;4;5;0;satisfecho
47899;M;49;SI;Negocios;Business;150;5;5;0;satisfecho
10799;F;44;SI;Negocios;Business;2340;4;5;0;satisfecho
41396;F;22;SI;Negocios;Business;1869;4;4;0;satisfecho
17556;M;25;NO;Negocios;Eco;1034;4;4;0;neutral o insatisfecho
71074;M;55;SI;Vacaciones;Eco;802;2;1;36;neutral o insatisfecho
88027;F;25;NO;Negocios;Business;594;5;3;0;neutral o insatisfecho
128308;F;40;NO;Negocios;Business;338;2;5;66;neutral o insatisfecho
10049;F;53;SI;Negocios;Eco;326;3;2;53;neutral o insatisfecho
122349;F;23;NO;Negocios;Eco;529;4;5;0;neutral o insatisfecho
28241;M;32;SI;Vacaciones;Eco;1009;1;3;0;neutral o insatisfecho
105109;M;29;SI;Negocios;Business;281;2;4;0;neutral o insatisfecho
24093;M;19;SI;Negocios;Business;3217;5;1;0;satisfecho
110521;F;22;SI;Negocios;Business;2785;5;5;0;satisfecho
116934;F;39;SI;Negocios;Business;304;4;5;3;satisfecho
2100;F;48;SI;Vacaciones;Eco;785;4;2;0;neutral o insatisfecho
122568;F;55;SI;Negocios;Business;3074;5;5;36;satisfecho
116240;F;48;SI;Vacaciones;Eco;417;2;3;0;neutral o insatisfecho
29265;F;27;SI;Negocios;Eco;859;5;4;0;satisfecho
109925;F;21;SI;Vacaciones;Eco;971;5;5;38;neutral o insatisfecho
37099;M;22;SI;Negocios;Business;2252;4;2;0;satisfecho
113876;M;39;SI;Vacaciones;Eco;1592;3;2;0;neutral o insatisfecho
53088;F;50;SI;Vacaciones;Eco;2327;2;5;90;neutral o insatisfecho
21012;M;39;SI;Negocios;Business;2368;4;5;30;satisfecho
69798;M;48;SI;Negocios;Eco;1055;4;3;0;neutral o insatisfecho
1457;M;37;SI;Negocios;Business;695;3;2;0;neutral o insatisfecho
97287;F;49;SI;Negocios;Business;347;4;4;1;satisfecho
28633;M;27;SI;Negocios;Business;2466;5;3;0;satisfecho
50965;F;21;SI;Vacaciones;Eco;190;3;5;0;neutral o insatisfecho
35677;M;48;SI;Negocios;Business;2521;4;3;0;neutral o insatisfecho
107319;F;45;SI;Negocios;Eco Plus;283;3;3;50;neutral o insatisfecho
51971;M;48;SI;Negocios;Business;1501;3;5;0;neutral o insatisfecho
63746;M;53;SI;Vacaciones;Eco;1660;5;4;18;neutral o insatisfecho
20397;F;42;SI;Vacaciones;Eco;459;3;4;145;neutral o insatisfecho
40431;M;34;SI;Negocios;Business;175;5;3;0;satisfecho
91287;M;35;SI;Negocios;Business;2976;4;3;0;satisfecho
99018;M;36;SI;Negocios;Eco Plus;479;3;2;56;neutral o insatisfecho
83809;F;50;SI;Negocios;Business;3354;4;5;31;satisfecho
85842;M;59;SI;Vacaciones;Eco;666;2;4;0;neutral o insatisfecho
110679;M;32;SI;Vacaciones;Eco;945;4;2;1;satisfecho
8560;F;41;SI;Negocios;Business;109;5;4;0;satisfecho
51086;F;66;SI;Vacaciones;Eco;110;4;5;7;neutral o insatisfecho
87632;M;52;NO;Negocios;Business;606;1;3;0;satisfecho
102617;M;56;SI;Vacaciones;Eco;1294;1;3;7;neutral o insatisfecho
64188;F;21;SI;Vacaciones;Eco;1047;1;4;0;neutral o insatisfecho
12332;M;48;NO;Negocios;Business;285;1;3;0;neutral o insatisfecho
71317;F;27;SI;Negocios;Business;1514;4;3;13;satisfecho
122211;F;49;SI;Negocios;Business;2943;5;4;7;satisfecho
50411;F;26;NO;Negocios;Eco;110;5;1;0;neutral o insatisfecho
82185;M;40;SI;Negocios;Business;1927;4;4;0;satisfecho
47313;M;22;NO;Negocios;Eco;588;2;4;0;satisfecho
121547;M;55;SI;Negocios;Business;3086;5;4;0;satisfecho
32080;M;49;SI;Negocios;Eco;163;5;5;0;satisfecho
54913;M;47;SI;Negocios;Business;862;5;5;3;satisfecho
35967;M;43;SI;Vacaciones;Eco;231;4;1;96;neutral o insatisfecho
20874;F;40;SI;Negocios;Eco Plus;357;5;3;0;satisfecho
108517;M;29;SI;Vacaciones;Eco;519;4;5;0;neutral o insatisfecho
62866;F;30;SI;Negocios;Business;2583;3;2;0;neutral o insatisfecho
3121;F;29;NO;Negocios;Eco;1013;3;3;0;satisfecho
105498;F;61;SI;Vacaciones;Eco;516;2;3;10;neutral o insatisfecho
65031;M;31;SI;Vacaciones;Eco;190;5;3;0;neutral o insatisfecho
6714;F;54;SI;Vacaciones;Eco;438;5;3;0;neutral o insatisfecho
32819;F;23;NO;Negocios;Eco;216;3;2;11;neutral o insatisfecho
2256;F;55;SI;Negocios;Business;2829;4;5;0;satisfecho
20000;M;36;SI;Negocios;Eco;589;4;5;0;satisfecho
57051;F;49;SI;Negocios;Business;2133;4;5;20;satisfecho
55822;M;50;SI;Negocios;Business;1416;4;3;5;satisfecho
27228;M;40;SI;Negocios;Business;2681;4;2;0;neutral o insatisfecho
82786;M;42;NO;Negocios;Business;231;4;3;31;neutral o insatisfecho
121987;F;40;NO;Negocios;Business;130;2;3;0;neutral o insatisfecho
75740;F;54;SI;Negocios;Eco;868;4;1;28;neutral o insatisfecho
121515;M;47;SI;Negocios;Business;3240;4;2;0;satisfecho
101023;M;45;SI;Vacaciones;Eco;867;3;3;40;neutral o insatisfecho
16479;F;34;SI;Vacaciones;Eco Plus;529;3;5;108;neutral o insatisfecho
121305;M;43;SI;Negocios;Business;3061;4;3;0;satisfecho
98330;F;56;SI;Negocios;Business;1237;4;4;19;satisfecho
72985;M;24;NO;Negocios;Eco;944;4;1;0;neutral o insatisfecho
71677;F;40;SI;Vacaciones;Eco;1197;4;1;0;neutral o insatisfecho
35118;M;30;SI;Negocios;Eco;972;3;4;0;satisfecho
33545;M;29;SI;Vacaciones;Business;399;2;4;39;neutral o insatisfecho
65037;F;58;SI;Vacaciones;Eco;190;4;4;0;neutral o insatisfecho
80581;M;64;SI;Vacaciones;Eco;1747;1;5;0;satisfecho
27795;F;51;SI;Negocios;Eco;1448;3;4;0;satisfecho
17035;F;33;SI;Vacaciones;Eco Plus;781;3;5;0;neutral o insatisfecho
33565;M;36;SI;Negocios;Eco;399;3;2;55;neutral o insatisfecho
29049;M;51;SI;Vacaciones;Eco;605;4;4;0;satisfecho
78664;F;29;SI;Negocios;Business;2589;5;4;0;satisfecho
99521;M;67;SI;Negocios;Eco Plus;307;1;3;0;neutral o insatisfecho
42853;M;33;SI;Vacaciones;Eco;328;3;3;0;neutral o insatisfecho
74163;M;46;SI;Vacaciones;Eco;641;1;3;0;satisfecho
101710;F;26;NO;Negocios;Eco;1624;4;2;4;neutral o insatisfecho
898;F;40;NO;Negocios;Business;247;4;2;19;neutral o insatisfecho
90066;F;25;NO;Negocios;Business;983;4;3;0;neutral o insatisfecho
87146;F;60;SI;Vacaciones;Eco Plus;640;2;2;2;neutral o insatisfecho
98569;F;53;SI;Negocios;Business;951;4;4;0;satisfecho
36834;M;57;SI;Negocios;Business;2640;3;3;0;neutral o insatisfecho
100291;F;44;SI;Negocios;Business;1073;4;4;107;satisfecho
15444;F;26;SI;Negocios;Business;2561;2;3;0;neutral o insatisfecho
11763;F;31;SI;Negocios;Eco;429;2;3;5;satisfecho
45301;F;43;SI;Negocios;Business;222;1;5;0;satisfecho
84699;F;51;SI;Negocios;Business;547;5;4;0;satisfecho
356;M;50;SI;Negocios;Business;102;4;4;23;satisfecho
86510;M;21;SI;Vacaciones;Eco;762;4;2;22;neutral o insatisfecho
55299;M;18;NO;Negocios;Eco;1381;4;4;0;satisfecho
34953;M;45;SI;Vacaciones;Eco;187;5;3;0;neutral o insatisfecho
110355;F;57;SI;Negocios;Business;2314;4;5;0;satisfecho
86641;M;26;SI;Negocios;Business;3581;4;3;0;satisfecho
24558;M;28;SI;Negocios;Business;3522;3;4;6;neutral o insatisfecho
70007;M;33;SI;Vacaciones;Eco;236;3;5;0;neutral o insatisfecho
38352;F;41;SI;Negocios;Business;1180;1;5;0;satisfecho
30483;M;51;SI;Negocios;Eco Plus;1201;2;1;0;satisfecho
43560;F;25;NO;Negocios;Eco;637;4;1;1;neutral o insatisfecho
61088;F;64;SI;Vacaciones;Eco;1546;4;4;0;neutral o insatisfecho
88276;F;33;SI;Negocios;Business;270;4;2;49;neutral o insatisfecho
28882;M;38;SI;Negocios;Business;3883;4;5;0;satisfecho
91928;F;60;SI;Negocios;Business;2586;4;4;0;satisfecho
51991;F;64;SI;Vacaciones;Eco Plus;347;3;3;0;neutral o insatisfecho
91866;M;45;SI;Negocios;Business;1995;5;4;4;satisfecho
82992;F;55;SI;Negocios;Business;1861;5;4;0;satisfecho
67787;M;28;SI;Negocios;Business;1205;5;4;0;satisfecho
24652;F;38;SI;Negocios;Business;1760;2;3;0;satisfecho
77109;M;35;NO;Negocios;Business;1481;3;4;0;neutral o insatisfecho
82493;F;34;NO;Negocios;Eco;488;4;1;55;neutral o insatisfecho
88960;M;30;SI;Negocios;Business;3327;2;2;3;neutral o insatisfecho
45193;M;26;NO;Negocios;Eco;1037;4;4;0;neutral o insatisfecho
23637;F;22;SI;Vacaciones;Eco;793;2;4;102;neutral o insatisfecho
124614;F;42;SI;Negocios;Business;1671;4;4;0;satisfecho
60247;F;32;SI;Vacaciones;Eco;1506;2;4;0;neutral o insatisfecho
113851;M;32;SI;Negocios;Business;1592;2;3;4;neutral o insatisfecho
110819;M;28;SI;Vacaciones;Eco;997;3;5;3;neutral o insatisfecho
87489;M;62;SI;Negocios;Business;2878;4;2;0;neutral o insatisfecho
53822;F;22;SI;Negocios;Business;2971;3;4;0;satisfecho
69149;F;61;SI;Vacaciones;Eco;2248;3;4;2;neutral o insatisfecho
119916;M;36;SI;Negocios;Business;2137;3;3;14;neutral o insatisfecho
4542;M;32;SI;Negocios;Business;719;4;3;0;satisfecho
93773;F;43;SI;Negocios;Business;1865;4;4;7;satisfecho
91323;F;20;NO;Negocios;Eco Plus;270;5;2;0;neutral o insatisfecho
76143;F;36;NO;Negocios;Business;689;2;4;40;neutral o insatisfecho
89122;M;48;SI;Negocios;Eco;1919;1;2;35;neutral o insatisfecho
6377;M;46;SI;Negocios;Eco;296;4;3;4;neutral o insatisfecho
120092;M;51;SI;Negocios;Business;683;5;5;3;satisfecho
113682;F;40;SI;Vacaciones;Eco;223;3;3;0;neutral o insatisfecho
38226;M;22;SI;Negocios;Eco Plus;1197;5;4;0;satisfecho
19283;M;48;SI;Negocios;Eco;299;5;1;69;satisfecho
29001;M;50;SI;Negocios;Eco;937;2;3;0;neutral o insatisfecho
59987;F;45;SI;Vacaciones;Eco;997;5;2;0;neutral o insatisfecho
19447;F;56;SI;Negocios;Eco;363;4;4;17;satisfecho
82388;M;27;NO;Negocios;Business;501;3;3;0;satisfecho
116361;M;36;SI;Vacaciones;Eco;446;1;5;23;neutral o insatisfecho
51865;M;31;SI;Vacaciones;Eco;522;2;4;16;neutral o insatisfecho
23966;F;49;SI;Negocios;Eco;596;3;5;0;satisfecho
61188;M;33;SI;Negocios;Business;862;5;4;9;satisfecho
13140;M;28;SI;Vacaciones;Eco;427;1;3;3;neutral o insatisfecho
42288;F;48;SI;Negocios;Business;1899;2;2;2;satisfecho
123608;M;45;SI;Negocios;Business;1773;5;5;25;satisfecho
79696;M;47;SI;Vacaciones;Eco;762;5;3;37;neutral o insatisfecho
40717;F;31;SI;Negocios;Business;3018;5;5;0;satisfecho
8762;M;44;SI;Vacaciones;Eco;1147;5;3;108;neutral o insatisfecho
19191;F;49;SI;Negocios;Eco;542;3;1;0;neutral o insatisfecho
19629;M;22;SI;Negocios;Business;3823;4;5;82;satisfecho
3315;M;51;SI;Negocios;Business;2730;5;5;0;satisfecho
51882;F;57;SI;Negocios;Business;3258;5;4;0;satisfecho
69975;F;47;SI;Negocios;Business;236;4;5;0;satisfecho
96157;M;21;SI;Negocios;Business;328;5;5;0;satisfecho
103389;F;49;SI;Negocios;Business;3975;5;2;38;satisfecho
22360;F;41;SI;Negocios;Business;143;4;4;0;satisfecho
7644;M;48;SI;Negocios;Business;3764;4;5;0;satisfecho
25556;F;52;SI;Negocios;Business;696;4;2;6;neutral o insatisfecho
14319;F;63;SI;Negocios;Business;2581;1;5;0;satisfecho
70274;M;48;SI;Negocios;Business;2912;5;4;0;satisfecho
97064;F;41;NO;Negocios;Business;1497;2;4;0;neutral o insatisfecho
53773;M;30;SI;Negocios;Eco Plus;1195;5;1;2;satisfecho
125156;F;53;SI;Negocios;Business;813;5;2;41;satisfecho
108451;M;40;SI;Negocios;Business;1044;1;1;70;neutral o insatisfecho
85053;F;41;SI;Negocios;Business;731;4;4;27;satisfecho
115180;M;37;NO;Negocios;Business;337;5;5;18;neutral o insatisfecho
120361;M;59;SI;Negocios;Business;366;5;5;0;satisfecho
34853;M;41;SI;Negocios;Eco;1826;1;2;71;neutral o insatisfecho
90274;F;43;SI;Negocios;Business;2542;4;1;0;neutral o insatisfecho
76606;F;48;SI;Negocios;Business;2473;5;5;0;satisfecho
102809;M;55;SI;Negocios;Business;342;5;4;61;satisfecho
101823;F;20;SI;Vacaciones;Eco;1521;3;1;0;satisfecho
77577;F;57;SI;Negocios;Business;2313;2;2;59;neutral o insatisfecho
75900;M;49;SI;Negocios;Business;1765;2;5;294;neutral o insatisfecho
113882;F;38;SI;Vacaciones;Eco Plus;1363;4;5;19;neutral o insatisfecho
123460;M;21;NO;Negocios;Eco;911;1;4;0;neutral o insatisfecho
110056;M;28;SI;Vacaciones;Eco;2173;3;4;5;satisfecho
91377;M;80;SI;Negocios;Eco Plus;406;3;2;0;neutral o insatisfecho
120907;F;30;SI;Negocios;Business;992;1;3;3;satisfecho
39726;F;63;SI;Negocios;Business;320;3;3;1;neutral o insatisfecho
129258;M;55;SI;Negocios;Business;3737;5;4;0;satisfecho
43843;F;52;SI;Negocios;Eco;199;3;5;0;satisfecho
115181;M;41;SI;Negocios;Business;337;4;4;2;satisfecho
119285;M;49;SI;Negocios;Business;1823;4;5;0;satisfecho
79737;F;47;SI;Negocios;Eco Plus;749;4;3;50;neutral o insatisfecho
123232;M;35;SI;Vacaciones;Eco;328;4;1;11;neutral o insatisfecho
126395;F;65;SI;Vacaciones;Eco;600;4;2;5;neutral o insatisfecho
81786;F;35;SI;Negocios;Business;1310;5;5;0;satisfecho
42022;M;40;SI;Negocios;Business;3629;1;2;0;satisfecho
33600;F;48;SI;Negocios;Business;474;5;3;0;satisfecho
49619;M;50;SI;Negocios;Business;3915;4;4;0;satisfecho
53892;M;53;SI;Vacaciones;Eco;140;4;2;8;neutral o insatisfecho
126602;F;30;SI;Negocios;Business;1337;4;3;0;satisfecho
97526;F;34;SI;Negocios;Business;2621;4;3;91;neutral o insatisfecho
52881;M;21;NO;Negocios;Eco;624;5;3;94;satisfecho
119797;M;42;SI;Negocios;Business;1948;4;4;0;satisfecho
71600;M;46;SI;Negocios;Eco;1182;2;3;0;neutral o insatisfecho
106741;M;22;NO;Negocios;Eco;945;1;3;36;neutral o insatisfecho
124026;M;66;SI;Vacaciones;Eco;184;5;3;0;neutral o insatisfecho
85479;F;47;NO;Negocios;Eco;214;3;3;63;neutral o insatisfecho
85957;F;22;NO;Negocios;Business;447;3;5;7;satisfecho
122539;F;41;SI;Negocios;Business;500;4;4;0;satisfecho
80611;M;38;SI;Negocios;Business;236;4;5;0;satisfecho
56775;F;67;SI;Vacaciones;Eco Plus;1085;2;4;0;neutral o insatisfecho
29085;M;38;SI;Vacaciones;Eco;987;2;5;0;neutral o insatisfecho
24198;M;53;SI;Negocios;Eco;147;3;4;0;neutral o insatisfecho
38756;F;51;SI;Negocios;Eco;354;4;5;0;satisfecho
9656;M;25;NO;Negocios;Business;277;1;1;0;neutral o insatisfecho
87956;M;51;SI;Negocios;Business;545;4;4;0;satisfecho
92983;F;58;SI;Negocios;Business;738;5;4;1;satisfecho
80947;M;48;SI;Negocios;Business;3905;5;1;0;satisfecho
10773;F;39;SI;Negocios;Business;3454;3;2;0;neutral o insatisfecho
39197;M;36;SI;Vacaciones;Eco;318;3;4;0;neutral o insatisfecho
88180;F;45;SI;Negocios;Business;3550;5;4;1;satisfecho
19165;F;25;SI;Negocios;Business;304;4;2;0;neutral o insatisfecho
15504;M;47;SI;Vacaciones;Eco;433;5;3;0;neutral o insatisfecho
124437;F;23;NO;Negocios;Eco;1262;2;5;0;neutral o insatisfecho
71276;M;47;SI;Vacaciones;Eco;733;2;4;0;neutral o insatisfecho
4959;M;46;SI;Negocios;Eco;531;3;4;98;neutral o insatisfecho
123604;F;59;SI;Vacaciones;Eco;1773;4;2;23;neutral o insatisfecho
36456;F;34;SI;Negocios;Business;3835;3;3;0;neutral o insatisfecho
41855;F;24;NO;Negocios;Eco;483;3;1;0;neutral o insatisfecho
122386;F;20;SI;Vacaciones;Eco;529;2;5;0;neutral o insatisfecho
46178;F;27;SI;Negocios;Eco Plus;627;2;2;83;satisfecho
40031;M;19;SI;Vacaciones;Eco;525;3;4;0;neutral o insatisfecho
59464;F;20;NO;Negocios;Eco;758;3;5;9;neutral o insatisfecho
106760;M;27;SI;Vacaciones;Eco;829;4;3;0;neutral o insatisfecho
107771;F;52;SI;Negocios;Eco Plus;405;4;3;40;neutral o insatisfecho
78304;M;33;SI;Vacaciones;Eco;1598;1;5;0;neutral o insatisfecho
52247;F;58;SI;Negocios;Business;2395;4;3;0;neutral o insatisfecho
13117;M;34;SI;Negocios;Business;1660;5;4;0;satisfecho
13420;M;35;NO;Negocios;Eco;409;5;1;0;neutral o insatisfecho
93627;F;39;SI;Negocios;Business;177;4;1;19;neutral o insatisfecho
7657;M;35;SI;Negocios;Business;3723;4;3;26;satisfecho
7094;F;37;SI;Negocios;Eco;157;4;4;0;satisfecho
75505;F;69;SI;Vacaciones;Eco Plus;2585;4;3;0;neutral o insatisfecho
102421;M;23;SI;Vacaciones;Eco;197;1;1;1;neutral o insatisfecho
121117;M;52;SI;Negocios;Business;2370;5;4;0;satisfecho
28287;M;39;SI;Negocios;Business;3887;5;4;0;satisfecho
70494;F;42;SI;Negocios;Eco;867;3;5;0;satisfecho
44300;M;36;NO;Negocios;Eco;1428;3;3;5;neutral o insatisfecho
3692;M;37;SI;Negocios;Business;2327;4;1;53;neutral o insatisfecho
63419;M;24;SI;Vacaciones;Eco;337;5;3;0;neutral o insatisfecho
53663;M;51;SI;Vacaciones;Business;1208;1;3;0;neutral o insatisfecho
79306;F;34;SI;Negocios;Business;2248;5;5;5;satisfecho
52481;M;33;SI;Vacaciones;Eco Plus;451;4;4;0;satisfecho
40170;M;31;SI;Negocios;Business;1533;5;5;0;satisfecho
28848;M;46;SI;Negocios;Eco;987;3;3;0;satisfecho
117089;M;60;SI;Negocios;Eco;646;1;1;42;neutral o insatisfecho
68919;M;29;SI;Vacaciones;Eco;936;2;2;0;satisfecho
73983;F;49;SI;Negocios;Eco Plus;2585;2;2;0;neutral o insatisfecho
23972;M;35;SI;Negocios;Eco;596;1;4;0;neutral o insatisfecho
58815;F;67;SI;Vacaciones;Eco;1012;2;4;0;neutral o insatisfecho
94085;F;24;NO;Negocios;Eco;189;3;4;1;neutral o insatisfecho
120546;F;37;SI;Negocios;Business;2176;4;4;118;satisfecho
31115;M;27;SI;Negocios;Eco;991;4;5;0;satisfecho
21687;F;24;NO;Negocios;Eco;746;5;3;71;neutral o insatisfecho
88026;F;55;SI;Negocios;Business;3627;5;3;5;satisfecho
109595;F;53;SI;Negocios;Business;2456;4;5;75;satisfecho
87057;F;47;SI;Negocios;Business;1792;4;5;0;satisfecho
7693;M;24;SI;Vacaciones;Eco;604;3;4;0;neutral o insatisfecho
618;M;27;NO;Negocios;Business;140;5;4;0;satisfecho
82978;F;58;SI;Negocios;Business;3591;4;5;0;satisfecho
12683;M;22;SI;Negocios;Business;689;4;5;10;satisfecho
87770;F;32;SI;Negocios;Business;2397;5;4;0;satisfecho
95891;M;59;SI;Vacaciones;Eco;580;2;4;10;neutral o insatisfecho
100049;F;50;SI;Vacaciones;Eco;281;1;2;14;neutral o insatisfecho
94971;M;55;SI;Negocios;Business;2988;3;2;3;neutral o insatisfecho
20332;F;54;SI;Negocios;Eco;265;2;4;0;satisfecho
97629;F;22;SI;Negocios;Business;2871;4;5;0;satisfecho
117371;M;46;SI;Negocios;Business;2394;4;5;0;satisfecho
94349;M;37;SI;Negocios;Business;239;5;4;3;satisfecho
12531;M;45;NO;Negocios;Eco;788;1;4;0;neutral o insatisfecho
22263;F;41;SI;Negocios;Business;1671;3;5;0;satisfecho
85070;F;55;SI;Negocios;Business;731;4;4;119;satisfecho
112297;M;56;SI;Negocios;Business;1671;5;1;25;satisfecho
57849;M;41;SI;Negocios;Business;2329;5;4;0;satisfecho
23649;M;21;NO;Negocios;Eco;73;4;3;0;neutral o insatisfecho
20698;M;22;SI;Negocios;Eco;510;5;4;13;satisfecho
75810;M;27;SI;Negocios;Business;868;4;4;0;satisfecho
48963;M;61;SI;Negocios;Business;109;2;4;0;satisfecho
3395;F;57;SI;Negocios;Business;296;3;2;0;neutral o insatisfecho
116438;F;19;SI;Vacaciones;Eco;390;4;2;0;neutral o insatisfecho
68651;F;55;NO;Negocios;Business;175;1;5;0;satisfecho
111380;M;43;SI;Negocios;Business;2168;3;4;135;neutral o insatisfecho
95447;F;57;NO;Negocios;Business;248;2;3;0;satisfecho
87074;M;59;SI;Negocios;Business;645;5;4;68;satisfecho
24359;M;36;SI;Negocios;Eco Plus;634;5;2;0;satisfecho
70772;M;56;SI;Negocios;Business;328;4;5;0;satisfecho
60448;M;56;SI;Negocios;Business;3995;5;4;0;satisfecho
96417;F;33;SI;Vacaciones;Eco;1246;3;2;128;neutral o insatisfecho
40006;M;40;SI;Negocios;Business;3503;3;5;3;satisfecho
94991;M;60;SI;Vacaciones;Eco;562;4;5;0;neutral o insatisfecho
81099;F;48;SI;Negocios;Business;991;5;5;0;satisfecho
119687;F;51;SI;Negocios;Business;1325;5;5;0;satisfecho
116001;F;58;SI;Vacaciones;Eco;325;1;5;12;neutral o insatisfecho
25335;M;34;SI;Vacaciones;Eco;837;4;4;0;satisfecho
6960;M;52;SI;Negocios;Business;436;5;4;17;satisfecho
15987;F;27;SI;Negocios;Business;2801;4;1;0;satisfecho
59437;F;52;SI;Negocios;Business;1799;4;5;0;satisfecho
90544;F;57;SI;Negocios;Business;1699;5;4;0;satisfecho
46591;M;39;SI;Negocios;Business;3424;3;5;0;satisfecho
64027;M;51;SI;Negocios;Business;2525;4;4;0;satisfecho
120979;F;45;NO;Negocios;Eco;861;3;1;0;neutral o insatisfecho
18842;M;40;SI;Negocios;Business;3513;2;4;8;satisfecho
9900;M;25;NO;Negocios;Business;534;1;5;0;neutral o insatisfecho
107212;M;43;SI;Negocios;Business;3110;4;4;1;satisfecho
65317;F;40;SI;Negocios;Business;432;4;4;1;satisfecho
33329;M;40;NO;Negocios;Eco;1410;5;3;1;neutral o insatisfecho
26825;F;62;SI;Negocios;Eco;224;1;5;0;satisfecho
124761;F;45;SI;Negocios;Business;1531;5;5;3;satisfecho
61450;F;57;SI;Negocios;Business;2419;5;4;112;satisfecho
14392;M;39;SI;Negocios;Eco;900;1;1;43;neutral o insatisfecho
66242;F;40;SI;Negocios;Eco;460;5;2;0;satisfecho
123676;F;25;NO;Negocios;Eco;214;3;2;0;neutral o insatisfecho
74776;F;26;NO;Negocios;Business;1431;4;3;0;neutral o insatisfecho
109342;M;42;SI;Negocios;Business;2334;4;5;0;satisfecho
17343;F;43;SI;Negocios;Eco;563;5;4;64;satisfecho
67880;M;21;SI;Vacaciones;Eco;1431;1;3;6;neutral o insatisfecho
44151;M;42;SI;Negocios;Eco Plus;120;5;3;0;satisfecho
37692;M;34;SI;Vacaciones;Eco;1041;3;5;0;neutral o insatisfecho
64011;M;43;SI;Negocios;Business;612;4;5;11;satisfecho
26790;M;36;NO;Negocios;Business;226;5;4;0;neutral o insatisfecho
60998;M;41;SI;Negocios;Business;649;4;3;0;satisfecho
74830;M;44;NO;Negocios;Business;1797;1;3;0;satisfecho
116615;F;38;NO;Negocios;Business;371;4;5;4;neutral o insatisfecho
3484;F;31;NO;Negocios;Eco;990;5;3;0;neutral o insatisfecho
111035;F;26;NO;Negocios;Eco;319;1;3;0;neutral o insatisfecho
5810;F;36;SI;Negocios;Eco;273;5;3;0;neutral o insatisfecho
17927;F;38;SI;Negocios;Eco Plus;789;5;4;15;satisfecho
87755;M;38;NO;Negocios;Business;214;4;4;6;neutral o insatisfecho
46931;M;22;NO;Negocios;Eco;964;3;1;0;neutral o insatisfecho
85692;F;59;SI;Negocios;Business;1547;4;3;0;satisfecho
111485;M;26;SI;Vacaciones;Eco;1452;3;3;0;neutral o insatisfecho
4457;F;26;SI;Vacaciones;Eco Plus;762;2;1;63;neutral o insatisfecho
67086;F;28;NO;Negocios;Eco;1119;4;2;0;neutral o insatisfecho
100385;M;52;SI;Vacaciones;Eco;1011;5;4;0;neutral o insatisfecho
96089;F;28;SI;Vacaciones;Eco;1090;1;4;26;neutral o insatisfecho
106167;M;57;SI;Vacaciones;Eco;436;5;4;69;neutral o insatisfecho
35985;F;43;SI;Negocios;Business;2496;5;1;5;satisfecho
113755;F;55;SI;Vacaciones;Eco;386;4;1;0;neutral o insatisfecho
2527;M;39;NO;Negocios;Business;280;5;5;3;neutral o insatisfecho
21401;F;38;SI;Negocios;Eco;331;4;5;0;satisfecho
58448;M;60;SI;Vacaciones;Eco;733;5;1;0;neutral o insatisfecho
10616;F;39;NO;Negocios;Business;140;4;3;100;satisfecho
117705;M;24;NO;Negocios;Eco;1009;2;5;52;neutral o insatisfecho
65446;M;57;SI;Negocios;Business;3488;5;4;62;satisfecho
56400;F;29;NO;Negocios;Business;719;2;4;12;neutral o insatisfecho
17984;F;33;SI;Negocios;Business;1991;3;5;0;satisfecho
12209;F;49;SI;Negocios;Business;1502;5;5;0;satisfecho
102601;F;50;SI;Vacaciones;Eco Plus;386;5;3;0;neutral o insatisfecho
85224;M;45;SI;Negocios;Business;882;2;5;0;satisfecho
68942;F;70;SI;Vacaciones;Eco;646;3;3;5;neutral o insatisfecho
108637;M;23;SI;Vacaciones;Eco;1547;4;3;0;satisfecho
126989;F;31;SI;Negocios;Business;1754;4;4;0;satisfecho
33815;F;61;SI;Negocios;Business;2591;3;3;0;satisfecho
40328;F;24;SI;Negocios;Eco Plus;358;5;1;0;satisfecho
104110;M;32;SI;Vacaciones;Eco;297;3;3;7;neutral o insatisfecho
49400;F;55;SI;Negocios;Business;3020;3;5;0;satisfecho
85138;F;46;SI;Negocios;Business;3212;4;5;0;satisfecho
11004;F;75;SI;Negocios;Business;2152;1;5;0;satisfecho
96175;F;28;SI;Negocios;Business;3572;2;3;31;neutral o insatisfecho
55414;M;51;SI;Negocios;Business;2521;5;2;0;satisfecho
95656;M;44;SI;Negocios;Business;1514;4;3;24;neutral o insatisfecho
14917;F;38;SI;Vacaciones;Eco;315;4;4;0;neutral o insatisfecho
18581;M;40;NO;Negocios;Eco;253;4;2;0;neutral o insatisfecho
36380;F;36;SI;Negocios;Business;2958;3;2;27;neutral o insatisfecho
74805;F;40;SI;Negocios;Business;1464;5;4;0;satisfecho
54416;F;33;SI;Negocios;Eco;305;4;3;0;satisfecho
84977;F;55;SI;Negocios;Business;1590;4;2;1;satisfecho
37317;M;52;SI;Negocios;Business;2442;2;4;5;satisfecho
14108;M;19;SI;Vacaciones;Eco;371;4;2;1;neutral o insatisfecho
23369;M;32;SI;Negocios;Eco;1014;2;3;24;neutral o insatisfecho
36163;F;44;SI;Negocios;Eco;1674;2;3;51;satisfecho
105620;M;23;NO;Negocios;Eco;883;3;5;28;neutral o insatisfecho
77007;F;59;SI;Negocios;Business;368;5;4;0;satisfecho
68346;M;46;NO;Negocios;Business;1598;1;4;0;neutral o insatisfecho
2008;M;40;SI;Vacaciones;Eco Plus;351;4;1;0;neutral o insatisfecho
11390;F;37;NO;Negocios;Business;295;2;4;2;neutral o insatisfecho
25313;F;25;NO;Negocios;Eco;432;2;3;9;neutral o insatisfecho
82671;M;43;NO;Negocios;Business;632;2;5;0;neutral o insatisfecho
40252;F;24;SI;Negocios;Business;347;3;4;0;neutral o insatisfecho
83298;F;23;SI;Negocios;Business;1956;4;3;1;satisfecho
112554;F;50;SI;Negocios;Eco Plus;846;4;3;24;neutral o insatisfecho
16222;M;58;SI;Vacaciones;Business;266;4;2;0;neutral o insatisfecho
68955;M;60;SI;Vacaciones;Business;700;4;1;70;neutral o insatisfecho
21665;M;30;NO;Negocios;Eco;746;1;2;0;neutral o insatisfecho
17913;F;24;SI;Negocios;Business;2495;5;2;0;satisfecho
102225;M;64;NO;Negocios;Business;258;1;4;15;neutral o insatisfecho
124195;F;48;SI;Negocios;Business;2176;4;2;135;satisfecho
56415;F;58;SI;Negocios;Business;2091;4;4;59;satisfecho
90694;M;23;SI;Negocios;Business;581;4;5;0;satisfecho
82891;F;63;SI;Vacaciones;Eco;645;5;4;0;satisfecho
47523;F;56;SI;Vacaciones;Eco;541;3;2;0;neutral o insatisfecho
118458;F;43;NO;Negocios;Business;370;3;4;26;neutral o insatisfecho
95684;F;49;SI;Vacaciones;Business;181;5;5;10;neutral o insatisfecho
42249;F;39;NO;Negocios;Business;817;4;4;0;neutral o insatisfecho
48837;F;51;SI;Vacaciones;Business;190;3;1;13;neutral o insatisfecho
18979;F;24;SI;Negocios;Business;2679;2;2;0;neutral o insatisfecho
16925;F;32;SI;Negocios;Business;1524;4;2;15;satisfecho
38882;F;19;SI;Negocios;Business;1784;4;4;0;satisfecho
129760;M;41;SI;Negocios;Eco;308;1;2;0;neutral o insatisfecho
39771;F;32;SI;Negocios;Business;521;2;2;13;neutral o insatisfecho
20474;M;41;SI;Vacaciones;Eco Plus;177;2;5;30;neutral o insatisfecho
85157;M;52;SI;Negocios;Business;689;5;5;4;satisfecho
98163;F;53;SI;Vacaciones;Eco;562;5;1;0;neutral o insatisfecho
125355;M;26;NO;Negocios;Eco;599;5;1;94;neutral o insatisfecho
10684;M;47;SI;Negocios;Eco;216;2;4;21;neutral o insatisfecho
6829;F;44;SI;Vacaciones;Eco;303;5;5;134;neutral o insatisfecho
83815;M;46;SI;Negocios;Business;425;5;5;0;satisfecho
90179;M;32;SI;Vacaciones;Eco;1127;1;5;48;neutral o insatisfecho
66849;M;46;SI;Vacaciones;Eco;731;4;2;124;neutral o insatisfecho
54588;F;53;SI;Negocios;Business;3032;5;5;0;satisfecho
122300;F;69;SI;Vacaciones;Eco;544;2;4;0;neutral o insatisfecho
28168;F;36;NO;Negocios;Eco;459;1;3;0;neutral o insatisfecho
2798;M;27;SI;Vacaciones;Eco;764;4;2;0;neutral o insatisfecho
10734;F;60;SI;Negocios;Business;429;4;5;0;satisfecho
14533;M;45;SI;Negocios;Eco;368;4;1;0;satisfecho
29997;F;63;SI;Negocios;Business;3893;3;4;0;neutral o insatisfecho
66265;F;46;SI;Vacaciones;Eco;550;1;5;13;neutral o insatisfecho
127562;M;43;SI;Negocios;Business;1670;4;2;0;satisfecho
90786;F;26;SI;Negocios;Business;3025;2;1;19;neutral o insatisfecho
42746;M;67;SI;Vacaciones;Business;419;4;4;3;satisfecho
5090;F;37;SI;Negocios;Eco;235;4;5;0;satisfecho
75473;M;49;SI;Vacaciones;Eco;2342;5;2;7;neutral o insatisfecho
4623;F;42;SI;Negocios;Business;2089;4;2;0;satisfecho
47934;F;30;SI;Vacaciones;Eco;329;5;2;75;neutral o insatisfecho
45068;F;49;SI;Vacaciones;Eco;342;5;3;11;neutral o insatisfecho
22967;M;29;SI;Negocios;Business;489;2;4;0;neutral o insatisfecho
9470;F;30;SI;Negocios;Eco Plus;368;2;4;0;neutral o insatisfecho
78019;M;60;SI;Negocios;Business;3441;3;2;0;satisfecho
98494;M;58;SI;Negocios;Business;2710;3;4;136;satisfecho
23314;F;39;SI;Negocios;Business;1845;3;1;0;neutral o insatisfecho
111467;F;20;SI;Vacaciones;Eco;1024;2;3;45;neutral o insatisfecho
101222;M;47;SI;Negocios;Business;1069;5;4;0;satisfecho
17018;F;22;NO;Negocios;Eco;781;2;4;0;neutral o insatisfecho
20618;M;52;SI;Vacaciones;Eco;864;3;5;21;neutral o insatisfecho
12703;F;44;SI;Negocios;Eco;851;3;1;0;neutral o insatisfecho
21600;F;36;NO;Negocios;Eco;780;4;1;99;neutral o insatisfecho
5919;M;37;SI;Vacaciones;Eco;173;3;5;115;neutral o insatisfecho
98868;F;56;SI;Negocios;Business;3726;4;4;0;satisfecho
54481;F;54;SI;Negocios;Eco;925;4;3;0;satisfecho
71820;M;31;NO;Negocios;Eco;981;5;1;0;neutral o insatisfecho
90298;M;30;SI;Vacaciones;Eco;932;4;4;0;neutral o insatisfecho
30112;F;67;SI;Vacaciones;Eco;261;4;5;54;neutral o insatisfecho
97047;M;21;SI;Vacaciones;Business;715;2;4;91;neutral o insatisfecho
5721;M;40;SI;Vacaciones;Eco;299;3;3;0;neutral o insatisfecho
106083;F;53;SI;Negocios;Business;2569;5;5;0;satisfecho
14818;F;30;SI;Negocios;Business;563;4;1;0;satisfecho
86769;F;25;NO;Negocios;Business;484;4;4;0;neutral o insatisfecho
100996;M;52;SI;Negocios;Business;1884;4;5;0;satisfecho
30475;M;27;NO;Negocios;Eco;377;5;4;0;neutral o insatisfecho
5302;F;43;SI;Vacaciones;Eco;351;5;5;0;neutral o insatisfecho
95277;M;46;SI;Vacaciones;Eco;293;4;1;0;neutral o insatisfecho
125216;M;25;SI;Vacaciones;Eco;651;4;4;1;neutral o insatisfecho
69367;M;44;SI;Negocios;Business;1096;4;4;0;satisfecho
121215;F;21;SI;Vacaciones;Business;2075;3;2;0;neutral o insatisfecho
43302;F;65;SI;Negocios;Eco;463;1;5;0;satisfecho
101416;F;41;SI;Vacaciones;Eco;486;5;4;35;neutral o insatisfecho
72316;M;68;SI;Vacaciones;Eco Plus;919;2;5;26;neutral o insatisfecho
14482;F;25;SI;Negocios;Eco;495;3;3;0;satisfecho
112071;F;51;SI;Negocios;Business;1491;4;2;2;satisfecho
32391;F;27;NO;Negocios;Eco;101;4;2;0;neutral o insatisfecho
45799;M;42;SI;Negocios;Eco;391;2;1;0;neutral o insatisfecho
9067;M;24;NO;Negocios;Eco;160;4;3;0;neutral o insatisfecho
99681;F;58;SI;Negocios;Business;2140;4;4;23;satisfecho
11271;F;59;SI;Vacaciones;Eco;166;4;3;0;neutral o insatisfecho
50173;M;46;SI;Negocios;Business;190;3;3;0;neutral o insatisfecho
88810;F;20;NO;Negocios;Eco Plus;404;3;4;0;neutral o insatisfecho
29592;F;53;SI;Negocios;Business;1448;4;5;2;satisfecho
112356;M;23;SI;Negocios;Business;2531;4;5;1;satisfecho
60636;F;60;SI;Negocios;Business;1620;4;5;7;satisfecho
103099;F;22;SI;Vacaciones;Eco;687;2;3;5;neutral o insatisfecho
112343;F;44;SI;Negocios;Business;3812;5;5;5;satisfecho
90774;M;68;SI;Negocios;Business;250;4;2;0;neutral o insatisfecho
124367;F;59;SI;Negocios;Business;808;4;4;0;satisfecho
4113;M;26;NO;Negocios;Business;431;3;4;7;neutral o insatisfecho
20940;M;30;NO;Negocios;Eco;803;3;2;94;neutral o insatisfecho
104397;M;20;NO;Negocios;Eco;1147;1;4;26;neutral o insatisfecho
54881;M;23;SI;Vacaciones;Eco;641;2;5;0;neutral o insatisfecho
125376;F;21;NO;Negocios;Business;1440;4;3;0;satisfecho
83057;M;43;SI;Negocios;Business;1145;2;3;0;neutral o insatisfecho
93486;F;57;SI;Negocios;Business;1107;5;5;1;satisfecho
8023;F;55;SI;Negocios;Business;294;4;1;0;satisfecho
43614;F;37;NO;Negocios;Eco;119;3;3;0;neutral o insatisfecho
15022;F;38;SI;Vacaciones;Eco;557;4;3;0;neutral o insatisfecho
45320;M;44;SI;Negocios;Business;2896;1;5;0;satisfecho
112005;M;55;SI;Negocios;Eco Plus;533;1;3;20;neutral o insatisfecho
13192;F;26;NO;Negocios;Eco;419;3;3;0;neutral o insatisfecho
40282;F;19;SI;Vacaciones;Eco;402;1;4;0;neutral o insatisfecho
114142;M;29;SI;Negocios;Business;3818;4;4;1;satisfecho
109533;M;20;NO;Negocios;Eco;920;5;2;14;neutral o insatisfecho
40149;M;57;SI;Negocios;Business;402;4;4;0;satisfecho
32983;F;42;SI;Vacaciones;Eco;101;4;5;8;neutral o insatisfecho
112546;F;22;NO;Negocios;Eco;862;1;3;0;neutral o insatisfecho
110330;F;56;SI;Negocios;Business;787;4;5;4;satisfecho
122596;M;28;SI;Negocios;Business;728;4;3;55;satisfecho
37363;M;37;NO;Negocios;Eco;944;5;2;0;neutral o insatisfecho
26733;M;26;SI;Negocios;Eco Plus;515;4;1;0;satisfecho
9052;M;24;NO;Negocios;Eco;160;4;3;0;neutral o insatisfecho
86494;M;35;SI;Vacaciones;Eco;853;1;4;89;neutral o insatisfecho
25766;F;21;NO;Negocios;Business;356;3;1;0;satisfecho
61594;M;46;SI;Negocios;Business;1635;4;4;98;satisfecho
63406;F;50;SI;Vacaciones;Eco;337;4;1;170;neutral o insatisfecho
116011;M;53;SI;Vacaciones;Eco;446;1;4;0;neutral o insatisfecho
13849;M;68;SI;Negocios;Eco Plus;228;3;1;0;satisfecho
48255;M;67;SI;Vacaciones;Eco;192;5;3;35;neutral o insatisfecho
124596;F;66;SI;Vacaciones;Eco;500;4;3;0;neutral o insatisfecho
14484;M;32;SI;Negocios;Business;541;5;1;0;satisfecho
9387;M;46;SI;Vacaciones;Eco;401;1;3;0;satisfecho
59306;F;25;SI;Negocios;Business;2556;4;4;12;satisfecho
31106;M;52;SI;Negocios;Eco;483;4;5;36;satisfecho
36624;F;62;NO;Negocios;Eco;610;4;1;0;neutral o insatisfecho
11711;M;57;SI;Negocios;Business;2722;4;4;0;satisfecho
16296;F;49;SI;Negocios;Eco Plus;748;3;4;18;satisfecho
113653;M;46;SI;Vacaciones;Eco;397;4;4;99;neutral o insatisfecho
37244;M;48;SI;Vacaciones;Business;1076;4;2;3;neutral o insatisfecho
12709;M;24;SI;Negocios;Business;721;3;1;0;neutral o insatisfecho
24463;F;59;SI;Negocios;Eco;547;3;4;3;satisfecho
12888;M;46;SI;Negocios;Business;3391;1;5;0;satisfecho
82684;M;30;SI;Negocios;Business;2720;4;4;0;satisfecho
64069;F;36;SI;Negocios;Eco;519;5;3;34;satisfecho
118378;M;50;SI;Negocios;Business;3914;5;5;0;satisfecho
40734;M;27;NO;Negocios;Eco;599;1;4;0;neutral o insatisfecho
37187;M;24;SI;Vacaciones;Eco;1046;4;2;0;neutral o insatisfecho
27277;F;40;SI;Vacaciones;Business;697;2;4;0;neutral o insatisfecho
49710;M;58;SI;Negocios;Business;1995;5;3;0;satisfecho
92424;M;27;NO;Negocios;Business;839;3;4;42;satisfecho
100434;F;35;SI;Negocios;Business;1620;4;4;20;satisfecho
24071;F;44;SI;Negocios;Eco;866;1;3;0;satisfecho
106748;F;29;NO;Negocios;Business;829;1;5;0;neutral o insatisfecho
10185;M;48;SI;Negocios;Business;429;4;5;0;satisfecho
42168;M;26;SI;Negocios;Business;817;5;4;0;satisfecho
48062;M;59;SI;Negocios;Business;3829;4;4;0;satisfecho
33918;F;62;SI;Vacaciones;Eco;636;4;2;0;neutral o insatisfecho
53292;M;61;SI;Negocios;Business;3850;4;5;5;satisfecho
101103;M;25;NO;Negocios;Eco;1235;4;4;0;neutral o insatisfecho
108839;M;54;SI;Negocios;Business;1947;4;5;8;satisfecho
124642;F;21;NO;Negocios;Eco;399;3;5;0;satisfecho
25286;F;66;SI;Negocios;Business;2899;2;5;0;satisfecho
72756;F;31;SI;Negocios;Business;2150;4;4;14;satisfecho
119761;F;50;SI;Vacaciones;Eco Plus;1303;5;4;10;neutral o insatisfecho
61573;F;44;SI;Negocios;Business;1303;4;4;1;satisfecho
26146;M;36;NO;Negocios;Eco;406;5;4;42;neutral o insatisfecho
116519;M;61;SI;Vacaciones;Eco;337;5;3;12;neutral o insatisfecho
52030;M;34;SI;Vacaciones;Eco;328;4;3;5;neutral o insatisfecho
447;F;51;SI;Negocios;Business;354;5;5;7;satisfecho
121736;F;54;SI;Negocios;Business;1856;3;5;0;satisfecho
58810;F;18;SI;Vacaciones;Eco;1012;3;3;0;neutral o insatisfecho
92690;M;32;SI;Vacaciones;Eco;507;4;4;11;neutral o insatisfecho
42091;M;41;SI;Negocios;Eco;996;5;4;80;satisfecho
32679;F;63;SI;Negocios;Business;101;3;4;0;neutral o insatisfecho
62730;F;23;NO;Negocios;Eco;2367;3;2;1;neutral o insatisfecho
98077;F;42;SI;Vacaciones;Eco;1449;4;4;0;neutral o insatisfecho
37230;F;29;NO;Negocios;Business;1041;3;3;16;neutral o insatisfecho
115328;F;55;SI;Negocios;Business;446;5;5;0;satisfecho
58700;M;60;SI;Negocios;Business;4243;5;5;18;satisfecho
108691;M;60;SI;Negocios;Eco;177;3;2;49;neutral o insatisfecho
1490;F;24;NO;Negocios;Business;737;5;3;0;satisfecho
97053;M;27;SI;Negocios;Business;1129;5;4;29;satisfecho
10933;F;57;SI;Negocios;Business;216;3;1;0;neutral o insatisfecho
51535;F;50;SI;Negocios;Business;451;3;5;0;satisfecho
121338;F;59;SI;Negocios;Business;3203;5;2;7;satisfecho
35964;M;35;NO;Negocios;Business;231;2;3;156;neutral o insatisfecho
80598;M;64;SI;Negocios;Eco Plus;247;2;1;2;neutral o insatisfecho
48775;M;36;NO;Negocios;Business;109;5;4;18;neutral o insatisfecho
44402;M;71;SI;Negocios;Business;3055;4;1;95;neutral o insatisfecho
12677;F;40;SI;Negocios;Business;851;4;4;18;satisfecho
48713;F;37;NO;Negocios;Business;77;1;2;59;neutral o insatisfecho
33878;M;32;SI;Negocios;Eco;1105;2;2;0;satisfecho
122016;M;25;NO;Negocios;Business;130;5;3;3;satisfecho
80144;F;29;SI;Negocios;Business;2586;5;2;16;satisfecho
60674;F;58;SI;Negocios;Business;1620;5;5;0;satisfecho
3934;F;45;SI;Negocios;Business;765;4;2;0;neutral o insatisfecho
42677;F;41;SI;Negocios;Eco;627;2;2;0;neutral o insatisfecho
38679;F;36;SI;Vacaciones;Eco;2588;2;5;0;neutral o insatisfecho
127923;F;40;NO;Negocios;Business;2300;5;3;0;satisfecho
66873;M;25;SI;Vacaciones;Eco Plus;731;2;1;5;satisfecho
121768;F;56;SI;Negocios;Business;3746;5;4;15;satisfecho
25544;F;50;NO;Vacaciones;Eco;547;1;2;2;neutral o insatisfecho
48226;F;30;SI;Vacaciones;Eco;192;4;5;30;neutral o insatisfecho
69349;M;26;SI;Negocios;Business;1096;3;5;0;satisfecho
31745;F;50;SI;Negocios;Eco Plus;462;3;2;15;satisfecho
114073;F;28;NO;Negocios;Eco;1253;1;3;0;neutral o insatisfecho
36773;F;21;NO;Negocios;Eco;2602;3;5;54;neutral o insatisfecho
89620;M;45;NO;Negocios;Business;1096;3;5;18;satisfecho
116702;M;57;SI;Negocios;Business;337;4;4;0;satisfecho
67370;F;50;SI;Negocios;Business;592;5;4;0;satisfecho
122112;F;26;SI;Vacaciones;Eco;130;5;5;1;neutral o insatisfecho
86830;F;50;SI;Negocios;Eco;692;4;2;0;neutral o insatisfecho
89429;F;58;SI;Vacaciones;Eco;134;3;3;47;satisfecho
59092;F;40;SI;Vacaciones;Eco;1723;3;3;0;neutral o insatisfecho
22327;F;31;SI;Negocios;Eco;143;5;5;0;satisfecho
105072;M;38;NO;Negocios;Business;281;5;3;0;satisfecho
96511;F;45;SI;Vacaciones;Eco;436;5;4;0;satisfecho
37829;M;28;SI;Negocios;Eco;937;5;3;9;satisfecho
100465;F;34;SI;Negocios;Business;580;4;5;0;satisfecho
106244;M;57;SI;Negocios;Business;1167;4;5;0;satisfecho
120825;F;53;SI;Negocios;Business;1898;4;5;23;satisfecho
94277;F;21;NO;Negocios;Business;189;5;5;0;satisfecho
16098;M;22;SI;Vacaciones;Eco;303;5;5;0;satisfecho
84913;F;32;SI;Vacaciones;Eco;481;2;2;0;neutral o insatisfecho
78031;M;50;SI;Vacaciones;Eco;106;2;3;0;neutral o insatisfecho
30950;F;20;NO;Negocios;Eco;836;4;2;0;neutral o insatisfecho
57718;M;44;SI;Negocios;Business;1754;4;5;0;satisfecho
56996;F;31;SI;Vacaciones;Eco;2454;2;3;6;neutral o insatisfecho
119158;F;65;SI;Vacaciones;Business;257;2;5;0;neutral o insatisfecho
88189;M;48;SI;Negocios;Business;1609;5;5;0;satisfecho
76731;F;36;SI;Vacaciones;Eco Plus;481;5;2;0;neutral o insatisfecho
27867;M;24;SI;Negocios;Eco Plus;1448;5;3;1;satisfecho
85618;M;49;SI;Vacaciones;Eco;259;5;2;3;neutral o insatisfecho
58706;F;25;NO;Negocios;Business;4243;3;2;0;neutral o insatisfecho
83369;M;72;SI;Negocios;Business;1124;3;5;24;neutral o insatisfecho
98800;M;54;NO;Negocios;Business;1111;4;4;46;neutral o insatisfecho
62502;M;18;NO;Negocios;Eco;1378;3;5;0;neutral o insatisfecho
102934;F;64;SI;Vacaciones;Eco;317;4;4;0;neutral o insatisfecho
464;F;26;SI;Negocios;Business;229;4;4;0;satisfecho
18326;M;47;SI;Vacaciones;Eco Plus;705;5;5;0;neutral o insatisfecho
2407;F;43;NO;Negocios;Eco;604;5;3;12;neutral o insatisfecho
2438;F;40;SI;Vacaciones;Eco;604;2;2;0;neutral o insatisfecho
10900;M;35;SI;Negocios;Business;1504;3;2;0;neutral o insatisfecho
90139;M;44;SI;Negocios;Business;2497;5;4;0;satisfecho
88621;M;67;SI;Vacaciones;Eco;581;1;5;0;neutral o insatisfecho
101656;M;29;NO;Negocios;Business;2106;4;2;6;neutral o insatisfecho
15538;M;55;SI;Negocios;Business;412;2;5;25;satisfecho
124411;F;33;SI;Negocios;Business;2406;4;5;0;satisfecho
33254;M;57;SI;Negocios;Eco Plus;216;2;1;1;neutral o insatisfecho
66114;M;41;SI;Negocios;Business;2228;5;4;13;satisfecho
102633;F;45;SI;Negocios;Business;2089;5;5;7;satisfecho
68366;F;57;SI;Negocios;Business;2072;5;5;0;satisfecho
86791;M;26;NO;Negocios;Business;484;4;4;0;neutral o insatisfecho
65017;M;36;SI;Negocios;Eco;190;5;2;11;neutral o insatisfecho
41576;M;64;SI;Vacaciones;Eco;1464;3;4;0;neutral o insatisfecho
23172;F;26;SI;Vacaciones;Eco;300;3;3;0;neutral o insatisfecho
79869;F;43;SI;Negocios;Business;2548;5;4;0;satisfecho
87065;M;45;SI;Negocios;Business;1937;4;4;1;satisfecho
32003;F;42;SI;Vacaciones;Business;101;5;4;0;neutral o insatisfecho
75550;M;26;NO;Negocios;Business;337;2;4;0;satisfecho
108331;F;41;SI;Negocios;Business;1728;4;3;3;satisfecho
98657;F;54;SI;Vacaciones;Eco;861;5;5;12;neutral o insatisfecho
78810;F;27;SI;Vacaciones;Eco;447;4;1;0;neutral o insatisfecho
1565;M;60;SI;Negocios;Business;2853;4;5;0;satisfecho
70089;M;23;SI;Negocios;Business;2162;4;3;20;satisfecho
31131;M;61;SI;Negocios;Eco;991;2;4;0;neutral o insatisfecho
75267;M;41;SI;Vacaciones;Eco;1744;2;3;8;neutral o insatisfecho
49162;M;25;NO;Negocios;Eco;373;2;1;0;neutral o insatisfecho
19551;M;40;NO;Negocios;Eco;160;5;2;0;neutral o insatisfecho
87344;F;46;SI;Negocios;Business;3957;4;4;18;satisfecho
41211;F;69;SI;Negocios;Business;1556;3;3;6;neutral o insatisfecho
18802;M;47;SI;Negocios;Eco;448;4;3;43;satisfecho
111856;M;55;SI;Negocios;Business;628;5;5;0;satisfecho
62447;M;57;SI;Negocios;Business;1744;4;5;54;satisfecho
82482;F;40;SI;Negocios;Business;502;5;5;1;satisfecho
8107;F;29;SI;Negocios;Business;402;5;4;0;satisfecho
36511;F;31;NO;Negocios;Eco;1211;2;1;0;neutral o insatisfecho
48780;M;18;SI;Negocios;Business;3932;4;3;0;neutral o insatisfecho
88703;F;64;SI;Vacaciones;Eco;581;4;4;0;neutral o insatisfecho
70645;M;21;SI;Negocios;Business;946;5;5;3;satisfecho
35569;F;33;SI;Negocios;Eco Plus;1028;4;2;12;satisfecho
9502;F;20;SI;Vacaciones;Eco;239;2;5;3;satisfecho
36335;F;25;SI;Vacaciones;Eco;187;3;4;0;neutral o insatisfecho
104805;F;56;SI;Vacaciones;Eco;587;5;2;6;neutral o insatisfecho
6838;M;69;SI;Vacaciones;Eco;223;2;5;0;neutral o insatisfecho
112090;F;25;NO;Negocios;Business;1062;5;5;40;neutral o insatisfecho
66422;M;66;SI;Vacaciones;Eco;1562;4;4;63;neutral o insatisfecho
20106;F;31;SI;Negocios;Eco;416;4;3;7;satisfecho
40100;M;24;NO;Negocios;Eco;422;3;3;0;neutral o insatisfecho
41476;M;24;NO;Negocios;Eco;1235;4;4;42;neutral o insatisfecho
123720;M;48;SI;Negocios;Business;214;4;3;0;satisfecho
118264;F;49;SI;Negocios;Business;1972;4;4;6;satisfecho
91212;M;31;SI;Vacaciones;Eco;271;5;5;0;neutral o insatisfecho
56098;M;29;NO;Negocios;Business;946;1;2;158;satisfecho
82400;M;25;NO;Negocios;Business;500;1;3;0;satisfecho
6880;M;45;SI;Negocios;Business;1906;4;5;101;satisfecho
109866;F;40;SI;Negocios;Eco;1053;3;1;16;neutral o insatisfecho
124336;F;42;SI;Negocios;Eco;1037;2;3;0;neutral o insatisfecho
77902;F;43;SI;Negocios;Business;2113;3;5;0;satisfecho
21590;F;27;NO;Negocios;Eco;780;4;5;0;neutral o insatisfecho
101403;F;25;SI;Vacaciones;Eco;486;5;3;39;neutral o insatisfecho
44017;M;26;SI;Vacaciones;Eco;397;5;5;0;neutral o insatisfecho
112758;F;38;SI;Negocios;Business;588;4;4;66;satisfecho
40852;F;35;SI;Vacaciones;Eco;584;1;3;0;neutral o insatisfecho
47056;M;43;SI;Negocios;Eco;639;3;2;46;neutral o insatisfecho
123029;F;30;SI;Negocios;Business;1848;4;5;7;satisfecho
108355;M;34;SI;Negocios;Business;1728;3;4;305;neutral o insatisfecho
53278;M;24;NO;Negocios;Eco;758;5;4;32;satisfecho
82321;F;39;SI;Negocios;Business;2396;5;3;0;satisfecho
45832;M;50;SI;Vacaciones;Eco;391;4;3;19;neutral o insatisfecho
8619;M;58;SI;Negocios;Business;1863;5;5;9;satisfecho
27376;F;52;SI;Negocios;Business;697;4;3;0;satisfecho
68091;F;34;SI;Negocios;Business;3624;3;2;0;neutral o insatisfecho
127052;F;26;NO;Negocios;Eco;338;3;4;0;neutral o insatisfecho
82060;M;47;SI;Negocios;Business;1838;2;3;0;neutral o insatisfecho
86445;F;44;SI;Negocios;Business;3217;5;5;0;satisfecho
41070;M;45;SI;Negocios;Business;140;3;4;13;neutral o insatisfecho
107685;F;55;SI;Negocios;Business;3007;5;5;53;satisfecho
33285;M;51;SI;Vacaciones;Eco Plus;101;3;4;0;neutral o insatisfecho
25106;M;19;SI;Negocios;Business;946;5;5;0;satisfecho
85108;F;24;NO;Negocios;Business;731;1;4;0;satisfecho
118720;M;33;SI;Vacaciones;Eco;338;2;4;13;neutral o insatisfecho
100948;M;52;SI;Negocios;Eco;1142;2;4;0;neutral o insatisfecho
43196;M;27;SI;Vacaciones;Eco;651;1;3;0;neutral o insatisfecho
25168;F;36;SI;Negocios;Eco;369;3;1;0;satisfecho
55733;F;53;SI;Negocios;Business;2052;4;5;8;satisfecho
46462;M;33;SI;Negocios;Business;2946;4;5;0;satisfecho
117379;F;51;SI;Negocios;Business;1294;5;3;0;satisfecho
4744;M;56;SI;Vacaciones;Eco;888;2;5;0;satisfecho
64678;F;80;SI;Negocios;Business;2776;4;5;0;satisfecho
18824;M;21;NO;Negocios;Eco;551;4;1;0;neutral o insatisfecho
123549;F;34;SI;Negocios;Business;1773;5;5;0;satisfecho
67082;M;35;SI;Negocios;Business;2113;4;5;0;satisfecho
108619;F;21;SI;Vacaciones;Eco;696;2;4;24;neutral o insatisfecho
16163;M;67;SI;Negocios;Business;1604;3;4;0;satisfecho
36505;M;56;SI;Negocios;Eco;1121;4;2;70;satisfecho
123467;M;42;SI;Negocios;Business;2125;5;5;3;satisfecho
104851;F;40;SI;Negocios;Business;327;5;5;0;satisfecho
12243;M;55;SI;Negocios;Eco;190;5;4;0;satisfecho
23527;M;53;SI;Negocios;Eco Plus;349;2;2;3;neutral o insatisfecho
52816;M;57;SI;Negocios;Business;902;4;5;6;satisfecho
15232;M;43;SI;Negocios;Business;416;1;5;0;satisfecho
69675;M;66;SI;Vacaciones;Eco;569;4;4;0;neutral o insatisfecho
52107;F;41;SI;Vacaciones;Eco;639;5;4;0;neutral o insatisfecho
116170;F;38;SI;Vacaciones;Eco;371;2;4;19;neutral o insatisfecho
90560;M;52;SI;Negocios;Business;3965;4;5;0;satisfecho
17123;F;25;SI;Negocios;Business;1211;5;5;0;satisfecho
120571;F;27;SI;Vacaciones;Eco;2176;1;5;0;neutral o insatisfecho
93520;F;56;SI;Negocios;Business;1218;4;4;14;satisfecho
31418;M;30;SI;Negocios;Eco;1546;5;2;8;satisfecho
100715;F;59;SI;Negocios;Business;1594;4;4;0;satisfecho
23907;M;27;NO;Negocios;Eco;589;5;2;0;neutral o insatisfecho
55093;M;27;NO;Negocios;Eco;1635;3;4;113;neutral o insatisfecho
63190;F;50;NO;Negocios;Business;447;5;4;1;satisfecho
126126;M;66;SI;Negocios;Business;1654;4;3;10;neutral o insatisfecho
70623;M;53;SI;Negocios;Business;1217;3;3;26;neutral o insatisfecho
846;F;39;SI;Negocios;Business;2224;4;3;0;neutral o insatisfecho
44636;F;37;SI;Negocios;Business;2216;4;5;1;satisfecho
57072;F;58;SI;Negocios;Business;2065;5;5;1;satisfecho
7391;M;40;SI;Negocios;Business;2499;5;4;0;satisfecho
40538;F;24;NO;Negocios;Eco;216;3;3;0;neutral o insatisfecho
17401;M;45;SI;Negocios;Eco;351;3;3;189;neutral o insatisfecho
115938;M;23;SI;Negocios;Business;3244;4;1;13;satisfecho
85789;F;72;NO;Negocios;Eco;526;2;2;0;neutral o insatisfecho
56425;F;52;SI;Negocios;Eco;719;3;2;0;neutral o insatisfecho
7261;F;44;SI;Vacaciones;Eco;135;4;3;0;neutral o insatisfecho
123048;F;51;SI;Negocios;Business;2823;4;4;1;satisfecho
73807;F;58;SI;Vacaciones;Eco Plus;192;5;5;0;neutral o insatisfecho
41792;M;58;SI;Negocios;Business;2006;1;5;0;satisfecho
123373;F;20;SI;Vacaciones;Eco;644;1;3;18;neutral o insatisfecho
82610;F;37;SI;Negocios;Business;2783;3;4;3;satisfecho
48675;M;59;SI;Negocios;Business;3380;5;5;0;satisfecho
23975;F;37;NO;Negocios;Eco;596;4;3;0;satisfecho
27819;F;54;SI;Negocios;Eco;280;4;1;8;neutral o insatisfecho
19468;F;50;SI;Negocios;Business;1806;2;5;16;satisfecho
80808;F;45;SI;Negocios;Business;2071;5;5;0;satisfecho
14498;M;47;SI;Negocios;Business;3249;4;5;26;satisfecho
27329;F;53;SI;Negocios;Business;697;4;4;5;satisfecho
26641;F;39;NO;Negocios;Business;404;4;3;0;neutral o insatisfecho
118817;M;58;SI;Negocios;Business;3005;4;4;0;satisfecho
63365;M;23;SI;Vacaciones;Eco;372;4;4;0;satisfecho
69235;F;30;NO;Negocios;Business;733;5;5;0;neutral o insatisfecho
39295;F;43;SI;Vacaciones;Eco;67;4;4;0;neutral o insatisfecho
72106;M;62;SI;Vacaciones;Eco Plus;2504;2;3;0;neutral o insatisfecho
77435;F;64;SI;Vacaciones;Eco;588;4;2;0;neutral o insatisfecho
128199;F;40;SI;Negocios;Business;2973;5;4;0;satisfecho
66468;M;44;SI;Vacaciones;Eco Plus;1217;3;2;9;neutral o insatisfecho
61225;M;60;SI;Negocios;Business;862;5;5;3;satisfecho
100720;M;38;SI;Negocios;Business;2005;5;5;2;satisfecho
76343;F;25;NO;Negocios;Eco;954;4;2;0;neutral o insatisfecho
61712;M;52;SI;Negocios;Eco;1635;4;4;0;neutral o insatisfecho
120704;F;24;SI;Vacaciones;Eco;280;2;5;0;neutral o insatisfecho
103455;F;69;SI;Negocios;Eco;448;4;4;10;neutral o insatisfecho
52792;M;63;SI;Vacaciones;Eco;1874;1;2;1;neutral o insatisfecho
91825;F;21;NO;Negocios;Business;588;2;4;0;satisfecho
10202;M;54;SI;Negocios;Business;316;5;5;0;satisfecho
114628;F;49;SI;Negocios;Business;2977;5;5;1;satisfecho
20793;F;48;SI;Negocios;Eco;508;1;4;54;satisfecho
30431;F;41;NO;Negocios;Business;614;5;5;0;satisfecho
51901;M;43;NO;Negocios;Eco;601;3;5;0;neutral o insatisfecho
95286;M;65;SI;Vacaciones;Eco;458;2;3;12;neutral o insatisfecho
97138;F;46;NO;Negocios;Business;1476;5;4;8;neutral o insatisfecho
84288;F;42;SI;Vacaciones;Eco Plus;334;5;5;59;neutral o insatisfecho
18487;F;51;SI;Negocios;Business;3683;3;5;0;satisfecho
23002;F;25;SI;Vacaciones;Eco;489;1;2;0;neutral o insatisfecho
109665;F;29;SI;Negocios;Business;3433;2;2;18;neutral o insatisfecho
125184;M;48;SI;Negocios;Business;651;4;5;0;satisfecho
89957;M;21;SI;Vacaciones;Eco;1310;5;3;0;neutral o insatisfecho
129234;M;41;SI;Negocios;Business;1504;5;5;0;satisfecho
33407;F;24;NO;Negocios;Eco;2399;5;5;3;neutral o insatisfecho
77078;F;65;SI;Negocios;Business;591;4;3;0;neutral o insatisfecho
103563;M;33;NO;Negocios;Business;604;5;3;54;neutral o insatisfecho
63041;M;35;SI;Vacaciones;Eco;862;5;2;0;neutral o insatisfecho
124055;F;59;SI;Negocios;Business;2153;4;5;2;satisfecho
41751;M;50;SI;Negocios;Eco;456;4;5;1;satisfecho
97955;F;41;NO;Negocios;Business;612;4;5;0;satisfecho
48633;F;58;SI;Negocios;Business;262;4;4;0;satisfecho
17152;M;37;NO;Negocios;Business;643;3;5;3;neutral o insatisfecho
31581;F;57;SI;Negocios;Business;3086;4;4;6;satisfecho
37700;M;22;SI;Vacaciones;Eco;944;5;1;0;neutral o insatisfecho
21466;M;55;SI;Negocios;Business;331;3;3;0;neutral o insatisfecho
91575;M;36;SI;Negocios;Eco;1123;4;5;264;neutral o insatisfecho
118833;M;23;NO;Negocios;Eco;338;4;3;1;neutral o insatisfecho
76309;M;54;SI;Negocios;Business;2182;4;2;0;neutral o insatisfecho
8838;M;59;SI;Negocios;Eco Plus;122;3;3;0;neutral o insatisfecho
39935;F;25;SI;Negocios;Business;3345;2;5;3;satisfecho
54877;F;25;SI;Vacaciones;Eco;862;4;3;3;neutral o insatisfecho
125537;M;55;SI;Negocios;Business;226;5;5;0;satisfecho
59910;M;54;SI;Negocios;Business;2393;4;5;1;satisfecho
127301;M;60;SI;Negocios;Business;1979;4;2;35;satisfecho
80510;M;49;SI;Negocios;Eco;1749;2;1;5;neutral o insatisfecho
100794;F;23;SI;Negocios;Business;1871;5;5;0;satisfecho
31815;F;49;SI;Negocios;Business;4983;4;5;0;neutral o insatisfecho
125963;F;22;NO;Negocios;Business;631;3;5;61;satisfecho
73670;F;23;SI;Negocios;Business;2395;1;4;1;neutral o insatisfecho
49288;F;40;SI;Negocios;Eco;109;5;1;0;satisfecho
8110;M;37;SI;Negocios;Business;335;4;1;0;satisfecho
114195;M;56;SI;Negocios;Business;2706;5;4;5;satisfecho
66746;M;60;SI;Vacaciones;Eco;802;1;3;1;neutral o insatisfecho
59559;M;42;SI;Negocios;Business;787;5;3;6;satisfecho
126999;F;31;SI;Negocios;Business;2307;5;3;75;satisfecho
40449;M;49;SI;Negocios;Business;175;3;2;0;neutral o insatisfecho
106114;M;40;SI;Negocios;Business;2095;5;4;0;satisfecho
31421;F;31;SI;Negocios;Business;1506;1;3;68;neutral o insatisfecho
7030;M;23;SI;Vacaciones;Eco;147;4;5;7;neutral o insatisfecho
126051;F;54;SI;Negocios;Business;1790;4;4;0;satisfecho
69327;F;54;SI;Negocios;Business;3540;5;4;68;satisfecho
71686;F;43;SI;Vacaciones;Eco;1012;1;1;31;neutral o insatisfecho
66884;F;55;SI;Negocios;Business;1102;4;5;0;satisfecho
94405;F;26;NO;Negocios;Eco;192;3;4;44;neutral o insatisfecho
41398;F;43;SI;Negocios;Eco;563;3;2;0;neutral o insatisfecho
24857;M;55;SI;Negocios;Business;3967;4;3;0;neutral o insatisfecho
121197;M;56;SI;Vacaciones;Eco;2402;2;3;0;neutral o insatisfecho
38040;M;40;SI;Negocios;Business;3074;1;5;31;satisfecho
10647;F;44;NO;Negocios;Business;308;3;3;0;satisfecho
69960;F;29;SI;Vacaciones;Eco;2174;2;3;2;neutral o insatisfecho
58931;M;46;SI;Vacaciones;Eco;888;5;3;3;neutral o insatisfecho
63921;M;27;SI;Vacaciones;Eco;1212;4;3;0;satisfecho
126455;M;50;SI;Negocios;Business;1849;5;4;0;satisfecho
46237;F;19;SI;Negocios;Business;3192;3;1;247;neutral o insatisfecho
43534;M;43;SI;Negocios;Eco;643;2;3;0;neutral o insatisfecho
17022;M;39;SI;Negocios;Business;3690;4;3;0;satisfecho
62797;F;67;SI;Vacaciones;Eco;2447;3;1;282;neutral o insatisfecho
124001;F;51;SI;Negocios;Business;3760;5;4;0;satisfecho
80027;M;60;SI;Vacaciones;Eco;1096;3;4;116;neutral o insatisfecho
61604;F;45;SI;Negocios;Business;1346;4;4;6;satisfecho
115296;F;42;NO;Negocios;Business;390;2;3;2;satisfecho
113734;M;49;SI;Vacaciones;Eco;391;1;5;13;neutral o insatisfecho
127383;F;35;SI;Negocios;Business;868;4;2;0;neutral o insatisfecho
20751;M;29;SI;Vacaciones;Eco;363;2;4;0;neutral o insatisfecho
105303;F;40;NO;Vacaciones;Eco;738;4;3;0;neutral o insatisfecho
129483;M;41;NO;Negocios;Business;2611;5;1;0;neutral o insatisfecho
51831;M;20;NO;Negocios;Eco Plus;370;4;2;0;neutral o insatisfecho
67207;M;54;SI;Vacaciones;Eco;929;3;3;0;neutral o insatisfecho
53735;M;40;SI;Vacaciones;Eco;1190;5;3;23;neutral o insatisfecho
31511;F;26;SI;Negocios;Business;2957;3;2;0;neutral o insatisfecho
128350;F;52;SI;Negocios;Business;3346;5;5;0;satisfecho
91751;M;25;NO;Negocios;Business;590;1;3;0;satisfecho
55975;F;48;SI;Vacaciones;Eco;1620;5;3;28;neutral o insatisfecho
106751;M;21;NO;Negocios;Eco;545;4;1;0;neutral o insatisfecho
118085;F;62;SI;Negocios;Business;3599;4;4;93;neutral o insatisfecho
108415;M;53;SI;Negocios;Business;1444;4;4;18;satisfecho
79218;F;21;SI;Vacaciones;Eco;1990;3;1;0;neutral o insatisfecho
1642;F;40;NO;Negocios;Business;435;4;3;0;neutral o insatisfecho
5480;M;60;SI;Vacaciones;Eco Plus;265;3;4;0;neutral o insatisfecho
24441;M;44;SI;Negocios;Business;1736;4;3;30;satisfecho
14557;F;35;SI;Negocios;Eco Plus;288;3;1;0;neutral o insatisfecho
19378;F;46;SI;Negocios;Business;844;2;4;0;satisfecho
124882;M;41;SI;Negocios;Eco;728;2;3;0;neutral o insatisfecho
119374;M;53;SI;Negocios;Business;399;5;5;29;satisfecho
1434;M;28;SI;Negocios;Business;3607;5;5;0;satisfecho
52514;M;26;NO;Negocios;Eco;160;3;3;3;neutral o insatisfecho
109486;F;18;SI;Negocios;Business;920;4;5;16;satisfecho
125072;M;35;SI;Negocios;Business;361;5;4;17;satisfecho
17897;M;33;SI;Vacaciones;Eco Plus;453;1;2;0;satisfecho
88718;F;54;SI;Vacaciones;Eco;646;1;5;0;neutral o insatisfecho
2771;F;41;SI;Negocios;Business;2679;4;5;75;satisfecho
112401;F;26;NO;Negocios;Business;948;3;3;75;neutral o insatisfecho
101059;M;26;NO;Negocios;Business;368;1;3;4;neutral o insatisfecho
19561;F;37;NO;Negocios;Eco;173;5;1;0;neutral o insatisfecho
40832;M;21;NO;Negocios;Eco;532;2;4;96;satisfecho
92974;M;58;SI;Negocios;Business;738;5;4;5;satisfecho
37542;F;31;SI;Negocios;Business;2954;4;4;71;neutral o insatisfecho
71210;F;31;SI;Negocios;Business;733;5;3;0;satisfecho
88546;F;57;SI;Vacaciones;Eco;594;2;3;0;neutral o insatisfecho
20120;F;55;SI;Negocios;Business;416;2;2;15;neutral o insatisfecho
122669;F;43;SI;Negocios;Business;361;4;5;19;satisfecho
118073;F;26;SI;Vacaciones;Eco Plus;1262;2;3;44;neutral o insatisfecho
40881;F;30;SI;Vacaciones;Eco;599;1;3;0;neutral o insatisfecho
27796;F;35;SI;Negocios;Business;1448;1;2;6;satisfecho
83383;M;20;SI;Negocios;Eco Plus;1124;2;3;6;neutral o insatisfecho
26742;M;36;SI;Negocios;Eco Plus;115;4;1;0;satisfecho
22850;M;25;SI;Vacaciones;Eco;170;4;3;1;neutral o insatisfecho
85914;M;53;SI;Negocios;Eco;761;2;1;0;neutral o insatisfecho
79641;M;35;NO;Negocios;Eco;760;2;2;64;neutral o insatisfecho
7326;M;20;SI;Negocios;Eco Plus;135;1;3;0;neutral o insatisfecho
5514;M;46;SI;Negocios;Business;2233;5;4;0;satisfecho
90863;M;20;SI;Negocios;Business;581;4;4;0;neutral o insatisfecho
111785;M;37;NO;Negocios;Eco;120;4;2;51;neutral o insatisfecho
62511;M;49;SI;Negocios;Business;1846;5;4;3;satisfecho
67908;F;34;SI;Vacaciones;Eco;1205;5;4;3;neutral o insatisfecho
80693;M;61;SI;Negocios;Eco;748;2;4;0;neutral o insatisfecho
15833;F;43;SI;Negocios;Eco Plus;195;3;1;2;neutral o insatisfecho
82248;F;66;SI;Vacaciones;Eco Plus;405;2;4;210;neutral o insatisfecho
8148;F;27;NO;Negocios;Business;125;4;3;0;neutral o insatisfecho
26266;M;32;SI;Negocios;Business;859;3;2;0;neutral o insatisfecho
57261;M;40;SI;Negocios;Business;2389;4;2;0;neutral o insatisfecho
46007;M;61;SI;Negocios;Eco Plus;483;4;3;0;satisfecho
85142;F;45;SI;Negocios;Business;696;4;4;1;satisfecho
90261;F;58;SI;Negocios;Business;3516;5;4;0;satisfecho
104556;F;49;SI;Negocios;Business;3114;5;5;30;satisfecho
30199;F;39;SI;Negocios;Eco Plus;261;4;3;0;satisfecho
15013;F;51;SI;Negocios;Eco;557;4;4;0;neutral o insatisfecho
76219;F;32;SI;Negocios;Business;1399;4;4;0;satisfecho
101115;M;45;SI;Negocios;Business;583;5;4;16;satisfecho
29736;M;58;SI;Negocios;Business;1731;4;4;12;satisfecho
3202;M;69;SI;Vacaciones;Eco;585;4;4;33;neutral o insatisfecho
102397;F;50;NO;Negocios;Eco;223;3;1;0;neutral o insatisfecho
23861;M;61;SI;Vacaciones;Eco;522;2;4;0;neutral o insatisfecho
1073;F;38;SI;Vacaciones;Eco;102;1;3;3;neutral o insatisfecho
128351;M;44;SI;Negocios;Business;2694;4;4;0;satisfecho
94353;F;61;NO;Negocios;Business;323;5;3;0;neutral o insatisfecho
16829;M;63;SI;Vacaciones;Eco;645;2;2;0;neutral o insatisfecho
89347;F;60;NO;Negocios;Eco;1587;2;3;0;neutral o insatisfecho
5318;F;19;SI;Negocios;Eco Plus;383;4;1;18;neutral o insatisfecho
104115;F;45;SI;Negocios;Business;2737;4;4;0;satisfecho
106858;F;55;SI;Negocios;Business;577;4;3;11;satisfecho
72131;F;34;SI;Negocios;Business;2129;4;3;5;neutral o insatisfecho
36290;F;38;SI;Negocios;Business;2008;5;5;22;satisfecho
35202;F;40;SI;Negocios;Eco;1011;4;4;0;satisfecho
14666;M;23;NO;Negocios;Eco;430;3;5;0;satisfecho
52725;F;48;SI;Negocios;Eco;406;4;4;15;neutral o insatisfecho
90823;F;56;SI;Negocios;Business;240;4;4;0;satisfecho
117481;F;40;SI;Negocios;Business;2218;5;3;0;satisfecho
16840;F;66;SI;Vacaciones;Eco;645;4;3;0;neutral o insatisfecho
79793;F;50;SI;Negocios;Business;2274;4;4;0;satisfecho
73899;F;25;NO;Negocios;Business;2218;4;5;2;neutral o insatisfecho
105730;F;25;SI;Negocios;Business;1892;2;4;0;neutral o insatisfecho
120439;F;37;SI;Negocios;Eco;366;3;4;0;satisfecho
116771;M;18;SI;Vacaciones;Eco Plus;390;2;2;0;neutral o insatisfecho
86736;M;18;SI;Vacaciones;Eco Plus;1747;1;3;28;neutral o insatisfecho
87669;M;21;NO;Negocios;Eco;591;2;1;0;neutral o insatisfecho
55145;M;66;SI;Vacaciones;Eco;1379;4;1;15;satisfecho
35629;F;67;SI;Vacaciones;Eco Plus;1035;4;1;0;neutral o insatisfecho
14826;F;44;SI;Negocios;Eco;314;2;3;0;satisfecho
72117;F;51;SI;Negocios;Business;3756;5;2;0;satisfecho
5548;M;48;SI;Vacaciones;Eco;431;2;5;0;neutral o insatisfecho
20491;F;38;NO;Negocios;Eco;139;3;4;6;neutral o insatisfecho
66048;M;44;SI;Negocios;Business;2234;3;3;0;neutral o insatisfecho
98652;F;59;NO;Negocios;Eco;520;1;3;38;neutral o insatisfecho
127256;F;52;SI;Negocios;Business;3701;5;4;15;satisfecho
108221;F;46;SI;Vacaciones;Eco;777;5;5;2;neutral o insatisfecho
43321;M;42;SI;Negocios;Business;3508;2;4;0;satisfecho
13651;F;25;NO;Negocios;Eco;196;2;4;0;satisfecho
30246;F;36;SI;Negocios;Eco Plus;896;4;1;7;satisfecho
10973;M;27;NO;Negocios;Business;224;5;2;5;neutral o insatisfecho
121348;M;68;SI;Vacaciones;Eco;430;1;3;9;satisfecho
64112;F;37;NO;Negocios;Business;2288;1;3;10;satisfecho
17563;M;27;SI;Negocios;Business;1034;2;5;0;satisfecho
101832;F;21;SI;Vacaciones;Eco;1521;1;1;0;neutral o insatisfecho
35626;F;47;SI;Vacaciones;Eco Plus;1041;4;3;0;neutral o insatisfecho
68140;M;77;SI;Negocios;Eco Plus;413;1;4;5;neutral o insatisfecho
73627;M;28;SI;Negocios;Business;2763;1;1;0;neutral o insatisfecho
34654;M;52;SI;Vacaciones;Eco Plus;427;2;3;0;neutral o insatisfecho
68323;M;43;NO;Negocios;Eco;881;5;1;0;neutral o insatisfecho
102358;M;46;SI;Negocios;Business;223;4;1;4;satisfecho
95453;M;42;SI;Negocios;Business;3789;5;5;13;satisfecho
121084;M;47;SI;Negocios;Business;2013;4;4;14;satisfecho
36944;F;23;SI;Negocios;Business;718;4;3;0;satisfecho
83186;F;41;NO;Negocios;Business;149;3;1;14;neutral o insatisfecho
84894;F;69;SI;Vacaciones;Eco;516;4;2;0;neutral o insatisfecho
129750;M;38;SI;Negocios;Eco;337;4;4;92;satisfecho
59946;F;27;NO;Negocios;Eco;1065;1;1;0;neutral o insatisfecho
86772;M;23;NO;Negocios;Eco;692;4;3;0;satisfecho
85867;M;22;SI;Vacaciones;Business;2172;1;4;0;neutral o insatisfecho
123021;M;58;SI;Negocios;Business;590;4;1;0;satisfecho
15046;F;41;SI;Negocios;Business;576;3;1;0;neutral o insatisfecho
49408;F;56;SI;Negocios;Eco;109;1;1;25;satisfecho
6752;F;48;SI;Negocios;Business;2963;5;5;45;satisfecho
113670;F;46;SI;Vacaciones;Eco;397;3;4;0;neutral o insatisfecho
92190;F;40;SI;Negocios;Business;1979;5;5;0;satisfecho
29668;M;66;SI;Vacaciones;Eco;1533;2;4;0;neutral o insatisfecho
48542;M;55;NO;Negocios;Eco;337;5;3;0;neutral o insatisfecho
63528;M;56;SI;Negocios;Business;3041;5;4;7;satisfecho
126724;M;43;NO;Negocios;Eco;794;4;2;0;neutral o insatisfecho
109099;M;43;SI;Vacaciones;Eco;781;5;1;2;neutral o insatisfecho
44031;F;20;NO;Negocios;Eco;237;5;5;0;neutral o insatisfecho
52413;M;24;SI;Vacaciones;Eco;370;5;5;2;neutral o insatisfecho
118834;F;36;SI;Negocios;Business;338;5;4;25;satisfecho
75982;F;44;SI;Vacaciones;Eco;297;4;3;0;satisfecho
30452;F;43;SI;Negocios;Eco;991;2;2;55;satisfecho
77483;M;29;NO;Negocios;Business;1195;1;3;5;satisfecho
79215;M;58;SI;Vacaciones;Eco;1990;3;1;0;neutral o insatisfecho
14008;M;55;SI;Vacaciones;Eco;615;2;4;207;neutral o insatisfecho
36389;F;18;SI;Negocios;Eco Plus;200;1;2;0;neutral o insatisfecho
2280;M;46;SI;Negocios;Business;2603;4;4;0;satisfecho
25572;M;43;SI;Negocios;Business;1639;3;5;12;satisfecho
107195;M;20;SI;Vacaciones;Eco;402;2;3;15;neutral o insatisfecho
47838;M;56;SI;Negocios;Eco;412;3;2;0;neutral o insatisfecho
53023;M;51;SI;Negocios;Eco;1190;2;3;12;neutral o insatisfecho
43559;M;45;SI;Negocios;Eco;637;5;5;0;satisfecho
83768;F;47;SI;Vacaciones;Eco;926;4;2;0;neutral o insatisfecho
118275;M;45;SI;Negocios;Business;2405;5;5;10;satisfecho
100545;M;39;SI;Negocios;Business;580;4;5;22;satisfecho
4155;M;26;NO;Negocios;Eco;427;1;2;0;neutral o insatisfecho
63853;F;54;SI;Negocios;Business;3725;5;4;8;satisfecho
77446;F;40;SI;Negocios;Business;107;4;3;0;satisfecho
85367;F;25;SI;Vacaciones;Eco Plus;689;3;1;0;neutral o insatisfecho
20801;M;42;SI;Negocios;Eco;508;5;4;54;satisfecho
5627;M;43;SI;Vacaciones;Eco;624;2;1;0;neutral o insatisfecho
110187;F;48;SI;Vacaciones;Eco;882;4;5;20;neutral o insatisfecho
65733;F;38;SI;Negocios;Business;1061;3;1;1;neutral o insatisfecho
89852;M;60;SI;Negocios;Business;1416;4;4;0;satisfecho
73220;F;48;NO;Negocios;Business;946;5;5;0;satisfecho
42812;F;40;NO;Negocios;Business;677;2;1;79;neutral o insatisfecho
116144;M;32;SI;Vacaciones;Eco;325;4;1;54;neutral o insatisfecho
6597;M;37;SI;Vacaciones;Eco;618;4;5;0;neutral o insatisfecho
112182;F;32;SI;Vacaciones;Eco;895;5;2;10;neutral o insatisfecho
82598;F;40;SI;Negocios;Business;2570;4;4;0;neutral o insatisfecho
61051;M;22;SI;Negocios;Business;1546;5;4;0;satisfecho
7021;F;33;SI;Vacaciones;Eco;234;3;5;0;neutral o insatisfecho
27240;F;51;SI;Vacaciones;Eco;1024;5;4;0;neutral o insatisfecho
83977;F;53;SI;Negocios;Business;3179;4;5;0;satisfecho
91723;M;41;SI;Negocios;Business;2678;4;5;16;satisfecho
35679;F;26;NO;Negocios;Eco;1151;3;2;0;neutral o insatisfecho
49002;M;49;SI;Negocios;Eco;109;5;3;0;satisfecho
78803;F;39;SI;Vacaciones;Eco;432;4;4;0;neutral o insatisfecho
18899;F;60;SI;Negocios;Business;2224;5;4;0;satisfecho
112394;F;47;NO;Negocios;Business;853;4;5;0;neutral o insatisfecho
69572;F;34;SI;Negocios;Business;2475;1;4;2;neutral o insatisfecho
45420;M;58;SI;Negocios;Business;458;4;5;0;satisfecho
103881;M;28;SI;Vacaciones;Eco;882;5;5;0;neutral o insatisfecho
62068;M;26;SI;Vacaciones;Eco;2475;4;3;0;neutral o insatisfecho
111899;M;48;SI;Vacaciones;Eco;628;1;4;5;neutral o insatisfecho
3596;F;41;SI;Negocios;Business;999;4;3;0;neutral o insatisfecho
58293;M;48;SI;Vacaciones;Eco;413;3;4;0;neutral o insatisfecho
112818;F;39;SI;Negocios;Business;1390;4;3;9;satisfecho
88635;M;36;SI;Vacaciones;Eco;366;3;1;8;neutral o insatisfecho
128627;F;39;NO;Negocios;Business;954;4;2;0;neutral o insatisfecho
59168;F;63;SI;Vacaciones;Eco Plus;1846;5;2;5;neutral o insatisfecho
74792;M;46;SI;Negocios;Business;1205;4;4;0;satisfecho
16749;F;27;SI;Negocios;Eco;569;4;1;0;satisfecho
1370;F;38;NO;Negocios;Business;247;4;3;0;neutral o insatisfecho
18821;M;52;SI;Negocios;Business;448;1;5;0;satisfecho
80262;M;54;SI;Vacaciones;Eco;1008;3;5;1;neutral o insatisfecho
4032;F;47;NO;Negocios;Eco;479;3;3;0;neutral o insatisfecho
56381;F;33;SI;Negocios;Eco Plus;200;3;3;96;neutral o insatisfecho
80120;M;25;NO;Negocios;Eco;1061;1;2;0;satisfecho
99311;F;37;SI;Negocios;Business;337;5;3;6;satisfecho
46353;F;27;NO;Negocios;Business;1013;1;4;0;satisfecho
38448;F;37;NO;Negocios;Business;1104;4;2;10;neutral o insatisfecho
66519;M;53;SI;Vacaciones;Eco;447;1;3;0;neutral o insatisfecho
127012;F;45;NO;Negocios;Eco;304;1;2;0;neutral o insatisfecho
78929;M;46;SI;Negocios;Business;1911;4;3;0;satisfecho
7752;F;39;SI;Negocios;Eco;613;4;5;0;satisfecho
48463;M;20;SI;Negocios;Business;2078;5;5;7;satisfecho
122649;M;26;NO;Negocios;Business;361;5;4;0;satisfecho
43582;M;34;SI;Negocios;Eco Plus;1499;3;1;1;satisfecho
45538;M;30;NO;Negocios;Eco;566;3;2;0;satisfecho
30479;F;26;NO;Negocios;Eco;1201;2;1;10;neutral o insatisfecho
81616;M;58;SI;Negocios;Business;3431;5;2;3;satisfecho
22743;M;36;SI;Negocios;Business;147;5;4;0;satisfecho
128437;M;59;SI;Negocios;Business;2101;1;3;0;neutral o insatisfecho
61241;F;20;NO;Negocios;Eco;967;5;4;6;satisfecho
50533;M;40;SI;Vacaciones;Eco;158;1;1;0;neutral o insatisfecho
35648;M;25;NO;Negocios;Eco;781;2;1;3;satisfecho
70433;F;40;SI;Negocios;Business;3127;4;5;0;satisfecho
1072;F;53;SI;Vacaciones;Eco;113;2;4;0;neutral o insatisfecho
33962;M;47;SI;Negocios;Business;1576;5;4;0;satisfecho
118252;M;39;SI;Negocios;Business;1849;4;5;0;satisfecho
97792;M;41;SI;Negocios;Business;2396;4;2;1;satisfecho
32750;F;53;SI;Negocios;Business;3235;2;5;0;satisfecho
74686;M;43;SI;Vacaciones;Eco;1171;5;5;0;neutral o insatisfecho
75785;F;43;SI;Vacaciones;Eco;868;3;5;15;neutral o insatisfecho
28464;F;64;SI;Vacaciones;Eco;2588;2;3;0;neutral o insatisfecho
83552;F;24;NO;Negocios;Business;1034;5;5;0;satisfecho
29925;F;35;NO;Negocios;Eco;82;3;4;0;neutral o insatisfecho
13084;F;65;SI;Vacaciones;Business;595;4;3;93;neutral o insatisfecho
24340;M;24;SI;Negocios;Business;2386;2;1;0;neutral o insatisfecho
126145;M;24;SI;Negocios;Business;650;1;1;9;neutral o insatisfecho
2161;F;39;SI;Negocios;Business;1671;4;2;0;satisfecho
30600;F;42;SI;Negocios;Business;3576;1;4;0;satisfecho
64770;F;56;SI;Negocios;Business;1916;4;4;0;satisfecho
61218;F;50;SI;Negocios;Business;2734;5;4;0;satisfecho
102743;M;40;SI;Vacaciones;Eco;255;4;4;5;neutral o insatisfecho
108608;M;29;SI;Negocios;Business;3419;4;5;0;satisfecho
17370;M;23;SI;Vacaciones;Eco Plus;563;3;5;0;neutral o insatisfecho
59620;F;30;SI;Negocios;Business;965;5;4;39;neutral o insatisfecho
29733;M;44;NO;Negocios;Eco;1052;3;4;0;neutral o insatisfecho
56963;M;85;NO;Negocios;Eco;954;4;2;0;neutral o insatisfecho
122494;F;58;SI;Negocios;Business;2235;5;2;0;satisfecho
117185;F;33;SI;Vacaciones;Eco;304;3;4;0;neutral o insatisfecho
7146;M;36;SI;Negocios;Business;1761;4;4;0;satisfecho
24048;F;59;SI;Vacaciones;Eco;427;4;1;0;neutral o insatisfecho
6380;F;43;SI;Negocios;Business;213;4;5;0;satisfecho
61837;F;43;SI;Negocios;Business;1464;5;5;0;satisfecho
33656;M;47;SI;Negocios;Eco Plus;399;4;4;0;satisfecho
41464;F;54;SI;Negocios;Business;2739;5;5;0;satisfecho
77518;M;25;SI;Negocios;Business;1521;5;1;0;satisfecho
44240;F;59;SI;Negocios;Business;1647;3;2;0;neutral o insatisfecho
11762;M;53;SI;Negocios;Business;429;1;4;0;satisfecho
53582;F;24;SI;Negocios;Eco Plus;1195;4;3;3;neutral o insatisfecho
128300;M;40;SI;Negocios;Business;621;4;5;0;satisfecho
49886;F;49;SI;Negocios;Business;2516;5;5;0;satisfecho
19089;M;31;SI;Negocios;Eco;296;5;3;0;satisfecho
63383;M;24;SI;Vacaciones;Eco;337;3;4;108;neutral o insatisfecho
111780;M;43;SI;Negocios;Eco;1620;1;1;0;neutral o insatisfecho
60804;F;25;SI;Vacaciones;Eco Plus;472;2;4;0;neutral o insatisfecho
18550;F;36;NO;Negocios;Eco;190;3;2;0;neutral o insatisfecho
111535;M;29;NO;Negocios;Business;775;1;3;46;neutral o insatisfecho
77912;F;41;SI;Negocios;Business;2498;5;4;0;satisfecho
21337;F;27;SI;Negocios;Business;674;3;3;39;neutral o insatisfecho
64789;F;34;SI;Negocios;Business;3840;2;2;35;neutral o insatisfecho
122957;M;57;SI;Negocios;Business;2303;4;5;8;satisfecho
26490;M;25;SI;Negocios;Business;829;3;2;53;satisfecho
27493;M;56;NO;Negocios;Eco;554;5;5;0;neutral o insatisfecho
3243;F;46;SI;Negocios;Business;479;4;5;0;satisfecho
9010;F;46;SI;Vacaciones;Business;173;4;4;3;neutral o insatisfecho
66052;F;54;SI;Negocios;Business;945;2;5;0;satisfecho
69760;M;49;SI;Vacaciones;Eco;1085;2;2;0;neutral o insatisfecho
76813;F;66;SI;Vacaciones;Eco;689;4;3;0;neutral o insatisfecho
63654;M;29;SI;Vacaciones;Eco;1448;4;4;0;neutral o insatisfecho
75604;F;21;SI;Vacaciones;Eco;337;5;2;0;satisfecho
97420;F;33;SI;Negocios;Business;2986;4;2;9;neutral o insatisfecho
116108;M;35;SI;Vacaciones;Eco;390;1;3;0;neutral o insatisfecho
122133;F;25;SI;Negocios;Business;544;3;1;27;neutral o insatisfecho
42279;F;27;NO;Negocios;Eco;451;1;4;68;neutral o insatisfecho
109609;M;45;SI;Vacaciones;Business;930;5;4;0;neutral o insatisfecho
85128;F;44;NO;Negocios;Business;731;1;3;0;satisfecho
52610;F;39;SI;Negocios;Business;3183;3;5;0;satisfecho
80797;M;57;SI;Negocios;Business;1882;4;3;0;satisfecho
128920;M;34;NO;Negocios;Business;414;3;1;8;neutral o insatisfecho
86804;F;30;NO;Negocios;Business;692;3;3;1;neutral o insatisfecho
12644;M;21;SI;Vacaciones;Eco;844;2;5;0;neutral o insatisfecho
88437;M;44;SI;Negocios;Business;1727;3;2;0;neutral o insatisfecho
30784;F;50;SI;Negocios;Business;3567;2;2;6;neutral o insatisfecho
30787;F;80;SI;Negocios;Eco;495;3;4;11;neutral o insatisfecho
87733;M;19;SI;Negocios;Business;4502;2;5;12;neutral o insatisfecho
95481;M;30;SI;Negocios;Eco Plus;323;4;2;0;neutral o insatisfecho
106262;F;28;SI;Negocios;Business;1500;4;5;9;satisfecho
100344;M;35;SI;Vacaciones;Eco;1053;3;5;4;neutral o insatisfecho
53857;F;59;SI;Negocios;Business;1586;4;5;0;satisfecho
115651;M;31;SI;Negocios;Eco;390;2;1;31;neutral o insatisfecho
117168;F;68;SI;Vacaciones;Eco;370;5;5;12;neutral o insatisfecho
77465;F;36;NO;Negocios;Eco;507;5;3;0;neutral o insatisfecho
60393;F;56;SI;Negocios;Eco;1052;4;2;5;neutral o insatisfecho
116993;F;52;SI;Negocios;Business;2196;4;4;10;satisfecho
45447;F;47;SI;Negocios;Business;2618;5;4;7;satisfecho
94790;M;43;SI;Negocios;Business;319;4;5;0;satisfecho
40860;F;30;SI;Vacaciones;Eco;541;3;4;0;neutral o insatisfecho
88963;F;57;SI;Negocios;Business;1199;4;4;0;satisfecho
41788;M;32;SI;Negocios;Business;196;5;4;18;satisfecho
73515;M;59;SI;Negocios;Business;3775;4;4;0;satisfecho
19162;M;52;SI;Negocios;Eco;304;4;1;0;neutral o insatisfecho
98988;M;56;SI;Vacaciones;Eco;479;3;4;26;neutral o insatisfecho
47525;M;41;SI;Vacaciones;Eco;584;2;4;0;neutral o insatisfecho
60426;M;29;NO;Negocios;Business;775;3;3;0;neutral o insatisfecho
84610;M;45;SI;Negocios;Business;2629;5;4;0;satisfecho
60760;M;25;SI;Negocios;Business;3146;4;5;5;satisfecho
103953;F;58;SI;Negocios;Eco;770;1;4;16;satisfecho
103614;F;38;SI;Negocios;Business;3300;5;5;27;satisfecho
33659;F;44;SI;Negocios;Eco Plus;399;3;2;0;neutral o insatisfecho
58983;M;48;SI;Negocios;Business;1652;4;5;17;satisfecho
122865;F;52;SI;Negocios;Business;3708;5;1;4;satisfecho
85767;M;26;NO;Negocios;Business;666;1;4;45;neutral o insatisfecho
41579;M;47;SI;Vacaciones;Eco;1242;3;5;0;neutral o insatisfecho
9836;F;30;SI;Negocios;Business;1511;4;5;0;satisfecho
105500;F;42;SI;Negocios;Business;2415;5;5;8;satisfecho
73683;F;26;NO;Negocios;Eco;192;2;1;2;neutral o insatisfecho
77545;F;34;SI;Negocios;Business;2131;3;1;14;neutral o insatisfecho
33560;M;56;SI;Negocios;Business;474;4;4;0;satisfecho
9201;F;18;NO;Negocios;Eco;227;4;1;0;neutral o insatisfecho
29523;F;68;SI;Negocios;Eco;1009;3;1;0;neutral o insatisfecho
112572;F;48;SI;Negocios;Business;2018;4;4;7;satisfecho
38656;M;29;NO;Negocios;Business;2704;5;4;0;neutral o insatisfecho
6385;F;31;SI;Negocios;Business;3160;3;2;85;neutral o insatisfecho
112424;M;18;NO;Negocios;Eco;850;4;4;50;satisfecho
103345;F;43;SI;Vacaciones;Eco;1139;4;2;33;neutral o insatisfecho
113375;F;57;SI;Negocios;Business;386;4;2;0;satisfecho
36886;F;31;SI;Vacaciones;Eco;1182;1;3;6;neutral o insatisfecho
77840;F;53;SI;Negocios;Business;2379;4;4;0;satisfecho
27511;F;52;SI;Negocios;Eco;650;3;2;5;neutral o insatisfecho
97543;M;21;NO;Negocios;Eco;675;1;4;3;neutral o insatisfecho
123610;M;59;SI;Negocios;Business;1773;5;4;0;satisfecho
78955;F;24;NO;Negocios;Business;356;2;1;0;neutral o insatisfecho
61092;M;61;SI;Vacaciones;Eco;1506;4;3;9;neutral o insatisfecho
24019;F;47;SI;Negocios;Eco;427;1;5;2;satisfecho
72514;M;48;SI;Negocios;Eco;929;3;2;0;neutral o insatisfecho
10752;F;52;SI;Negocios;Business;3685;2;3;0;neutral o insatisfecho
78797;F;74;SI;Negocios;Eco;154;4;3;0;neutral o insatisfecho
4625;M;27;NO;Negocios;Business;364;2;4;0;neutral o insatisfecho
26017;M;37;SI;Negocios;Eco;425;4;1;0;satisfecho
69346;F;28;SI;Negocios;Business;2264;3;5;1;satisfecho
94802;M;30;SI;Negocios;Business;189;4;1;3;neutral o insatisfecho
110541;M;20;NO;Negocios;Business;551;2;4;4;satisfecho
56219;M;63;SI;Negocios;Business;1585;5;4;11;satisfecho
15785;F;65;SI;Vacaciones;Eco;254;4;4;0;neutral o insatisfecho
48477;M;47;SI;Negocios;Business;833;5;4;2;satisfecho
48356;M;37;NO;Negocios;Eco;522;1;1;0;neutral o insatisfecho
8822;M;33;SI;Vacaciones;Eco;522;3;3;22;neutral o insatisfecho
128655;M;38;NO;Negocios;Business;2288;4;3;14;neutral o insatisfecho
17616;F;30;SI;Negocios;Business;622;4;2;9;satisfecho
119458;F;57;SI;Vacaciones;Business;759;4;4;0;neutral o insatisfecho
92956;M;25;NO;Negocios;Eco Plus;134;2;1;0;neutral o insatisfecho
108064;F;60;SI;Negocios;Business;1784;3;2;0;neutral o insatisfecho
30514;M;21;NO;Negocios;Eco;377;2;2;5;neutral o insatisfecho
23139;F;52;SI;Negocios;Business;3268;3;4;0;neutral o insatisfecho
102629;F;41;SI;Negocios;Business;601;4;5;46;satisfecho
50414;M;56;SI;Negocios;Business;2938;1;4;0;satisfecho
92222;M;54;SI;Vacaciones;Eco;1979;3;4;0;satisfecho
74249;M;48;SI;Negocios;Eco;1709;3;2;78;neutral o insatisfecho
95901;F;31;SI;Vacaciones;Eco;580;3;4;0;neutral o insatisfecho
24953;F;37;SI;Vacaciones;Eco;1747;5;3;5;satisfecho
125143;F;30;SI;Negocios;Business;1999;5;5;0;satisfecho
70669;M;20;NO;Negocios;Eco;447;2;5;0;neutral o insatisfecho
99261;F;39;SI;Negocios;Business;2418;5;3;0;satisfecho
81862;F;40;SI;Vacaciones;Eco Plus;1416;4;2;0;neutral o insatisfecho
41460;F;29;SI;Vacaciones;Business;1334;4;5;16;neutral o insatisfecho
90999;M;68;SI;Vacaciones;Eco;594;4;1;0;neutral o insatisfecho
70519;M;50;SI;Negocios;Business;3388;5;5;1;satisfecho
57926;M;43;SI;Negocios;Eco Plus;305;4;4;6;neutral o insatisfecho
117291;M;38;SI;Negocios;Eco Plus;368;2;1;76;neutral o insatisfecho
60726;M;59;SI;Vacaciones;Eco;1605;4;3;0;neutral o insatisfecho
71988;F;22;SI;Vacaciones;Eco;1440;5;3;33;neutral o insatisfecho
110701;M;37;SI;Vacaciones;Eco;1005;3;5;11;neutral o insatisfecho
27092;M;21;SI;Negocios;Business;1721;4;2;0;satisfecho
63454;M;40;SI;Negocios;Business;2311;4;4;23;satisfecho
94593;M;60;SI;Negocios;Business;3052;5;4;0;satisfecho
3443;M;64;SI;Vacaciones;Eco;296;1;4;0;neutral o insatisfecho
75798;F;60;SI;Vacaciones;Eco;868;4;4;0;neutral o insatisfecho
77398;M;48;SI;Vacaciones;Eco;626;2;4;0;neutral o insatisfecho
89132;M;41;SI;Negocios;Business;1947;3;2;3;neutral o insatisfecho
120884;M;43;SI;Negocios;Business;861;5;5;0;satisfecho
111168;M;49;NO;Negocios;Business;1506;3;4;14;neutral o insatisfecho
16961;M;32;SI;Negocios;Business;3315;5;2;0;satisfecho
118220;M;24;NO;Negocios;Eco;735;4;4;16;neutral o insatisfecho
66927;F;18;SI;Negocios;Business;3410;5;3;0;satisfecho
25421;F;42;SI;Vacaciones;Eco Plus;1105;2;2;0;neutral o insatisfecho
124520;M;48;SI;Negocios;Business;1783;4;5;1;satisfecho
52055;M;72;SI;Negocios;Eco;639;5;1;7;satisfecho
66153;M;26;NO;Negocios;Business;550;5;2;0;neutral o insatisfecho
78889;M;56;SI;Negocios;Business;1727;5;3;0;satisfecho
2026;M;19;SI;Negocios;Business;733;5;4;0;satisfecho
15011;F;33;SI;Negocios;Business;2194;3;4;4;satisfecho
129684;M;44;SI;Negocios;Business;337;5;4;0;satisfecho
66658;F;51;SI;Negocios;Business;978;4;5;0;satisfecho
82161;M;26;NO;Negocios;Business;237;4;3;0;neutral o insatisfecho
128105;M;40;SI;Vacaciones;Business;1587;5;5;0;neutral o insatisfecho
91945;F;24;SI;Vacaciones;Eco;2475;4;1;0;satisfecho
25775;M;54;SI;Negocios;Eco;762;4;5;0;satisfecho
60851;F;30;SI;Vacaciones;Eco;1754;2;2;39;neutral o insatisfecho
91938;M;57;SI;Negocios;Eco;2475;5;1;4;satisfecho
5010;M;18;SI;Vacaciones;Eco;502;1;4;0;neutral o insatisfecho
23768;F;60;SI;Negocios;Business;2925;4;4;13;satisfecho
79036;M;39;NO;Negocios;Business;356;3;3;0;neutral o insatisfecho
15642;M;33;SI;Negocios;Eco Plus;292;5;3;0;satisfecho
120829;M;21;NO;Negocios;Business;920;5;3;0;satisfecho
3317;M;66;SI;Negocios;Business;2565;4;5;0;satisfecho
22873;F;57;SI;Vacaciones;Eco;302;4;1;10;neutral o insatisfecho
59610;F;23;SI;Negocios;Business;3872;2;4;0;neutral o insatisfecho
69663;M;39;NO;Negocios;Eco;169;5;3;0;neutral o insatisfecho
61279;M;36;SI;Vacaciones;Eco;862;2;3;1;neutral o insatisfecho
30651;F;58;SI;Vacaciones;Eco;770;4;3;0;neutral o insatisfecho
123486;F;34;SI;Negocios;Business;2077;3;4;12;neutral o insatisfecho
48685;F;60;SI;Negocios;Business;2416;5;4;0;satisfecho
56208;M;45;SI;Negocios;Business;1400;5;3;0;satisfecho
114832;M;40;SI;Negocios;Business;2100;4;4;15;satisfecho
76398;M;32;SI;Vacaciones;Eco;931;5;5;6;neutral o insatisfecho
56327;F;35;NO;Negocios;Business;200;1;4;0;neutral o insatisfecho
58045;F;32;SI;Negocios;Business;1678;5;3;54;satisfecho
124959;M;36;SI;Negocios;Business;184;3;4;0;neutral o insatisfecho
92189;F;38;SI;Negocios;Eco;1979;3;4;0;neutral o insatisfecho
75599;F;28;SI;Vacaciones;Eco;337;3;3;0;neutral o insatisfecho
100244;F;39;SI;Negocios;Business;1052;5;5;3;satisfecho
51686;F;30;SI;Negocios;Business;1736;3;1;0;neutral o insatisfecho
34465;F;52;SI;Negocios;Eco;266;1;4;0;satisfecho
123895;M;21;SI;Vacaciones;Eco;573;1;2;13;neutral o insatisfecho
98892;F;31;SI;Vacaciones;Eco Plus;991;2;5;56;neutral o insatisfecho
52478;M;55;SI;Vacaciones;Eco Plus;261;4;1;0;neutral o insatisfecho
109292;M;40;SI;Negocios;Business;1072;4;5;90;satisfecho
68648;F;40;SI;Negocios;Business;237;5;4;0;satisfecho
25193;M;44;SI;Vacaciones;Eco;577;5;4;0;satisfecho
39715;F;53;SI;Negocios;Eco;410;3;4;0;satisfecho
127549;M;34;SI;Vacaciones;Eco;1009;5;4;0;neutral o insatisfecho
99232;M;51;NO;Negocios;Eco;495;2;4;0;neutral o insatisfecho
89641;F;38;SI;Negocios;Business;950;3;2;0;neutral o insatisfecho
114259;M;77;SI;Negocios;Business;453;2;3;40;satisfecho
80647;F;30;SI;Negocios;Business;2781;4;3;0;satisfecho
103774;F;39;SI;Negocios;Business;2185;4;5;33;satisfecho
99424;M;34;SI;Vacaciones;Eco;337;5;3;21;neutral o insatisfecho
7301;F;43;NO;Negocios;Business;116;2;3;7;neutral o insatisfecho
104099;M;42;SI;Negocios;Business;3857;5;5;3;satisfecho
20040;M;56;SI;Negocios;Eco;528;2;4;4;neutral o insatisfecho
23159;F;21;SI;Vacaciones;Eco;223;1;4;0;neutral o insatisfecho
62724;M;29;SI;Negocios;Business;2399;4;2;3;neutral o insatisfecho
128868;M;29;NO;Negocios;Business;1443;2;5;0;satisfecho
125763;M;22;SI;Negocios;Business;2554;4;5;28;satisfecho
70273;M;29;NO;Negocios;Business;852;2;3;0;neutral o insatisfecho
90176;F;43;SI;Vacaciones;Eco;1084;4;2;0;neutral o insatisfecho
23767;F;32;SI;Negocios;Business;2232;5;5;0;satisfecho
38349;F;25;NO;Negocios;Eco;1173;1;1;23;neutral o insatisfecho
127641;M;69;SI;Vacaciones;Eco;1773;5;2;0;neutral o insatisfecho
129008;M;57;SI;Negocios;Business;2611;2;4;0;neutral o insatisfecho
37257;M;35;SI;Negocios;Eco;1028;4;1;0;satisfecho
77780;M;40;SI;Vacaciones;Eco;696;4;3;5;neutral o insatisfecho
33428;F;72;SI;Negocios;Eco;2399;5;5;0;satisfecho
86106;M;26;NO;Negocios;Business;226;3;5;17;neutral o insatisfecho
57619;F;56;SI;Negocios;Business;200;4;5;0;satisfecho
29793;F;42;SI;Negocios;Eco;204;4;5;0;satisfecho
124903;M;32;NO;Negocios;Business;728;5;5;1;neutral o insatisfecho
45782;F;44;SI;Negocios;Eco;391;1;5;0;satisfecho
122254;M;49;SI;Negocios;Business;141;3;3;61;neutral o insatisfecho
17685;M;42;SI;Negocios;Eco Plus;1039;5;4;17;satisfecho
117882;M;21;NO;Negocios;Business;255;4;5;5;satisfecho
40643;M;63;SI;Vacaciones;Eco Plus;411;4;5;0;neutral o insatisfecho
81382;M;59;SI;Negocios;Business;1013;4;4;0;satisfecho
94019;F;42;SI;Negocios;Business;248;5;2;6;satisfecho
76007;M;59;SI;Negocios;Business;3149;3;1;3;neutral o insatisfecho
80931;F;22;SI;Vacaciones;Eco;341;1;4;0;neutral o insatisfecho
63671;M;59;SI;Vacaciones;Eco Plus;2405;2;1;16;neutral o insatisfecho
101181;M;27;SI;Vacaciones;Eco;1069;5;5;0;neutral o insatisfecho
100861;M;68;SI;Vacaciones;Business;1605;4;4;1;neutral o insatisfecho
109610;M;31;SI;Vacaciones;Business;802;3;1;24;neutral o insatisfecho
30203;M;56;SI;Negocios;Eco Plus;183;4;4;0;satisfecho
38466;F;46;SI;Negocios;Business;846;4;5;0;satisfecho
116468;M;65;SI;Vacaciones;Eco;358;1;2;0;neutral o insatisfecho
70893;M;29;SI;Negocios;Business;1721;3;3;0;satisfecho
7488;F;45;SI;Negocios;Business;3277;4;4;0;satisfecho
12574;M;57;SI;Negocios;Business;2073;3;4;29;neutral o insatisfecho
81309;F;51;SI;Negocios;Business;3498;4;4;0;satisfecho
60038;M;40;SI;Negocios;Business;3891;5;4;19;satisfecho
38581;F;23;NO;Negocios;Eco;1352;4;2;35;satisfecho
79652;F;65;NO;Negocios;Eco;362;2;3;60;neutral o insatisfecho
50186;M;54;NO;Negocios;Eco;109;3;5;0;neutral o insatisfecho
41740;F;31;SI;Vacaciones;Eco;695;2;4;0;neutral o insatisfecho
98594;M;51;SI;Negocios;Business;966;4;4;1;satisfecho
124042;F;21;NO;Negocios;Business;184;5;4;50;satisfecho
13801;F;30;SI;Vacaciones;Eco;450;4;3;0;neutral o insatisfecho
54125;M;38;SI;Negocios;Business;1400;3;5;7;satisfecho
9200;F;52;SI;Negocios;Business;227;5;5;5;satisfecho
38167;M;49;SI;Vacaciones;Eco;1249;3;3;41;neutral o insatisfecho
29158;F;30;NO;Negocios;Eco Plus;954;3;2;4;neutral o insatisfecho
9384;F;42;SI;Vacaciones;Eco;441;4;5;13;neutral o insatisfecho
46192;F;41;SI;Negocios;Business;472;2;3;0;satisfecho
110656;M;36;SI;Negocios;Business;1005;4;2;27;neutral o insatisfecho
12843;F;47;SI;Vacaciones;Eco;641;4;2;12;neutral o insatisfecho
34207;F;32;SI;Vacaciones;Eco;1046;5;2;3;neutral o insatisfecho
38105;F;43;SI;Negocios;Eco;1197;4;1;12;neutral o insatisfecho
77650;F;41;SI;Negocios;Business;689;5;4;0;satisfecho
9804;F;32;SI;Negocios;Business;2089;4;4;4;satisfecho
53420;M;25;NO;Negocios;Eco;2442;4;2;44;satisfecho
114430;F;49;SI;Negocios;Business;3471;1;2;56;neutral o insatisfecho
83932;F;43;SI;Negocios;Business;4000;5;5;0;satisfecho
22734;M;37;NO;Negocios;Eco;147;3;2;0;neutral o insatisfecho
82654;F;54;SI;Negocios;Business;3015;5;4;0;satisfecho
83672;F;34;NO;Negocios;Eco;577;5;1;0;neutral o insatisfecho
128999;F;40;SI;Negocios;Business;2704;4;2;0;satisfecho
73949;F;48;SI;Negocios;Eco;718;1;2;10;neutral o insatisfecho
97357;M;50;SI;Negocios;Business;443;3;4;0;satisfecho
117312;M;37;SI;Vacaciones;Eco Plus;325;5;4;3;satisfecho
77336;M;46;SI;Negocios;Business;1960;4;4;39;satisfecho
115402;M;34;SI;Negocios;Business;2581;4;4;0;satisfecho
88076;M;50;SI;Negocios;Business;1677;5;4;0;satisfecho
87645;F;25;SI;Negocios;Business;606;5;5;3;satisfecho
25642;F;47;SI;Vacaciones;Eco;526;4;1;0;neutral o insatisfecho
73159;F;39;SI;Negocios;Business;1145;4;5;0;satisfecho
18063;F;40;SI;Negocios;Business;3478;4;2;76;neutral o insatisfecho
15392;F;39;SI;Negocios;Eco;433;3;3;49;neutral o insatisfecho
129726;F;21;NO;Negocios;Eco;447;3;4;0;satisfecho
27157;M;40;SI;Negocios;Eco;2701;2;4;0;neutral o insatisfecho
15209;M;45;SI;Negocios;Eco;445;4;2;0;satisfecho
2330;F;27;SI;Vacaciones;Eco;691;5;2;76;neutral o insatisfecho
125723;F;67;SI;Vacaciones;Eco;759;3;4;0;neutral o insatisfecho
25211;F;35;SI;Negocios;Eco;925;4;5;34;satisfecho
37783;M;43;SI;Negocios;Eco Plus;1035;4;5;29;satisfecho
74074;M;32;SI;Negocios;Business;2739;4;5;338;satisfecho
79709;M;57;SI;Vacaciones;Eco;760;1;5;0;neutral o insatisfecho
117229;M;33;SI;Vacaciones;Eco;370;1;1;14;neutral o insatisfecho
55461;M;38;SI;Vacaciones;Business;1825;5;5;0;neutral o insatisfecho
126469;F;51;SI;Negocios;Business;1849;4;5;0;satisfecho
78993;M;49;SI;Negocios;Business;356;4;5;0;satisfecho
56747;M;31;SI;Negocios;Business;1085;4;3;3;satisfecho
61041;F;22;NO;Negocios;Eco;1117;2;4;0;neutral o insatisfecho
82686;F;72;SI;Negocios;Business;1934;5;4;0;satisfecho
24961;M;54;NO;Negocios;Business;226;1;5;0;neutral o insatisfecho
4004;M;49;SI;Negocios;Business;419;4;4;0;satisfecho
90581;M;50;SI;Negocios;Business;2779;4;5;0;satisfecho
32547;M;35;SI;Negocios;Business;3950;2;5;0;satisfecho
46674;F;69;SI;Vacaciones;Eco;125;4;1;0;neutral o insatisfecho
97120;F;55;SI;Negocios;Business;3686;5;3;5;satisfecho
65415;F;50;SI;Negocios;Business;631;5;5;2;satisfecho
73843;M;27;NO;Negocios;Business;785;4;5;0;satisfecho
82646;F;23;NO;Negocios;Business;120;2;3;0;neutral o insatisfecho
13198;F;36;SI;Vacaciones;Eco;542;1;3;0;neutral o insatisfecho
30819;F;49;SI;Negocios;Business;1026;3;2;0;neutral o insatisfecho
577;F;48;SI;Negocios;Business;164;5;4;0;satisfecho
68389;F;28;SI;Negocios;Business;1045;5;3;0;satisfecho
73529;M;58;SI;Negocios;Business;594;4;2;0;satisfecho
18960;F;25;NO;Negocios;Eco Plus;500;5;1;0;neutral o insatisfecho
28965;F;23;NO;Negocios;Eco;1050;1;2;0;neutral o insatisfecho
97897;M;22;NO;Negocios;Eco;722;2;3;0;neutral o insatisfecho
81827;M;57;SI;Vacaciones;Eco;1310;3;5;3;neutral o insatisfecho
118444;F;57;SI;Negocios;Business;1698;4;4;15;satisfecho
67162;F;27;SI;Vacaciones;Eco;918;4;5;13;satisfecho
79679;F;20;SI;Vacaciones;Eco;762;5;4;31;neutral o insatisfecho
114288;F;67;SI;Vacaciones;Eco;862;4;1;0;satisfecho
64784;M;34;SI;Negocios;Business;2157;4;5;0;satisfecho
65505;F;23;SI;Vacaciones;Eco Plus;1067;2;3;0;neutral o insatisfecho
94237;F;44;SI;Negocios;Business;2852;5;5;0;satisfecho
3129;F;50;SI;Negocios;Business;140;5;4;0;satisfecho
55373;F;27;SI;Negocios;Business;413;5;5;32;satisfecho
50001;F;45;SI;Negocios;Business;56;4;4;0;neutral o insatisfecho
27685;F;62;SI;Negocios;Business;3740;3;4;60;neutral o insatisfecho
98450;F;50;SI;Negocios;Business;3905;5;5;0;satisfecho
20987;M;37;SI;Vacaciones;Eco;721;3;4;0;neutral o insatisfecho
64683;M;48;SI;Negocios;Business;1969;4;5;0;satisfecho
2748;M;59;SI;Negocios;Business;3778;5;5;0;satisfecho
23247;M;34;SI;Negocios;Business;3990;5;4;0;satisfecho
111509;F;37;SI;Negocios;Eco;391;2;2;44;neutral o insatisfecho
49166;M;42;NO;Negocios;Eco;308;2;2;0;neutral o insatisfecho
94230;M;45;SI;Negocios;Business;677;5;4;0;satisfecho
70185;F;49;SI;Negocios;Business;1562;4;3;3;satisfecho
128180;F;18;SI;Vacaciones;Eco;1972;3;3;0;neutral o insatisfecho
114218;F;31;SI;Negocios;Business;3189;3;1;16;neutral o insatisfecho
77064;M;28;SI;Negocios;Business;991;5;5;0;satisfecho
21403;F;23;SI;Negocios;Business;331;4;2;0;satisfecho
99975;F;40;SI;Negocios;Business;1944;4;3;0;satisfecho
7345;F;39;SI;Vacaciones;Eco;606;4;4;36;neutral o insatisfecho
90891;F;37;SI;Negocios;Eco;545;2;3;67;neutral o insatisfecho
81222;M;53;SI;Vacaciones;Eco;1426;1;2;0;neutral o insatisfecho
47030;M;52;SI;Negocios;Eco;639;5;3;0;satisfecho
103259;F;27;SI;Negocios;Business;888;5;4;38;satisfecho
84368;F;52;NO;Negocios;Business;591;4;5;0;neutral o insatisfecho
14553;M;21;SI;Vacaciones;Eco;368;4;2;0;neutral o insatisfecho
96220;F;49;SI;Negocios;Business;687;3;3;0;neutral o insatisfecho
13448;M;25;SI;Vacaciones;Eco;491;4;2;0;neutral o insatisfecho
78873;M;28;SI;Negocios;Business;1995;2;3;0;satisfecho
41836;F;59;SI;Negocios;Business;3581;1;4;0;satisfecho
8855;F;44;SI;Negocios;Business;539;5;4;0;satisfecho
57544;F;45;SI;Vacaciones;Eco;413;2;5;0;neutral o insatisfecho
40769;F;54;SI;Negocios;Eco;501;4;2;0;neutral o insatisfecho
35721;F;42;SI;Vacaciones;Eco;2576;4;5;96;neutral o insatisfecho
110580;M;24;SI;Negocios;Eco;674;1;4;14;neutral o insatisfecho
42610;M;54;SI;Negocios;Eco;223;3;2;0;neutral o insatisfecho
53712;M;44;SI;Vacaciones;Eco;1208;5;2;10;neutral o insatisfecho
89978;M;48;SI;Negocios;Business;3934;4;5;0;satisfecho
15748;M;29;SI;Negocios;Business;3890;2;5;165;neutral o insatisfecho
50143;F;33;SI;Negocios;Business;2814;1;2;0;satisfecho
95008;M;37;SI;Vacaciones;Eco;528;3;1;27;neutral o insatisfecho
61934;F;22;NO;Negocios;Eco;550;5;4;0;neutral o insatisfecho
10366;M;43;SI;Negocios;Business;2130;5;4;0;satisfecho
12797;M;27;NO;Negocios;Eco;817;1;1;146;neutral o insatisfecho
128748;F;67;SI;Negocios;Business;1893;2;3;0;neutral o insatisfecho
90148;M;22;SI;Negocios;Business;2369;3;4;0;neutral o insatisfecho
17745;M;53;SI;Negocios;Business;456;3;3;0;neutral o insatisfecho
85964;F;54;SI;Negocios;Business;1714;5;4;0;satisfecho
93745;M;20;NO;Negocios;Business;368;1;5;0;satisfecho
7830;M;48;SI;Vacaciones;Eco;650;3;2;0;neutral o insatisfecho
69606;M;35;SI;Vacaciones;Eco;2475;1;3;0;neutral o insatisfecho
95912;F;50;SI;Vacaciones;Eco Plus;580;3;3;69;neutral o insatisfecho
19485;F;56;SI;Vacaciones;Eco;84;4;2;0;neutral o insatisfecho
122967;M;40;SI;Negocios;Business;3657;4;3;0;satisfecho
35822;M;39;SI;Negocios;Eco;1065;3;3;37;neutral o insatisfecho
110944;F;65;SI;Vacaciones;Eco;404;3;5;0;neutral o insatisfecho
39647;F;64;SI;Vacaciones;Eco;1172;4;1;15;neutral o insatisfecho
75150;M;29;NO;Negocios;Business;1214;3;4;32;satisfecho
23667;F;40;SI;Negocios;Business;1710;5;5;0;satisfecho
46494;M;41;NO;Negocios;Eco;73;1;1;0;neutral o insatisfecho
97884;F;28;SI;Negocios;Business;2010;3;4;0;satisfecho
60415;F;25;SI;Vacaciones;Eco Plus;1452;2;5;2;neutral o insatisfecho
54234;F;30;SI;Negocios;Business;3702;2;3;4;satisfecho
22180;F;55;SI;Negocios;Eco;565;2;2;0;neutral o insatisfecho
77075;M;47;SI;Negocios;Business;3711;1;5;0;satisfecho
105621;M;40;SI;Negocios;Business;842;4;4;1;satisfecho
48450;M;37;SI;Negocios;Eco;819;2;3;24;satisfecho
119841;F;53;SI;Negocios;Eco;936;3;3;2;neutral o insatisfecho
7816;M;30;NO;Negocios;Eco;650;3;1;2;neutral o insatisfecho
72589;M;23;NO;Negocios;Eco;985;1;3;0;neutral o insatisfecho
111316;F;58;SI;Negocios;Business;3520;5;5;0;satisfecho
24306;F;54;SI;Negocios;Eco Plus;151;1;5;0;satisfecho
59195;M;41;SI;Negocios;Business;1440;5;5;0;satisfecho
113931;F;19;NO;Negocios;Eco;930;2;3;18;satisfecho
122974;M;28;NO;Negocios;Business;650;5;4;1;satisfecho
67237;M;44;SI;Vacaciones;Eco;1121;2;4;71;neutral o insatisfecho
66976;F;40;SI;Negocios;Business;2553;5;2;0;satisfecho
103581;M;31;SI;Negocios;Business;3236;4;3;15;satisfecho
13054;F;54;SI;Vacaciones;Eco Plus;438;1;2;0;neutral o insatisfecho
127331;F;29;NO;Negocios;Business;507;4;4;8;neutral o insatisfecho
72191;M;46;SI;Negocios;Business;2509;2;3;168;neutral o insatisfecho
36853;F;45;SI;Negocios;Business;3444;4;4;0;satisfecho
85267;F;22;SI;Vacaciones;Eco;696;3;5;0;neutral o insatisfecho
47410;M;39;SI;Negocios;Eco;590;4;3;14;neutral o insatisfecho
24142;F;36;SI;Negocios;Eco;134;2;5;3;satisfecho
1635;F;22;SI;Vacaciones;Eco;999;2;4;10;neutral o insatisfecho
23418;F;62;SI;Vacaciones;Eco;541;4;4;49;neutral o insatisfecho
110813;M;63;SI;Vacaciones;Eco;997;4;3;12;neutral o insatisfecho
104208;F;52;SI;Negocios;Business;680;4;4;0;satisfecho
2949;M;22;SI;Negocios;Business;2177;4;4;0;neutral o insatisfecho
3942;F;20;NO;Negocios;Eco;765;2;2;0;neutral o insatisfecho
109051;F;39;NO;Negocios;Business;781;5;1;20;neutral o insatisfecho
42291;F;76;SI;Negocios;Eco;434;5;4;0;satisfecho
73691;M;20;NO;Negocios;Business;204;4;3;0;satisfecho
61299;F;42;SI;Vacaciones;Eco;862;2;1;0;neutral o insatisfecho
44500;M;38;SI;Negocios;Business;411;3;1;0;satisfecho
90656;F;47;SI;Negocios;Business;1831;4;2;0;neutral o insatisfecho
40308;M;60;SI;Vacaciones;Eco;387;2;1;0;neutral o insatisfecho
95103;M;64;SI;Vacaciones;Eco;562;2;5;64;neutral o insatisfecho
107695;F;30;SI;Negocios;Business;251;5;5;3;satisfecho
73025;F;25;SI;Vacaciones;Eco;1096;2;5;0;neutral o insatisfecho
99664;F;57;SI;Vacaciones;Eco;1050;3;5;69;neutral o insatisfecho
12945;F;20;SI;Vacaciones;Eco;456;4;4;0;neutral o insatisfecho
12681;F;44;NO;Negocios;Eco;689;5;4;0;neutral o insatisfecho
29485;F;36;SI;Negocios;Eco;1107;5;3;36;satisfecho
15592;F;55;SI;Negocios;Business;2850;1;5;0;satisfecho
62654;F;45;SI;Vacaciones;Eco;1846;5;4;0;neutral o insatisfecho
11293;F;58;SI;Vacaciones;Eco;247;5;2;110;neutral o insatisfecho
11039;F;46;SI;Vacaciones;Eco;312;3;4;0;satisfecho
62227;M;52;SI;Vacaciones;Eco;2454;1;3;0;neutral o insatisfecho
23361;F;38;SI;Negocios;Eco;1014;4;3;10;satisfecho
52465;M;34;SI;Negocios;Eco Plus;370;2;4;0;neutral o insatisfecho
64626;M;49;SI;Negocios;Business;1957;4;4;9;satisfecho
108869;F;69;SI;Vacaciones;Eco Plus;1892;1;1;0;neutral o insatisfecho
124007;F;30;SI;Negocios;Eco;184;2;2;4;neutral o insatisfecho
128910;F;46;SI;Negocios;Eco;748;1;4;0;satisfecho
127032;M;51;SI;Negocios;Business;646;5;5;0;satisfecho
36906;M;60;SI;Negocios;Business;572;2;5;0;satisfecho
117486;F;32;NO;Negocios;Eco;507;2;4;13;neutral o insatisfecho
41475;M;54;SI;Negocios;Business;1428;5;5;48;satisfecho
93626;M;43;SI;Negocios;Eco;577;1;4;8;satisfecho
58855;M;48;SI;Negocios;Business;488;4;4;0;satisfecho
127177;F;38;SI;Vacaciones;Eco;304;1;1;0;neutral o insatisfecho
105946;M;60;SI;Vacaciones;Business;2329;4;1;8;neutral o insatisfecho
98411;F;40;NO;Negocios;Business;462;5;5;19;neutral o insatisfecho
40422;F;23;SI;Negocios;Business;290;1;2;0;neutral o insatisfecho
115110;F;49;SI;Negocios;Business;2956;4;2;23;satisfecho
92743;F;54;SI;Vacaciones;Eco;1276;5;3;0;neutral o insatisfecho
88117;F;22;NO;Negocios;Business;594;3;5;0;satisfecho
28817;M;35;SI;Negocios;Eco;1050;4;2;0;satisfecho
46976;M;18;SI;Vacaciones;Eco;776;3;3;0;satisfecho
20072;M;70;SI;Vacaciones;Eco;723;3;2;3;neutral o insatisfecho
92276;M;60;SI;Negocios;Eco;2036;3;1;5;neutral o insatisfecho
35303;F;42;NO;Negocios;Eco;972;4;5;0;neutral o insatisfecho
25916;M;44;NO;Negocios;Eco;594;5;2;13;satisfecho
119623;M;43;SI;Vacaciones;Eco Plus;335;2;1;0;neutral o insatisfecho
88317;F;52;NO;Negocios;Business;515;3;4;0;satisfecho
114494;M;51;SI;Negocios;Business;2521;5;3;0;satisfecho
56634;F;36;SI;Negocios;Business;2513;4;1;58;neutral o insatisfecho
13912;F;30;SI;Negocios;Eco;192;5;3;0;satisfecho
86355;M;43;SI;Negocios;Business;3091;5;3;3;satisfecho
72523;M;39;SI;Negocios;Business;3944;4;4;0;satisfecho
106204;M;43;SI;Negocios;Business;302;4;5;0;satisfecho
65958;M;60;NO;Negocios;Business;1372;4;5;18;neutral o insatisfecho
25537;F;26;SI;Vacaciones;Eco;516;4;3;44;neutral o insatisfecho
43000;M;34;SI;Negocios;Business;3250;1;4;0;satisfecho
19834;F;70;SI;Vacaciones;Eco;413;1;3;3;neutral o insatisfecho
116996;F;22;NO;Negocios;Business;338;2;5;37;satisfecho
96447;F;27;SI;Negocios;Business;1608;4;3;0;satisfecho
15342;M;42;SI;Negocios;Business;2944;4;5;0;satisfecho
19745;F;34;SI;Vacaciones;Eco Plus;409;3;3;1;neutral o insatisfecho
45596;M;54;SI;Negocios;Eco;230;4;4;0;satisfecho
91447;F;46;SI;Negocios;Business;859;4;5;0;satisfecho
28731;M;28;NO;Negocios;Eco;2149;3;3;0;neutral o insatisfecho
55233;F;34;SI;Negocios;Business;1009;4;3;11;neutral o insatisfecho
94283;M;32;SI;Negocios;Business;2220;4;4;0;satisfecho
13818;F;24;SI;Negocios;Business;2604;5;3;9;satisfecho
127086;M;32;SI;Negocios;Business;304;3;2;0;neutral o insatisfecho
115458;F;48;SI;Negocios;Business;358;5;3;16;satisfecho
89254;M;44;SI;Negocios;Business;2262;5;3;0;satisfecho
42758;M;40;SI;Negocios;Eco;493;1;1;0;neutral o insatisfecho
41737;F;29;SI;Negocios;Business;2157;5;3;0;satisfecho
96559;F;38;NO;Negocios;Business;436;3;4;0;neutral o insatisfecho
21360;M;68;SI;Vacaciones;Eco;674;3;3;24;neutral o insatisfecho
84725;M;24;NO;Negocios;Eco;547;3;4;0;neutral o insatisfecho
78863;M;57;SI;Negocios;Business;2617;4;4;0;satisfecho
46569;M;47;SI;Negocios;Business;2848;3;5;54;satisfecho
6549;F;27;NO;Negocios;Business;473;1;4;62;satisfecho
69769;M;58;SI;Vacaciones;Eco Plus;1085;1;3;0;neutral o insatisfecho
73689;M;70;SI;Negocios;Eco;204;3;2;0;neutral o insatisfecho
72859;M;29;SI;Negocios;Business;700;2;2;3;neutral o insatisfecho
77635;M;50;SI;Negocios;Business;2828;4;4;0;satisfecho
123256;F;43;SI;Vacaciones;Eco;650;3;2;0;neutral o insatisfecho
100763;F;44;SI;Negocios;Business;1504;4;4;0;satisfecho
1117;M;29;SI;Vacaciones;Eco;229;1;3;0;neutral o insatisfecho
7793;M;60;SI;Negocios;Business;3202;5;5;0;satisfecho
78425;M;52;SI;Negocios;Business;3067;5;5;6;satisfecho
72873;M;64;SI;Vacaciones;Eco Plus;700;1;2;5;neutral o insatisfecho
8323;F;47;SI;Vacaciones;Eco Plus;294;5;1;7;neutral o insatisfecho
29654;F;49;SI;Vacaciones;Eco;1448;4;2;8;neutral o insatisfecho
10690;M;56;SI;Negocios;Business;2016;2;3;21;neutral o insatisfecho
73225;F;30;SI;Negocios;Business;946;1;2;43;neutral o insatisfecho
125635;M;39;NO;Negocios;Eco;899;3;1;0;neutral o insatisfecho
59874;M;58;SI;Negocios;Business;2615;5;4;19;satisfecho
87671;F;49;SI;Negocios;Business;3670;4;1;9;neutral o insatisfecho
92972;F;52;SI;Vacaciones;Business;738;4;1;0;neutral o insatisfecho
46060;F;49;SI;Negocios;Eco Plus;964;1;5;0;satisfecho
11191;M;55;SI;Vacaciones;Eco;312;3;3;106;neutral o insatisfecho
35512;M;38;SI;Vacaciones;Eco;1076;4;2;4;neutral o insatisfecho
25187;M;34;SI;Negocios;Business;577;4;3;27;neutral o insatisfecho
21661;M;30;NO;Negocios;Eco;746;1;2;11;neutral o insatisfecho
94559;F;22;NO;Negocios;Eco;239;2;3;48;neutral o insatisfecho
113194;M;37;NO;Negocios;Business;197;4;5;10;satisfecho
53633;F;22;SI;Vacaciones;Eco;1874;4;4;17;neutral o insatisfecho
111388;F;34;SI;Negocios;Business;2077;1;4;8;satisfecho
13171;M;53;SI;Vacaciones;Eco Plus;427;3;4;20;neutral o insatisfecho
2692;F;60;SI;Negocios;Business;562;5;5;79;satisfecho
28347;F;64;SI;Vacaciones;Eco;867;4;2;0;neutral o insatisfecho
44506;F;44;SI;Vacaciones;Eco;503;5;2;0;neutral o insatisfecho
51395;F;38;SI;Vacaciones;Eco Plus;308;1;3;19;neutral o insatisfecho
112043;F;45;NO;Negocios;Eco;1123;4;2;27;neutral o insatisfecho
94773;F;32;SI;Negocios;Eco;192;3;1;4;neutral o insatisfecho
125989;M;66;SI;Vacaciones;Business;507;5;4;0;neutral o insatisfecho
92747;M;22;SI;Vacaciones;Eco;1276;4;3;0;neutral o insatisfecho
59335;M;26;SI;Negocios;Business;2338;4;5;18;satisfecho
21865;F;61;SI;Negocios;Eco;551;4;3;65;neutral o insatisfecho
125002;F;37;SI;Negocios;Business;3210;3;5;0;satisfecho
39689;M;20;NO;Negocios;Eco;1463;1;5;115;neutral o insatisfecho
41669;F;45;NO;Negocios;Eco;843;2;3;0;neutral o insatisfecho
121924;M;49;SI;Negocios;Business;413;5;4;0;satisfecho
59960;F;52;SI;Negocios;Business;3066;5;3;0;satisfecho
101179;M;63;SI;Vacaciones;Eco;1069;5;3;37;satisfecho
21044;M;47;SI;Negocios;Business;3349;1;5;0;satisfecho
63133;F;57;SI;Negocios;Business;337;3;3;8;neutral o insatisfecho
26764;F;67;SI;Vacaciones;Eco;859;3;1;0;neutral o insatisfecho
75995;F;49;SI;Negocios;Business;3198;5;5;0;satisfecho
38460;M;29;SI;Vacaciones;Eco;1226;4;2;0;neutral o insatisfecho
73942;M;22;SI;Negocios;Business;2330;3;4;12;neutral o insatisfecho
49528;M;41;NO;Negocios;Eco;77;3;3;0;neutral o insatisfecho
116710;M;44;SI;Negocios;Eco Plus;372;5;3;0;satisfecho
116848;M;61;SI;Vacaciones;Business;646;3;4;1;neutral o insatisfecho
65466;M;52;SI;Negocios;Business;3118;4;2;0;satisfecho
10427;M;54;SI;Negocios;Business;3403;5;4;44;satisfecho
46242;F;73;SI;Negocios;Business;1648;2;4;1;neutral o insatisfecho
71375;M;18;NO;Negocios;Eco;258;4;2;19;neutral o insatisfecho
2150;M;49;NO;Negocios;Business;685;4;5;0;neutral o insatisfecho
55436;M;39;SI;Negocios;Business;2521;3;2;0;satisfecho
98279;M;51;SI;Negocios;Business;2486;1;4;0;satisfecho
94506;F;55;SI;Negocios;Business;2082;4;4;1;satisfecho
50459;F;56;SI;Negocios;Eco;190;3;2;13;neutral o insatisfecho
115635;F;41;SI;Negocios;Business;337;5;4;8;satisfecho
124140;M;18;SI;Vacaciones;Eco;529;3;4;22;neutral o insatisfecho
25027;F;58;SI;Negocios;Eco;907;3;5;12;neutral o insatisfecho
123197;F;45;SI;Vacaciones;Eco;507;5;5;0;neutral o insatisfecho
117515;M;63;SI;Negocios;Eco Plus;107;5;3;1;satisfecho
105815;F;42;SI;Vacaciones;Eco;787;4;5;43;neutral o insatisfecho
10698;M;29;SI;Negocios;Business;74;2;2;0;neutral o insatisfecho
9536;F;25;NO;Negocios;Business;288;4;5;0;satisfecho
49137;F;24;NO;Negocios;Eco;86;4;4;0;satisfecho
24088;F;27;SI;Negocios;Business;3163;4;1;0;satisfecho
73858;F;67;SI;Vacaciones;Eco;1810;5;2;0;neutral o insatisfecho
70960;F;42;NO;Negocios;Business;802;5;4;0;neutral o insatisfecho
9155;M;29;SI;Vacaciones;Eco Plus;227;1;4;30;neutral o insatisfecho
25896;M;20;SI;Vacaciones;Eco;907;1;1;13;neutral o insatisfecho
128391;F;43;SI;Negocios;Eco;355;3;3;0;neutral o insatisfecho
2460;M;22;SI;Negocios;Business;2708;1;1;0;neutral o insatisfecho
22830;F;34;NO;Negocios;Eco;151;3;2;15;neutral o insatisfecho
24812;F;21;NO;Negocios;Eco;828;2;3;0;satisfecho
11899;F;38;NO;Negocios;Business;744;4;5;35;neutral o insatisfecho
106792;F;58;SI;Negocios;Business;1642;4;5;13;satisfecho
58673;M;38;SI;Negocios;Business;1744;5;3;0;satisfecho
91642;F;70;SI;Vacaciones;Eco;1184;5;4;0;satisfecho
13246;F;40;SI;Negocios;Eco;657;4;2;0;satisfecho
114811;M;57;SI;Negocios;Business;3821;4;4;181;satisfecho
50682;M;54;SI;Vacaciones;Eco;109;2;2;0;neutral o insatisfecho
39096;F;70;SI;Vacaciones;Eco;984;4;4;0;neutral o insatisfecho
89288;M;70;SI;Negocios;Business;453;4;4;12;neutral o insatisfecho
19957;M;52;SI;Negocios;Eco Plus;343;3;2;188;neutral o insatisfecho
88185;F;45;SI;Negocios;Business;581;4;4;0;satisfecho
114906;F;46;SI;Negocios;Business;1745;4;5;0;satisfecho
62645;F;30;SI;Vacaciones;Eco;1652;3;3;37;neutral o insatisfecho
86850;M;28;SI;Vacaciones;Eco;692;4;4;0;satisfecho
91075;F;68;SI;Vacaciones;Eco;270;4;4;0;neutral o insatisfecho
15828;M;44;SI;Negocios;Eco;195;5;1;98;satisfecho
79081;F;54;SI;Vacaciones;Eco;306;4;5;0;neutral o insatisfecho
116841;F;68;SI;Vacaciones;Business;646;4;4;24;neutral o insatisfecho
52700;F;51;SI;Vacaciones;Eco Plus;119;2;1;1;neutral o insatisfecho
20660;F;51;SI;Negocios;Eco;522;4;5;218;satisfecho
118898;F;25;NO;Negocios;Business;587;1;5;9;satisfecho
79891;F;56;SI;Negocios;Eco;1080;3;3;6;neutral o insatisfecho
56667;F;52;SI;Vacaciones;Eco;937;4;4;0;neutral o insatisfecho
119275;F;52;SI;Negocios;Business;2593;3;3;54;satisfecho
84768;M;51;SI;Negocios;Business;547;4;5;0;satisfecho
111848;F;60;SI;Negocios;Business;628;5;4;4;satisfecho
72025;F;30;NO;Negocios;Business;3711;2;5;0;neutral o insatisfecho
97823;F;58;SI;Negocios;Business;3929;5;4;66;satisfecho
115238;M;37;NO;Negocios;Business;358;4;4;2;satisfecho
43485;F;19;NO;Negocios;Eco;679;1;1;64;neutral o insatisfecho
115024;F;53;SI;Negocios;Business;337;4;5;32;satisfecho
46680;F;62;SI;Vacaciones;Eco;125;4;2;5;neutral o insatisfecho
91493;M;36;NO;Negocios;Business;391;3;3;8;neutral o insatisfecho
52952;F;23;SI;Vacaciones;Eco;1448;1;4;0;neutral o insatisfecho
104608;M;51;SI;Negocios;Business;1738;4;5;0;satisfecho
69260;F;40;SI;Negocios;Business;733;3;1;0;neutral o insatisfecho
98616;F;51;SI;Negocios;Business;861;5;4;0;satisfecho
93715;F;26;SI;Vacaciones;Eco Plus;689;3;4;17;neutral o insatisfecho
28189;M;64;SI;Vacaciones;Eco;933;4;1;0;neutral o insatisfecho
45598;M;58;SI;Negocios;Business;1521;3;1;0;neutral o insatisfecho
44737;M;85;SI;Negocios;Eco Plus;67;1;5;0;neutral o insatisfecho
37539;M;22;NO;Negocios;Eco;828;1;3;23;neutral o insatisfecho
74103;F;51;SI;Negocios;Business;592;5;5;0;satisfecho
20150;F;61;SI;Negocios;Eco;403;5;5;0;satisfecho
17097;M;49;SI;Vacaciones;Eco;416;3;4;157;neutral o insatisfecho
124352;M;23;NO;Negocios;Business;808;4;3;0;satisfecho
41815;M;63;SI;Negocios;Eco;257;3;1;0;satisfecho
123481;F;51;SI;Negocios;Business;2296;5;3;0;satisfecho
20615;M;74;SI;Negocios;Eco;464;3;4;0;neutral o insatisfecho
42159;M;18;SI;Vacaciones;Business;834;4;5;127;neutral o insatisfecho
38433;M;56;SI;Negocios;Business;2277;5;1;196;satisfecho
97852;F;54;SI;Negocios;Business;2699;4;4;0;satisfecho
30729;M;53;SI;Vacaciones;Eco;532;4;1;0;neutral o insatisfecho
104678;F;22;NO;Negocios;Business;641;2;4;8;satisfecho
59569;M;42;SI;Negocios;Business;1583;4;4;0;satisfecho
42849;M;44;SI;Negocios;Eco;328;3;4;0;neutral o insatisfecho
114892;F;47;SI;Negocios;Business;417;5;2;66;satisfecho
118067;M;49;SI;Vacaciones;Eco;1262;4;3;46;neutral o insatisfecho
58753;F;46;SI;Negocios;Business;1050;4;4;64;satisfecho
118394;M;52;SI;Negocios;Business;2287;2;2;0;neutral o insatisfecho
123381;F;42;SI;Negocios;Business;3010;4;4;0;satisfecho
47432;F;46;SI;Negocios;Business;174;4;3;0;satisfecho
63838;F;21;SI;Negocios;Business;1839;3;4;0;satisfecho
45002;F;52;SI;Negocios;Business;1553;3;3;0;satisfecho
40659;F;54;SI;Negocios;Business;590;4;4;6;satisfecho
68880;M;28;SI;Negocios;Eco;936;1;3;0;neutral o insatisfecho
38763;M;48;SI;Negocios;Eco;387;5;3;0;satisfecho
22343;M;68;NO;Negocios;Eco;238;4;2;0;neutral o insatisfecho
55173;F;67;SI;Vacaciones;Eco;1379;4;2;0;neutral o insatisfecho
58089;M;54;SI;Negocios;Business;589;3;3;0;neutral o insatisfecho
49114;F;47;SI;Negocios;Eco;209;1;5;0;satisfecho
107634;M;23;NO;Negocios;Business;251;4;4;33;satisfecho
11314;M;54;SI;Vacaciones;Eco;667;4;1;3;neutral o insatisfecho
17909;M;35;NO;Negocios;Eco;900;3;2;1;neutral o insatisfecho
81316;F;25;NO;Negocios;Business;1299;1;3;109;neutral o insatisfecho
9569;F;27;NO;Negocios;Business;229;3;3;0;neutral o insatisfecho
39133;M;44;SI;Negocios;Eco;119;4;4;15;satisfecho
123438;M;26;NO;Negocios;Business;2296;5;5;9;neutral o insatisfecho
44128;F;41;NO;Negocios;Business;74;4;1;0;satisfecho
108748;M;42;SI;Negocios;Business;3170;4;5;0;satisfecho
5677;F;35;SI;Negocios;Business;3805;5;3;0;satisfecho
86378;M;44;SI;Negocios;Business;1559;5;3;12;satisfecho
108705;M;58;SI;Negocios;Business;3400;5;4;19;satisfecho
86431;F;35;NO;Negocios;Eco;762;2;3;3;neutral o insatisfecho
108896;M;46;SI;Negocios;Business;3889;4;5;13;satisfecho
2792;M;24;SI;Negocios;Business;3902;2;2;0;neutral o insatisfecho
100719;M;42;SI;Negocios;Business;328;4;4;28;satisfecho
111378;M;27;NO;Negocios;Business;1111;5;2;0;neutral o insatisfecho
31979;F;58;SI;Negocios;Business;2351;5;4;0;satisfecho
104683;M;47;SI;Negocios;Business;159;4;2;0;neutral o insatisfecho
19623;M;49;SI;Negocios;Business;717;3;3;7;neutral o insatisfecho
118126;M;68;SI;Vacaciones;Eco Plus;1506;1;3;8;neutral o insatisfecho
104484;M;44;SI;Negocios;Business;1730;5;3;0;satisfecho
39036;F;66;SI;Vacaciones;Eco;260;3;1;0;neutral o insatisfecho
4323;M;36;SI;Negocios;Business;2740;3;1;0;neutral o insatisfecho
97575;M;39;SI;Negocios;Eco;337;3;3;59;neutral o insatisfecho
127992;F;54;SI;Negocios;Business;1488;4;5;11;satisfecho
69281;F;64;SI;Vacaciones;Eco;733;1;2;0;neutral o insatisfecho
94839;F;38;NO;Negocios;Eco;248;2;3;26;neutral o insatisfecho
98900;F;34;SI;Vacaciones;Business;569;5;3;0;neutral o insatisfecho
53147;M;70;SI;Vacaciones;Eco;413;3;5;1;neutral o insatisfecho
69479;F;43;SI;Negocios;Business;3642;4;5;0;satisfecho
88155;M;56;SI;Negocios;Business;270;5;5;0;satisfecho
59825;M;50;SI;Negocios;Business;2160;4;4;0;satisfecho
38925;M;30;NO;Negocios;Eco;162;3;3;0;neutral o insatisfecho
365;F;42;SI;Negocios;Business;1924;4;4;13;satisfecho
75928;M;64;SI;Vacaciones;Eco;205;3;2;94;neutral o insatisfecho
20175;F;25;SI;Vacaciones;Eco;403;3;5;7;satisfecho
119598;F;49;SI;Negocios;Business;1979;5;4;0;satisfecho
8230;F;36;SI;Vacaciones;Eco;125;1;2;0;neutral o insatisfecho
83419;F;21;NO;Negocios;Business;232;4;4;0;satisfecho
72331;F;36;SI;Negocios;Business;3214;5;4;0;satisfecho
107335;F;49;SI;Negocios;Business;632;5;4;11;satisfecho
72222;F;52;SI;Negocios;Business;2258;4;4;0;satisfecho
63546;M;45;SI;Vacaciones;Eco;1009;5;1;0;neutral o insatisfecho
65594;M;22;NO;Negocios;Eco;175;5;4;0;neutral o insatisfecho
107798;M;67;SI;Negocios;Business;349;4;3;26;satisfecho
118746;F;55;SI;Vacaciones;Eco;325;5;2;138;neutral o insatisfecho
52676;M;32;SI;Vacaciones;Eco;160;2;3;0;neutral o insatisfecho
73245;F;45;SI;Negocios;Business;675;5;4;0;satisfecho
100525;M;69;SI;Vacaciones;Eco;580;2;4;12;neutral o insatisfecho
77726;M;25;SI;Negocios;Business;689;2;3;0;neutral o insatisfecho
76620;M;29;NO;Negocios;Eco;516;3;4;5;neutral o insatisfecho
43845;M;48;SI;Negocios;Eco;174;4;5;0;satisfecho
69172;F;37;NO;Negocios;Eco;187;5;5;0;neutral o insatisfecho
108333;F;27;NO;Negocios;Business;1844;1;3;6;neutral o insatisfecho
87451;M;48;SI;Negocios;Business;1555;4;3;7;satisfecho
98721;M;33;SI;Vacaciones;Eco Plus;861;5;5;59;neutral o insatisfecho
28245;F;50;SI;Vacaciones;Eco;1009;4;5;4;neutral o insatisfecho
76614;F;62;SI;Negocios;Business;2203;3;4;20;neutral o insatisfecho
53986;F;38;SI;Negocios;Business;1825;3;5;2;satisfecho
14218;M;66;SI;Vacaciones;Eco;620;1;4;3;neutral o insatisfecho
11476;F;25;NO;Negocios;Eco Plus;201;1;1;0;neutral o insatisfecho
57300;M;40;SI;Negocios;Business;1914;5;4;0;satisfecho
48275;F;25;NO;Negocios;Eco Plus;192;5;4;0;neutral o insatisfecho
75013;M;22;NO;Negocios;Eco;236;3;4;0;neutral o insatisfecho
82729;M;49;SI;Negocios;Business;1683;5;4;0;satisfecho
39887;F;59;SI;Vacaciones;Eco;272;5;1;0;neutral o insatisfecho
120839;F;28;SI;Negocios;Business;993;5;4;0;satisfecho
92265;M;57;SI;Negocios;Business;1900;5;5;0;satisfecho
82808;F;56;SI;Negocios;Business;235;1;4;76;neutral o insatisfecho
98449;F;38;SI;Vacaciones;Eco;814;5;5;9;neutral o insatisfecho
118550;F;40;SI;Negocios;Business;2468;5;4;9;satisfecho
54297;F;47;SI;Vacaciones;Eco;1075;4;4;19;neutral o insatisfecho
89138;F;60;SI;Negocios;Business;1947;5;4;0;satisfecho
73179;F;34;SI;Negocios;Business;3357;4;4;0;satisfecho
81476;F;35;SI;Negocios;Business;3978;3;2;0;neutral o insatisfecho
56716;F;65;SI;Vacaciones;Eco;937;3;2;0;neutral o insatisfecho
34474;F;56;SI;Negocios;Eco;266;3;3;0;satisfecho
83471;F;48;SI;Negocios;Business;946;4;5;0;satisfecho
49506;M;36;SI;Negocios;Business;238;4;3;155;satisfecho
85242;F;36;NO;Negocios;Eco;331;3;4;0;neutral o insatisfecho
35190;F;28;NO;Negocios;Eco;1076;2;4;0;satisfecho
40739;M;57;SI;Negocios;Eco;584;4;1;0;satisfecho
116802;F;38;SI;Vacaciones;Eco Plus;325;5;3;0;neutral o insatisfecho
104513;F;56;SI;Negocios;Business;3853;5;5;0;satisfecho
48985;M;40;NO;Negocios;Eco;447;3;5;0;neutral o insatisfecho
73911;F;41;SI;Negocios;Business;2585;5;2;67;satisfecho
25878;M;27;SI;Negocios;Business;3928;5;5;7;satisfecho
20858;F;39;SI;Vacaciones;Eco;457;4;5;0;neutral o insatisfecho
2167;M;41;SI;Negocios;Business;2367;3;2;31;neutral o insatisfecho
61376;F;60;SI;Negocios;Business;679;5;4;0;satisfecho
97861;F;33;SI;Vacaciones;Business;684;4;3;0;neutral o insatisfecho
90546;F;23;NO;Negocios;Eco;545;1;5;0;satisfecho
113816;M;39;SI;Negocios;Eco Plus;258;1;1;0;neutral o insatisfecho
107429;F;21;SI;Vacaciones;Eco;717;2;4;2;neutral o insatisfecho
38017;F;22;NO;Negocios;Eco;1121;3;1;0;satisfecho
95320;F;51;SI;Vacaciones;Eco;319;4;3;1;neutral o insatisfecho
62449;M;29;NO;Negocios;Business;1723;3;5;0;neutral o insatisfecho
44112;F;33;SI;Negocios;Eco Plus;257;1;4;0;neutral o insatisfecho
41900;F;33;SI;Negocios;Business;129;2;4;0;satisfecho
12608;M;21;SI;Vacaciones;Eco;542;1;3;8;neutral o insatisfecho
36894;M;35;NO;Negocios;Eco;1368;4;4;0;neutral o insatisfecho
126286;M;54;SI;Vacaciones;Eco;328;3;2;0;neutral o insatisfecho
25339;M;48;SI;Vacaciones;Eco;837;3;4;0;satisfecho
11509;M;70;SI;Vacaciones;Eco Plus;312;2;3;0;neutral o insatisfecho
2601;M;18;SI;Vacaciones;Eco;304;1;5;0;neutral o insatisfecho
1318;F;44;SI;Negocios;Business;134;5;5;0;satisfecho
3813;F;38;NO;Negocios;Business;650;2;4;0;neutral o insatisfecho
91929;F;46;SI;Negocios;Business;2446;4;4;0;satisfecho
15353;M;69;SI;Vacaciones;Business;399;3;2;0;neutral o insatisfecho
111447;M;34;SI;Negocios;Eco;836;2;3;44;neutral o insatisfecho
74885;M;50;SI;Negocios;Business;2586;4;5;23;satisfecho
297;F;55;SI;Negocios;Business;590;4;4;62;satisfecho
76475;F;39;SI;Negocios;Business;3705;3;3;0;neutral o insatisfecho
8784;M;39;SI;Negocios;Business;2051;2;2;0;neutral o insatisfecho
32920;F;58;SI;Vacaciones;Eco;101;1;2;0;neutral o insatisfecho
106061;F;48;SI;Negocios;Business;302;5;3;0;satisfecho
49689;F;49;SI;Negocios;Business;2545;2;4;0;satisfecho
101933;M;47;SI;Vacaciones;Business;628;5;4;2;neutral o insatisfecho
107;M;47;SI;Negocios;Business;3477;5;5;0;satisfecho
125315;F;52;SI;Vacaciones;Eco Plus;678;4;3;51;neutral o insatisfecho
36961;F;30;SI;Negocios;Business;3843;2;4;130;satisfecho
28682;F;49;SI;Negocios;Eco;2777;4;1;6;neutral o insatisfecho
66823;F;24;NO;Negocios;Eco;731;5;4;6;neutral o insatisfecho
67783;F;25;NO;Negocios;Eco;1205;3;2;17;neutral o insatisfecho
38498;F;40;SI;Negocios;Business;2465;5;3;126;satisfecho
44976;M;40;SI;Negocios;Business;3196;4;3;0;neutral o insatisfecho
20108;F;49;SI;Negocios;Business;3768;4;1;126;neutral o insatisfecho
34854;M;26;SI;Negocios;Business;1826;4;5;0;satisfecho
95664;F;39;SI;Negocios;Eco Plus;845;2;4;9;neutral o insatisfecho
121597;F;53;SI;Vacaciones;Eco;936;4;2;0;neutral o insatisfecho
78560;F;26;NO;Negocios;Business;666;2;5;0;neutral o insatisfecho
81021;F;56;SI;Vacaciones;Business;1399;4;1;0;neutral o insatisfecho
31709;M;48;SI;Vacaciones;Eco;862;4;4;0;neutral o insatisfecho
45764;F;23;NO;Negocios;Eco;391;3;5;0;satisfecho
97628;M;28;SI;Negocios;Eco Plus;764;1;1;0;neutral o insatisfecho
114783;F;22;NO;Negocios;Eco;404;2;5;23;neutral o insatisfecho
4154;F;39;SI;Negocios;Business;2168;3;4;0;satisfecho
50554;M;43;SI;Vacaciones;Eco;278;3;4;0;neutral o insatisfecho
40991;M;61;SI;Vacaciones;Eco;984;5;5;7;neutral o insatisfecho
104957;M;54;SI;Negocios;Business;314;4;5;0;satisfecho
99576;F;44;SI;Negocios;Eco;930;4;3;18;neutral o insatisfecho
51045;M;32;SI;Vacaciones;Eco;266;3;4;0;neutral o insatisfecho
127837;F;55;SI;Negocios;Business;3323;5;4;0;satisfecho
80950;F;42;SI;Vacaciones;Eco Plus;341;4;2;0;neutral o insatisfecho
53569;M;21;NO;Negocios;Eco;1195;1;3;0;neutral o insatisfecho
79302;M;40;SI;Negocios;Business;2248;1;3;330;neutral o insatisfecho
118212;M;25;SI;Negocios;Eco Plus;1444;1;4;0;neutral o insatisfecho
110417;F;58;SI;Negocios;Business;2878;4;3;1;neutral o insatisfecho
42184;F;48;SI;Negocios;Business;834;5;5;0;satisfecho
124640;M;22;NO;Negocios;Business;399;3;4;0;satisfecho
77316;M;40;SI;Negocios;Business;588;5;4;0;satisfecho
110325;M;28;NO;Negocios;Eco;883;1;4;0;neutral o insatisfecho
31842;M;21;SI;Negocios;Business;2677;4;5;0;satisfecho
52122;M;54;SI;Negocios;Eco Plus;639;2;3;0;satisfecho
78712;F;38;NO;Negocios;Eco;447;2;2;0;neutral o insatisfecho
109065;F;38;SI;Negocios;Business;3741;2;1;30;neutral o insatisfecho
96282;F;65;SI;Vacaciones;Eco;687;5;1;0;neutral o insatisfecho
94383;M;24;NO;Negocios;Eco;239;5;3;2;neutral o insatisfecho
118942;F;38;SI;Negocios;Business;3345;4;4;3;satisfecho
123186;M;42;SI;Vacaciones;Eco;328;1;3;4;neutral o insatisfecho
11876;F;49;SI;Vacaciones;Eco;1042;5;3;58;neutral o insatisfecho
117935;F;43;SI;Negocios;Business;3598;4;4;30;neutral o insatisfecho
51243;F;33;SI;Negocios;Eco Plus;308;3;3;13;satisfecho
37434;F;20;NO;Negocios;Eco;1028;5;3;39;neutral o insatisfecho
10167;F;23;NO;Negocios;Eco;224;1;3;0;neutral o insatisfecho
106954;M;22;SI;Negocios;Business;937;5;3;17;satisfecho
10414;M;45;SI;Negocios;Business;1883;5;4;66;satisfecho
23191;M;30;SI;Vacaciones;Eco;223;2;2;20;neutral o insatisfecho
120961;F;58;SI;Negocios;Eco;861;2;2;4;neutral o insatisfecho
12602;F;33;SI;Vacaciones;Eco;542;1;2;12;neutral o insatisfecho
19197;M;56;SI;Negocios;Business;142;2;4;0;satisfecho
13695;F;33;SI;Negocios;Business;3567;2;4;0;neutral o insatisfecho
56348;F;30;SI;Negocios;Eco;200;4;3;0;neutral o insatisfecho
41027;F;26;NO;Negocios;Eco;989;5;5;0;neutral o insatisfecho
54494;M;66;SI;Negocios;Eco;925;1;1;0;neutral o insatisfecho
67816;F;44;SI;Negocios;Eco;835;3;4;92;neutral o insatisfecho
116828;M;37;SI;Negocios;Business;370;3;3;34;neutral o insatisfecho
30118;M;69;SI;Vacaciones;Eco;95;2;3;0;satisfecho
38673;M;49;SI;Vacaciones;Eco;2588;4;1;0;neutral o insatisfecho
91827;M;41;SI;Negocios;Business;3961;4;5;17;satisfecho
27654;M;39;NO;Negocios;Business;1107;2;1;0;neutral o insatisfecho
75483;M;46;SI;Vacaciones;Eco;2342;1;4;0;neutral o insatisfecho
67312;F;34;SI;Negocios;Eco Plus;985;4;1;0;satisfecho
91700;F;30;SI;Negocios;Business;2670;4;4;0;satisfecho
66764;F;47;SI;Vacaciones;Eco;978;5;2;0;neutral o insatisfecho
95962;M;44;SI;Negocios;Business;1841;5;4;0;satisfecho
54288;F;24;SI;Negocios;Eco;1075;4;3;5;satisfecho
50235;F;58;SI;Negocios;Eco;209;3;3;0;neutral o insatisfecho
10984;F;52;SI;Negocios;Business;3489;3;4;0;satisfecho
122326;M;43;SI;Negocios;Eco Plus;573;3;2;0;neutral o insatisfecho
123359;F;60;SI;Negocios;Eco;644;4;4;0;neutral o insatisfecho
24906;M;25;NO;Negocios;Eco;762;5;3;42;neutral o insatisfecho
17520;M;41;SI;Vacaciones;Eco;341;5;4;0;neutral o insatisfecho
118912;F;53;SI;Vacaciones;Eco;570;3;5;0;neutral o insatisfecho
66253;F;64;SI;Vacaciones;Eco;460;4;5;0;neutral o insatisfecho
54822;M;29;SI;Negocios;Business;3690;5;1;23;satisfecho
107645;M;60;SI;Negocios;Business;3986;5;5;97;satisfecho
25254;F;35;SI;Negocios;Business;1840;5;4;0;satisfecho
104924;M;52;SI;Negocios;Business;210;4;4;0;satisfecho
101705;M;38;SI;Negocios;Business;1624;4;5;49;satisfecho
125486;F;39;SI;Negocios;Eco Plus;2979;2;5;0;neutral o insatisfecho
42364;M;52;SI;Vacaciones;Eco;329;5;4;0;satisfecho
114824;M;57;SI;Negocios;Business;372;4;5;47;satisfecho
100290;F;29;NO;Negocios;Business;1092;4;5;4;neutral o insatisfecho
78156;M;57;SI;Negocios;Business;259;4;3;10;satisfecho
117541;M;20;NO;Negocios;Eco;1020;1;5;26;satisfecho
102737;F;37;SI;Vacaciones;Eco;255;3;4;0;neutral o insatisfecho
11826;F;47;SI;Negocios;Business;2617;5;4;0;satisfecho
105660;F;28;SI;Negocios;Business;3917;4;4;0;satisfecho
77880;F;53;SI;Negocios;Business;1512;1;2;0;neutral o insatisfecho
13512;F;43;SI;Negocios;Eco;106;2;4;0;satisfecho
35176;M;38;NO;Negocios;Business;1097;1;1;17;satisfecho
57770;F;28;NO;Negocios;Eco;2704;4;4;1;neutral o insatisfecho
104936;F;44;SI;Negocios;Business;1736;5;5;12;satisfecho
111654;M;36;SI;Vacaciones;Eco Plus;1558;1;4;26;neutral o insatisfecho
101304;F;24;SI;Negocios;Business;763;4;3;6;satisfecho
25433;F;32;SI;Negocios;Business;2560;5;5;28;satisfecho
44;M;51;SI;Negocios;Business;2077;5;5;0;satisfecho
82588;M;36;SI;Negocios;Business;3152;5;5;2;satisfecho
95713;F;42;SI;Negocios;Business;3698;4;4;1;neutral o insatisfecho
70080;M;49;SI;Negocios;Business;460;4;2;0;satisfecho
76248;F;46;SI;Vacaciones;Eco;1175;3;1;0;neutral o insatisfecho
31344;F;24;NO;Negocios;Eco;1069;5;4;2;satisfecho
104458;F;25;NO;Negocios;Business;1123;1;4;1;satisfecho
114946;M;59;SI;Negocios;Business;3846;5;4;23;satisfecho
87043;F;59;SI;Negocios;Business;594;5;3;0;satisfecho
87455;F;45;SI;Negocios;Business;2651;4;4;0;satisfecho
33010;F;45;SI;Vacaciones;Eco;101;3;1;0;satisfecho
108578;M;28;SI;Negocios;Business;2684;4;5;148;satisfecho
40459;F;37;NO;Negocios;Eco;188;4;4;32;neutral o insatisfecho
38972;M;36;SI;Negocios;Eco;230;3;3;0;satisfecho
46034;M;50;SI;Negocios;Business;2797;5;5;42;satisfecho
34160;M;25;NO;Negocios;Eco;1129;5;3;0;neutral o insatisfecho
53919;M;60;SI;Negocios;Eco Plus;140;5;5;0;satisfecho
104236;M;33;SI;Negocios;Business;1276;4;5;9;satisfecho
77406;M;68;SI;Vacaciones;Eco;532;5;3;35;neutral o insatisfecho
7192;M;59;SI;Negocios;Business;1980;5;4;14;satisfecho
85722;M;56;SI;Negocios;Business;3959;4;4;0;satisfecho
77798;F;37;SI;Vacaciones;Eco;813;2;5;16;neutral o insatisfecho
102982;F;46;SI;Negocios;Business;3538;5;5;0;satisfecho
117920;F;40;NO;Negocios;Business;365;1;3;27;neutral o insatisfecho
2976;F;44;SI;Negocios;Business;462;4;5;0;satisfecho
47784;F;24;NO;Negocios;Eco;451;5;3;0;neutral o insatisfecho
82293;M;32;SI;Vacaciones;Eco Plus;1481;4;5;0;neutral o insatisfecho
29979;F;28;NO;Negocios;Eco;725;4;2;6;neutral o insatisfecho
116317;M;37;SI;Vacaciones;Eco;362;2;3;2;neutral o insatisfecho
36085;F;67;SI;Vacaciones;Eco;474;3;3;0;neutral o insatisfecho
115385;F;45;SI;Negocios;Business;337;4;5;13;satisfecho
55999;F;52;SI;Negocios;Business;2475;5;4;3;satisfecho
99483;M;33;SI;Negocios;Business;2872;2;2;16;neutral o insatisfecho
84732;M;56;SI;Negocios;Business;2930;4;4;0;satisfecho
114586;M;52;SI;Negocios;Business;417;5;4;62;satisfecho
10786;F;25;SI;Negocios;Business;224;4;5;0;satisfecho
87356;F;53;SI;Negocios;Business;3944;5;4;1;satisfecho
109400;F;25;NO;Negocios;Business;1189;2;3;0;satisfecho
55021;F;60;SI;Negocios;Business;1379;5;5;0;satisfecho
23744;F;41;SI;Vacaciones;Business;1083;3;5;0;neutral o insatisfecho
93289;F;65;SI;Vacaciones;Eco;806;5;1;0;neutral o insatisfecho
54745;M;56;SI;Vacaciones;Eco;854;5;5;0;neutral o insatisfecho
95694;M;41;SI;Negocios;Business;3261;4;3;0;satisfecho
123875;M;48;SI;Negocios;Business;2440;5;5;0;satisfecho
51291;F;30;NO;Negocios;Eco Plus;110;5;1;30;neutral o insatisfecho
118546;F;45;SI;Negocios;Business;3970;5;4;4;satisfecho
57447;M;44;SI;Negocios;Business;3705;5;4;14;satisfecho
14996;F;23;SI;Negocios;Eco;1201;4;2;0;satisfecho
55368;F;22;NO;Negocios;Business;678;2;3;0;satisfecho
66773;F;31;SI;Negocios;Business;2324;3;4;4;satisfecho
24719;M;25;SI;Vacaciones;Eco;549;2;2;0;neutral o insatisfecho
73650;F;75;SI;Negocios;Business;1664;2;2;0;neutral o insatisfecho
58902;M;36;NO;Negocios;Eco;488;4;3;1;neutral o insatisfecho
13260;F;22;NO;Negocios;Eco;657;2;3;0;neutral o insatisfecho
90498;F;56;SI;Negocios;Business;646;4;5;0;satisfecho
52595;F;35;SI;Negocios;Business;119;2;3;0;neutral o insatisfecho
88139;F;38;NO;Negocios;Business;442;4;4;8;satisfecho
97782;F;21;NO;Negocios;Eco;471;2;4;112;neutral o insatisfecho
4658;M;52;SI;Negocios;Business;3847;2;3;0;neutral o insatisfecho
113275;M;47;SI;Negocios;Business;414;5;4;43;satisfecho
89651;M;26;NO;Negocios;Business;1096;2;2;0;neutral o insatisfecho
8033;F;47;SI;Negocios;Business;2324;4;4;0;satisfecho
16864;F;28;SI;Negocios;Business;746;3;3;3;satisfecho
85391;F;47;SI;Negocios;Business;3156;5;4;581;satisfecho
82062;F;53;SI;Negocios;Business;3897;4;4;0;satisfecho
36268;M;68;SI;Vacaciones;Eco;728;3;4;0;neutral o insatisfecho
42086;M;40;SI;Negocios;Eco;344;4;2;0;satisfecho
89217;M;57;SI;Vacaciones;Eco;1947;2;3;24;neutral o insatisfecho
110954;F;21;SI;Vacaciones;Eco Plus;545;5;3;0;satisfecho
128548;F;34;SI;Negocios;Business;2108;4;5;0;satisfecho
27571;M;52;SI;Vacaciones;Eco;937;3;4;0;neutral o insatisfecho
83144;M;60;SI;Vacaciones;Eco;1127;5;3;0;neutral o insatisfecho
9582;F;35;SI;Negocios;Business;283;4;5;104;satisfecho
15261;F;32;SI;Negocios;Eco Plus;529;2;3;11;neutral o insatisfecho
6522;M;23;SI;Vacaciones;Eco;599;5;1;0;neutral o insatisfecho
110678;M;43;SI;Negocios;Business;605;3;4;5;neutral o insatisfecho
124962;F;48;SI;Negocios;Business;184;5;4;0;satisfecho
114355;M;49;SI;Negocios;Business;3965;5;3;46;satisfecho
77162;M;54;SI;Negocios;Eco;1450;3;3;63;neutral o insatisfecho
21312;F;29;SI;Vacaciones;Eco;620;3;5;0;satisfecho
115976;F;19;SI;Vacaciones;Eco;373;3;1;0;neutral o insatisfecho
23938;F;34;SI;Vacaciones;Eco;616;4;4;0;neutral o insatisfecho
19241;M;22;SI;Negocios;Business;3202;1;4;0;neutral o insatisfecho
114849;F;25;NO;Negocios;Business;325;5;4;1;neutral o insatisfecho
32077;M;46;SI;Negocios;Business;3320;2;2;0;satisfecho
21693;M;77;SI;Negocios;Eco;346;3;3;5;neutral o insatisfecho
128551;F;33;NO;Negocios;Eco Plus;325;5;4;0;neutral o insatisfecho
11859;M;29;NO;Negocios;Business;912;1;5;9;neutral o insatisfecho
97999;M;43;SI;Negocios;Business;391;4;4;2;satisfecho
117587;M;67;SI;Negocios;Business;2456;4;2;89;neutral o insatisfecho
19120;F;21;NO;Negocios;Eco;265;1;5;0;neutral o insatisfecho
108422;M;54;SI;Negocios;Business;1444;4;4;32;satisfecho
121615;F;69;SI;Vacaciones;Eco;912;4;2;60;neutral o insatisfecho
94186;M;48;SI;Negocios;Business;3792;4;4;14;satisfecho
37389;F;28;SI;Negocios;Business;989;4;4;0;satisfecho
56828;M;44;SI;Vacaciones;Eco;1605;3;4;45;neutral o insatisfecho
46893;M;32;SI;Negocios;Business;909;5;5;0;satisfecho
31237;F;46;SI;Negocios;Business;2798;2;5;0;satisfecho
61007;M;40;SI;Negocios;Business;3329;4;5;0;satisfecho
5151;M;40;SI;Negocios;Business;3699;4;1;0;neutral o insatisfecho
125003;F;41;SI;Negocios;Eco;184;3;2;0;satisfecho
78579;M;23;SI;Vacaciones;Eco;630;1;4;0;neutral o insatisfecho
63410;M;42;SI;Vacaciones;Eco;447;2;2;0;neutral o insatisfecho
11555;F;20;NO;Negocios;Eco;771;5;5;39;satisfecho
4452;M;34;SI;Vacaciones;Eco Plus;762;1;4;102;neutral o insatisfecho
64442;F;30;NO;Negocios;Eco;989;2;3;10;neutral o insatisfecho
94941;F;40;SI;Negocios;Business;3317;3;4;0;satisfecho
99255;F;26;SI;Negocios;Eco Plus;541;1;4;0;neutral o insatisfecho
123945;M;59;SI;Negocios;Business;544;5;5;0;satisfecho
97184;F;36;SI;Vacaciones;Eco;1313;5;4;0;neutral o insatisfecho
84985;F;26;SI;Negocios;Business;1590;1;3;55;neutral o insatisfecho
4629;F;26;NO;Negocios;Business;327;4;2;0;neutral o insatisfecho
24490;M;24;NO;Negocios;Eco;481;1;3;0;neutral o insatisfecho
114424;M;54;SI;Negocios;Business;2172;4;4;0;satisfecho
60732;M;32;SI;Vacaciones;Eco;1605;4;4;10;neutral o insatisfecho
119298;F;63;SI;Negocios;Business;214;4;2;0;neutral o insatisfecho
1232;F;61;SI;Vacaciones;Eco;134;4;5;0;neutral o insatisfecho
120655;M;21;NO;Negocios;Eco;280;5;4;0;satisfecho
58950;M;44;SI;Vacaciones;Eco Plus;888;4;5;14;neutral o insatisfecho
73897;F;57;SI;Negocios;Business;2342;4;4;0;satisfecho
6047;M;19;SI;Vacaciones;Eco;925;3;1;0;neutral o insatisfecho
91186;M;67;SI;Vacaciones;Eco;404;3;4;0;neutral o insatisfecho
109892;F;23;SI;Negocios;Business;1762;4;4;69;satisfecho
84923;F;68;SI;Vacaciones;Eco;547;3;3;91;neutral o insatisfecho
85427;F;29;NO;Negocios;Eco;214;3;5;152;neutral o insatisfecho
87377;F;34;SI;Negocios;Business;425;3;3;0;neutral o insatisfecho
53031;M;49;SI;Negocios;Eco;1208;4;4;0;satisfecho
98276;F;58;SI;Negocios;Eco;1072;3;2;1;neutral o insatisfecho
61779;F;26;SI;Vacaciones;Eco;1346;2;4;0;neutral o insatisfecho
25188;M;24;NO;Negocios;Eco;577;2;3;1;neutral o insatisfecho
18418;M;39;SI;Vacaciones;Eco;750;5;2;0;neutral o insatisfecho
5142;M;45;SI;Negocios;Business;2253;4;4;5;satisfecho
116740;F;70;SI;Vacaciones;Eco Plus;404;4;2;47;neutral o insatisfecho
58290;F;40;SI;Vacaciones;Eco;594;4;4;13;neutral o insatisfecho
89625;M;56;SI;Negocios;Eco;1089;2;3;0;neutral o insatisfecho
37128;M;42;SI;Negocios;Business;3945;3;3;7;neutral o insatisfecho
92939;F;19;SI;Vacaciones;Eco;134;5;1;0;neutral o insatisfecho
19107;F;24;NO;Negocios;Eco;265;4;2;0;neutral o insatisfecho
67869;F;21;SI;Vacaciones;Eco;1235;2;5;4;neutral o insatisfecho
39964;F;68;SI;Vacaciones;Eco Plus;1086;4;1;0;neutral o insatisfecho
5291;F;55;SI;Vacaciones;Eco;190;4;1;32;neutral o insatisfecho
12054;F;40;SI;Negocios;Eco;376;2;4;19;neutral o insatisfecho
118461;M;58;SI;Negocios;Business;370;5;3;0;satisfecho
9935;M;56;SI;Negocios;Business;3468;4;5;0;satisfecho
73717;F;37;SI;Negocios;Business;192;3;3;72;neutral o insatisfecho
101678;F;42;SI;Negocios;Business;1500;5;2;2;satisfecho
46354;M;59;SI;Negocios;Business;1585;3;3;0;neutral o insatisfecho
16695;F;62;NO;Negocios;Business;169;1;5;0;neutral o insatisfecho
100471;F;39;SI;Negocios;Business;759;4;5;0;satisfecho
75072;M;35;SI;Vacaciones;Eco;2611;2;3;0;neutral o insatisfecho
81935;F;34;NO;Negocios;Business;1535;3;3;21;neutral o insatisfecho
18196;M;46;SI;Negocios;Business;228;5;4;103;satisfecho
76014;M;41;NO;Negocios;Business;311;3;5;0;satisfecho
104431;F;23;SI;Vacaciones;Eco;1024;1;2;0;neutral o insatisfecho
78419;M;38;SI;Negocios;Eco;201;2;4;0;neutral o insatisfecho
108676;M;34;SI;Negocios;Business;577;5;2;182;satisfecho
24054;M;67;SI;Vacaciones;Eco;562;1;4;0;neutral o insatisfecho
88859;M;58;SI;Negocios;Business;515;5;5;17;satisfecho
98596;F;28;SI;Negocios;Business;3124;4;4;0;satisfecho
116843;M;52;SI;Vacaciones;Business;646;3;3;0;satisfecho
108088;M;32;SI;Negocios;Business;997;4;5;12;satisfecho
27862;F;28;NO;Negocios;Eco Plus;1448;5;3;0;satisfecho
23795;F;40;SI;Negocios;Business;2472;2;2;4;neutral o insatisfecho
22278;M;59;SI;Negocios;Eco;208;4;2;90;satisfecho
104656;M;42;SI;Negocios;Business;2772;5;4;41;satisfecho
23994;M;42;SI;Negocios;Business;3933;2;5;0;satisfecho
833;M;47;SI;Negocios;Business;229;5;3;36;satisfecho
88351;M;61;SI;Negocios;Business;2249;4;4;1;satisfecho
54329;M;28;NO;Vacaciones;Eco;1597;1;4;0;neutral o insatisfecho
119287;F;42;SI;Negocios;Business;2556;5;4;0;satisfecho
72162;F;60;SI;Negocios;Business;2610;5;4;0;satisfecho
112014;M;30;SI;Negocios;Business;3636;4;4;2;satisfecho
125583;M;35;SI;Vacaciones;Eco Plus;226;3;3;0;neutral o insatisfecho
46982;F;38;SI;Vacaciones;Eco;853;5;4;11;neutral o insatisfecho
116794;F;63;SI;Vacaciones;Eco Plus;333;3;5;2;neutral o insatisfecho
47290;F;38;SI;Negocios;Eco;584;2;1;0;neutral o insatisfecho
35379;M;36;NO;Negocios;Eco;610;2;4;0;neutral o insatisfecho
66090;M;42;SI;Negocios;Business;1055;5;3;33;satisfecho
65310;F;41;SI;Negocios;Business;3990;3;4;0;neutral o insatisfecho
84678;F;24;SI;Negocios;Eco;2182;4;3;15;neutral o insatisfecho
82997;M;41;SI;Negocios;Business;2417;4;5;0;satisfecho
11073;F;45;SI;Vacaciones;Eco;247;4;2;0;neutral o insatisfecho
52014;F;46;SI;Negocios;Business;2786;1;4;0;satisfecho
52728;M;31;SI;Vacaciones;Eco;406;5;4;0;satisfecho
29264;F;34;SI;Negocios;Business;3393;4;4;0;neutral o insatisfecho
16960;F;34;SI;Negocios;Business;1131;3;1;14;neutral o insatisfecho
100226;M;23;NO;Negocios;Eco;1165;4;4;0;satisfecho
64558;F;45;SI;Negocios;Business;1787;5;4;53;satisfecho
32738;M;33;SI;Negocios;Business;1888;2;4;6;neutral o insatisfecho
52116;F;46;SI;Vacaciones;Eco;351;4;1;0;neutral o insatisfecho
73935;F;42;SI;Negocios;Eco;2342;4;2;29;neutral o insatisfecho
60648;M;49;SI;Negocios;Eco;1620;3;4;0;neutral o insatisfecho
19428;F;22;SI;Negocios;Eco;645;3;1;0;satisfecho
21230;F;41;SI;Vacaciones;Eco;192;5;4;0;neutral o insatisfecho
17188;F;37;SI;Vacaciones;Eco;643;1;4;4;neutral o insatisfecho
40005;F;56;SI;Negocios;Eco;575;5;4;0;satisfecho
38681;F;68;SI;Vacaciones;Eco;2611;4;4;63;neutral o insatisfecho
109633;M;48;SI;Negocios;Business;829;5;5;7;satisfecho
42898;M;44;NO;Negocios;Eco;200;3;3;0;neutral o insatisfecho
90657;M;39;SI;Negocios;Business;2510;4;4;0;satisfecho
23955;F;43;NO;Negocios;Eco;536;4;3;0;neutral o insatisfecho
128236;F;36;SI;Vacaciones;Eco;602;2;4;1;neutral o insatisfecho
102323;M;48;SI;Negocios;Business;236;4;4;1;satisfecho
36426;M;25;SI;Negocios;Business;369;1;1;11;neutral o insatisfecho
112379;M;52;SI;Negocios;Business;2868;4;2;3;satisfecho
41473;F;35;NO;Negocios;Eco;1504;4;4;27;neutral o insatisfecho
75375;F;34;SI;Vacaciones;Business;2342;4;5;3;neutral o insatisfecho
101530;F;63;SI;Vacaciones;Eco;345;4;2;1;neutral o insatisfecho
14033;M;54;SI;Negocios;Business;3747;3;4;0;satisfecho
97529;M;49;SI;Vacaciones;Eco;439;4;5;7;neutral o insatisfecho
96750;F;45;SI;Negocios;Business;3316;5;4;43;satisfecho
115505;M;45;NO;Negocios;Business;404;5;4;0;neutral o insatisfecho
32318;M;28;SI;Negocios;Business;216;4;2;0;satisfecho
61143;M;26;SI;Negocios;Business;2707;5;4;6;satisfecho
91478;M;27;SI;Vacaciones;Eco;859;4;3;0;neutral o insatisfecho
127263;M;58;SI;Negocios;Business;1633;3;3;0;neutral o insatisfecho
3537;F;25;SI;Vacaciones;Eco Plus;557;4;3;32;neutral o insatisfecho
44564;F;42;SI;Negocios;Business;3569;5;5;17;satisfecho
2995;M;50;SI;Negocios;Business;922;5;5;0;satisfecho
115853;F;23;NO;Negocios;Eco;342;5;3;44;neutral o insatisfecho
24371;M;36;SI;Negocios;Eco;669;5;1;0;satisfecho
24433;M;28;SI;Vacaciones;Eco;634;4;4;0;neutral o insatisfecho
24694;F;41;NO;Negocios;Business;397;5;4;0;satisfecho
71453;F;29;SI;Negocios;Eco;867;3;2;12;neutral o insatisfecho
35355;F;24;SI;Negocios;Eco;1005;4;5;27;satisfecho
24494;F;48;SI;Vacaciones;Eco;481;3;4;0;neutral o insatisfecho
45253;M;30;SI;Vacaciones;Eco;522;5;5;5;neutral o insatisfecho
77356;M;25;NO;Negocios;Business;626;2;3;0;neutral o insatisfecho
77795;F;64;SI;Vacaciones;Eco;874;3;5;22;neutral o insatisfecho
109901;M;54;SI;Negocios;Business;2245;2;4;15;satisfecho
94577;F;24;NO;Negocios;Eco;239;2;4;0;neutral o insatisfecho
120880;F;20;NO;Negocios;Eco;1013;5;4;0;neutral o insatisfecho
39100;F;58;SI;Negocios;Business;328;1;3;150;neutral o insatisfecho
90518;F;55;SI;Negocios;Business;2159;5;5;0;satisfecho
3878;F;54;SI;Negocios;Business;290;4;5;0;satisfecho
108927;F;36;SI;Vacaciones;Eco;1183;4;2;138;neutral o insatisfecho
91338;F;61;SI;Vacaciones;Eco Plus;594;2;3;0;neutral o insatisfecho
108937;M;37;SI;Vacaciones;Eco;1183;1;1;0;neutral o insatisfecho
94977;M;71;SI;Negocios;Eco;239;2;3;11;neutral o insatisfecho
38384;M;35;SI;Negocios;Eco Plus;1133;3;5;0;satisfecho
64395;M;48;SI;Vacaciones;Eco;1192;1;1;0;neutral o insatisfecho
46542;M;59;SI;Negocios;Eco;125;5;4;0;satisfecho
77659;F;52;SI;Negocios;Business;874;5;5;10;satisfecho
31256;F;52;SI;Negocios;Eco;533;4;5;11;satisfecho
39750;F;53;SI;Negocios;Eco;1174;4;2;0;neutral o insatisfecho
125034;F;43;SI;Negocios;Business;2300;5;3;0;satisfecho
1886;F;48;SI;Negocios;Business;2579;5;5;11;satisfecho
82326;F;37;SI;Negocios;Eco;456;2;2;73;neutral o insatisfecho
97233;M;24;NO;Negocios;Eco;296;2;4;36;neutral o insatisfecho
90631;F;39;NO;Negocios;Business;404;1;5;0;neutral o insatisfecho
98242;F;32;SI;Negocios;Business;3487;4;5;0;satisfecho
30366;F;58;SI;Negocios;Eco;641;4;2;20;neutral o insatisfecho
83632;M;59;SI;Negocios;Business;2973;5;4;32;satisfecho
114272;F;39;SI;Negocios;Eco;509;5;5;22;satisfecho
122983;F;60;SI;Negocios;Business;2714;4;5;1;satisfecho
56131;F;59;SI;Negocios;Business;1504;4;4;7;satisfecho
59528;F;52;SI;Negocios;Business;854;5;4;0;satisfecho
127084;F;26;SI;Negocios;Business;2577;4;2;0;satisfecho
88730;M;19;SI;Vacaciones;Eco;270;5;3;34;neutral o insatisfecho
111433;F;47;SI;Vacaciones;Eco Plus;896;5;1;0;neutral o insatisfecho
129147;F;27;NO;Negocios;Eco;679;1;3;0;neutral o insatisfecho
94067;M;51;SI;Negocios;Business;2154;3;4;17;neutral o insatisfecho
95797;M;47;SI;Negocios;Eco Plus;237;2;1;0;neutral o insatisfecho
116395;F;43;SI;Vacaciones;Eco;362;5;1;36;neutral o insatisfecho
116512;F;64;SI;Vacaciones;Eco;447;3;2;0;neutral o insatisfecho
94185;F;37;SI;Negocios;Business;2938;4;5;0;satisfecho
110206;F;53;SI;Negocios;Business;3666;5;5;3;satisfecho
55622;M;46;SI;Negocios;Business;1824;4;4;0;satisfecho
109552;M;21;SI;Vacaciones;Eco;992;5;5;20;neutral o insatisfecho
129535;F;22;NO;Negocios;Eco;1102;2;5;0;satisfecho
67561;F;43;SI;Negocios;Business;1205;4;5;5;satisfecho
71558;F;40;SI;Negocios;Business;2305;4;3;0;satisfecho
41758;F;58;SI;Negocios;Eco Plus;230;4;4;0;neutral o insatisfecho
3056;F;41;NO;Negocios;Business;340;1;3;0;satisfecho
110633;M;39;SI;Vacaciones;Eco;719;4;3;9;neutral o insatisfecho
20675;F;30;NO;Negocios;Eco;522;3;3;37;neutral o insatisfecho
42988;M;40;SI;Negocios;Business;2940;4;5;0;satisfecho
92332;F;27;NO;Negocios;Business;2399;5;3;3;neutral o insatisfecho
120927;F;27;NO;Negocios;Business;992;4;4;0;neutral o insatisfecho
24128;M;56;SI;Vacaciones;Eco;779;4;3;0;neutral o insatisfecho
19811;F;38;NO;Negocios;Eco;413;2;5;185;neutral o insatisfecho
28353;F;54;SI;Vacaciones;Eco;954;5;1;0;neutral o insatisfecho
79638;M;46;SI;Negocios;Business;2093;5;4;0;satisfecho
129554;M;25;SI;Vacaciones;Eco;2342;2;1;20;neutral o insatisfecho
94503;M;58;SI;Negocios;Eco;677;3;2;31;neutral o insatisfecho
27596;F;54;SI;Vacaciones;Eco;987;5;5;8;neutral o insatisfecho
88128;F;35;SI;Negocios;Business;3490;4;5;0;satisfecho
15689;F;48;SI;Negocios;Business;3281;2;4;0;neutral o insatisfecho
14298;M;41;SI;Negocios;Business;395;1;4;0;satisfecho
14145;F;61;SI;Vacaciones;Eco;528;5;5;0;neutral o insatisfecho
70465;F;54;SI;Negocios;Business;3283;5;5;0;satisfecho
15252;F;20;SI;Vacaciones;Eco;529;1;4;0;neutral o insatisfecho
50943;F;34;SI;Vacaciones;Eco;266;5;4;0;satisfecho
100827;M;29;NO;Negocios;Business;711;2;3;0;neutral o insatisfecho
105936;M;21;NO;Negocios;Eco;909;2;2;1;neutral o insatisfecho
72446;F;64;SI;Negocios;Business;1121;3;2;0;neutral o insatisfecho
105410;M;61;SI;Vacaciones;Eco Plus;369;5;4;44;neutral o insatisfecho
111980;F;22;SI;Vacaciones;Eco;533;5;4;30;neutral o insatisfecho
59658;F;49;SI;Vacaciones;Eco;965;4;1;7;neutral o insatisfecho
101516;F;65;SI;Negocios;Business;345;2;2;0;satisfecho
70321;M;20;SI;Vacaciones;Eco;1501;4;3;0;satisfecho
53721;M;38;SI;Vacaciones;Eco;1208;2;1;0;neutral o insatisfecho
72226;F;24;NO;Negocios;Eco;921;5;5;0;neutral o insatisfecho
1014;M;37;SI;Negocios;Business;3222;4;4;0;satisfecho
125935;M;45;SI;Vacaciones;Eco;951;5;2;0;neutral o insatisfecho
39821;M;56;NO;Negocios;Eco;132;5;4;0;neutral o insatisfecho
3535;F;55;SI;Vacaciones;Eco;557;3;1;0;neutral o insatisfecho
107021;F;44;NO;Negocios;Business;480;4;3;2;satisfecho
107040;F;23;NO;Negocios;Business;395;4;3;0;satisfecho
56992;M;45;SI;Vacaciones;Eco;2565;4;3;7;neutral o insatisfecho
69507;M;51;NO;Vacaciones;Eco;1746;1;5;20;neutral o insatisfecho
18364;M;38;NO;Negocios;Eco;169;4;2;5;neutral o insatisfecho
71422;M;43;SI;Negocios;Business;1803;5;3;0;satisfecho
59979;M;67;SI;Vacaciones;Eco;937;2;1;34;neutral o insatisfecho
32166;M;33;SI;Negocios;Business;2653;5;5;0;satisfecho
77829;M;19;SI;Vacaciones;Eco;874;4;2;0;neutral o insatisfecho
26244;M;39;SI;Vacaciones;Eco;270;3;4;0;neutral o insatisfecho
13707;F;63;SI;Vacaciones;Eco Plus;300;3;5;117;neutral o insatisfecho
40290;F;26;SI;Vacaciones;Eco;402;5;3;0;neutral o insatisfecho
30873;F;48;NO;Negocios;Eco;1506;1;3;0;neutral o insatisfecho
68845;F;34;SI;Negocios;Business;2385;5;4;0;satisfecho
66909;F;23;SI;Negocios;Business;2753;4;3;0;satisfecho
78121;F;26;SI;Vacaciones;Eco;1797;4;2;0;neutral o insatisfecho
14725;F;22;SI;Negocios;Eco Plus;479;3;3;0;satisfecho
62593;M;23;SI;Negocios;Eco;346;5;2;0;satisfecho
69931;M;66;SI;Vacaciones;Eco Plus;1514;5;3;0;neutral o insatisfecho
39175;M;43;SI;Negocios;Business;237;1;1;0;satisfecho
116281;F;55;SI;Vacaciones;Eco;446;4;4;5;neutral o insatisfecho
107613;F;29;SI;Negocios;Business;423;1;4;15;neutral o insatisfecho
45024;M;27;NO;Negocios;Eco Plus;118;4;2;7;neutral o insatisfecho
126704;F;58;SI;Negocios;Business;2370;4;4;3;satisfecho
94048;F;39;SI;Negocios;Business;3421;5;4;11;satisfecho
94519;F;30;NO;Negocios;Eco;562;4;1;0;neutral o insatisfecho
77201;M;52;SI;Negocios;Business;2994;5;2;2;satisfecho
2789;F;35;SI;Negocios;Business;765;4;3;0;neutral o insatisfecho
65273;M;47;SI;Vacaciones;Eco Plus;469;5;5;2;neutral o insatisfecho
67986;F;54;SI;Negocios;Eco Plus;835;2;3;3;neutral o insatisfecho
40166;M;46;NO;Negocios;Eco;387;2;2;0;neutral o insatisfecho
77618;F;24;NO;Negocios;Business;731;1;5;36;satisfecho
10428;F;52;SI;Negocios;Business;308;5;4;0;satisfecho
87711;M;39;SI;Vacaciones;Eco;591;5;4;0;neutral o insatisfecho
102116;F;32;SI;Negocios;Business;3627;5;3;0;satisfecho
75614;M;48;SI;Vacaciones;Eco;337;4;4;0;neutral o insatisfecho
43631;F;46;SI;Vacaciones;Eco;297;5;2;0;satisfecho
67141;F;27;NO;Negocios;Eco;1121;3;3;0;satisfecho
49390;F;40;SI;Negocios;Business;3291;1;4;0;satisfecho
44398;M;27;NO;Negocios;Eco;342;4;2;5;neutral o insatisfecho
22865;F;65;SI;Vacaciones;Eco;302;4;3;0;neutral o insatisfecho
7343;F;21;SI;Vacaciones;Eco;606;5;3;24;neutral o insatisfecho
21575;F;70;SI;Vacaciones;Eco Plus;331;3;3;0;neutral o insatisfecho
70812;F;24;NO;Negocios;Eco;624;4;5;0;satisfecho
31653;M;48;SI;Negocios;Eco;967;4;2;38;satisfecho
76547;F;36;SI;Negocios;Business;1648;4;4;0;satisfecho
114264;M;44;SI;Negocios;Eco;509;4;4;3;satisfecho
123531;M;27;NO;Negocios;Eco Plus;2296;5;4;1;neutral o insatisfecho
81770;M;23;NO;Negocios;Eco;1306;5;5;0;neutral o insatisfecho
53536;M;27;SI;Negocios;Eco Plus;2419;1;2;29;neutral o insatisfecho
21986;M;25;SI;Vacaciones;Eco;500;2;4;10;satisfecho
68979;F;42;SI;Vacaciones;Eco;700;1;2;0;neutral o insatisfecho
73363;F;27;NO;Negocios;Business;1182;3;3;12;satisfecho
85377;M;56;SI;Negocios;Business;1914;4;5;12;satisfecho
6655;M;26;NO;Negocios;Business;438;4;5;0;satisfecho
73605;F;56;SI;Negocios;Business;2444;5;5;0;satisfecho
69014;F;49;NO;Negocios;Business;1521;2;3;0;neutral o insatisfecho
113588;F;59;SI;Negocios;Eco;407;3;3;29;neutral o insatisfecho
18509;F;24;NO;Negocios;Eco;127;5;2;0;satisfecho
29584;F;46;SI;Negocios;Eco;1448;4;5;0;satisfecho
112076;M;48;SI;Negocios;Eco;1491;3;2;10;neutral o insatisfecho
126345;F;39;SI;Vacaciones;Eco;631;3;4;2;neutral o insatisfecho
113279;F;56;SI;Negocios;Business;2373;4;4;0;satisfecho
11573;M;43;SI;Negocios;Business;657;3;2;0;neutral o insatisfecho
19380;M;47;SI;Negocios;Business;1994;5;3;352;satisfecho
3147;F;28;NO;Negocios;Business;140;3;3;0;satisfecho
27633;F;29;SI;Negocios;Eco Plus;987;4;5;0;satisfecho
746;M;44;SI;Negocios;Business;102;3;3;6;neutral o insatisfecho
62450;F;58;SI;Negocios;Business;1744;5;4;0;satisfecho
92372;M;41;SI;Negocios;Business;2139;5;2;1;satisfecho
105029;M;48;NO;Negocios;Eco;255;3;2;16;neutral o insatisfecho
73406;M;29;NO;Negocios;Eco;1197;3;2;0;neutral o insatisfecho
100033;F;24;SI;Negocios;Business;1623;2;1;0;neutral o insatisfecho
127780;M;21;NO;Negocios;Eco;1037;5;3;41;neutral o insatisfecho
41191;M;24;SI;Negocios;Business;3171;4;3;12;neutral o insatisfecho
96292;F;66;SI;Vacaciones;Eco;460;5;1;51;neutral o insatisfecho
83993;M;67;SI;Negocios;Business;321;3;2;0;neutral o insatisfecho
9857;F;66;SI;Vacaciones;Eco;642;3;1;32;satisfecho
78683;M;27;NO;Negocios;Business;761;5;3;0;neutral o insatisfecho
128614;F;35;SI;Negocios;Business;3332;4;2;0;satisfecho
22467;F;30;SI;Vacaciones;Eco;214;4;4;0;neutral o insatisfecho
99335;M;22;NO;Negocios;Eco;337;3;3;2;neutral o insatisfecho
48190;M;51;SI;Negocios;Business;173;3;1;0;neutral o insatisfecho
84635;F;59;SI;Vacaciones;Eco;669;4;2;10;neutral o insatisfecho
104413;M;44;SI;Negocios;Business;3834;4;1;0;satisfecho
100775;M;55;SI;Negocios;Eco;1411;5;2;0;satisfecho
129404;M;52;SI;Negocios;Business;3073;5;5;0;satisfecho
108339;M;48;SI;Negocios;Eco;1855;4;1;0;neutral o insatisfecho
50125;F;62;SI;Negocios;Eco;262;3;5;0;satisfecho
95363;M;33;SI;Vacaciones;Eco;277;4;1;0;neutral o insatisfecho
84114;F;52;SI;Negocios;Business;2036;5;4;0;satisfecho
92985;M;31;SI;Negocios;Business;2576;4;3;233;satisfecho
14269;M;42;SI;Negocios;Eco;429;5;3;31;satisfecho
34643;M;52;SI;Vacaciones;Eco;427;5;3;0;neutral o insatisfecho
35148;M;35;SI;Negocios;Eco;1035;5;2;20;satisfecho
124353;F;32;NO;Negocios;Business;808;5;5;33;neutral o insatisfecho
30585;M;58;SI;Vacaciones;Eco;628;2;3;0;neutral o insatisfecho
1509;M;30;NO;Negocios;Business;922;4;4;9;neutral o insatisfecho
79796;F;54;SI;Negocios;Business;944;5;5;0;satisfecho
83662;M;35;SI;Negocios;Business;3594;5;4;0;satisfecho
97659;F;57;SI;Negocios;Business;2008;5;4;19;satisfecho
39245;F;59;SI;Negocios;Business;2613;2;4;9;satisfecho
118224;F;26;NO;Negocios;Business;735;5;4;0;satisfecho
45392;M;41;SI;Negocios;Business;344;3;2;0;neutral o insatisfecho
85102;F;43;SI;Negocios;Business;689;4;4;0;satisfecho
125739;M;47;SI;Negocios;Business;3610;4;5;4;satisfecho
80656;F;59;SI;Negocios;Business;3021;4;5;0;satisfecho
62986;M;28;NO;Negocios;Eco;853;4;2;2;neutral o insatisfecho
18614;M;44;SI;Vacaciones;Eco;201;2;4;0;satisfecho
303;M;51;SI;Negocios;Business;3183;5;5;13;satisfecho
84567;M;67;SI;Vacaciones;Eco;2556;2;4;0;neutral o insatisfecho
15839;M;37;SI;Negocios;Business;1707;5;5;58;satisfecho
60361;F;47;SI;Negocios;Business;1476;5;5;1;satisfecho
128872;M;23;NO;Negocios;Business;968;4;3;0;satisfecho
114324;M;52;SI;Vacaciones;Eco;948;3;4;9;neutral o insatisfecho
98074;F;29;SI;Negocios;Business;1449;4;3;0;satisfecho
14481;F;22;NO;Negocios;Eco;541;4;3;0;neutral o insatisfecho
118313;F;23;NO;Negocios;Eco;639;4;3;2;neutral o insatisfecho
85779;F;39;SI;Negocios;Business;526;4;5;22;satisfecho
467;F;47;SI;Negocios;Business;3730;5;4;0;satisfecho
92802;M;25;NO;Negocios;Eco;869;1;3;0;neutral o insatisfecho
69335;M;25;SI;Negocios;Business;1089;5;3;31;satisfecho
96117;M;30;SI;Negocios;Eco Plus;1090;5;1;0;neutral o insatisfecho
114736;M;29;SI;Negocios;Business;2579;3;5;2;satisfecho
114574;F;58;SI;Negocios;Business;2055;5;2;149;satisfecho
83223;F;55;SI;Negocios;Business;1979;4;4;15;satisfecho
85987;M;59;SI;Negocios;Business;447;5;4;0;satisfecho
123565;F;35;SI;Negocios;Business;1773;3;1;16;neutral o insatisfecho
942;M;46;SI;Negocios;Business;309;4;4;0;satisfecho
13449;F;26;SI;Vacaciones;Eco;491;1;4;0;neutral o insatisfecho
11069;F;23;SI;Vacaciones;Eco;312;5;3;0;neutral o insatisfecho
128509;M;65;SI;Vacaciones;Eco;304;1;4;0;neutral o insatisfecho
64972;F;37;SI;Negocios;Eco;190;3;3;0;satisfecho
99506;F;19;SI;Vacaciones;Eco;283;4;3;0;neutral o insatisfecho
21260;M;68;SI;Vacaciones;Business;903;3;1;82;neutral o insatisfecho
83032;F;32;SI;Negocios;Business;1602;5;4;0;satisfecho
23217;F;39;SI;Vacaciones;Eco;326;5;4;68;satisfecho
31096;M;20;NO;Negocios;Eco;614;4;4;0;neutral o insatisfecho
112719;M;25;SI;Vacaciones;Eco;605;4;2;0;neutral o insatisfecho
90577;M;49;SI;Negocios;Business;271;5;4;0;satisfecho
110490;F;47;SI;Vacaciones;Eco;883;5;1;15;neutral o insatisfecho
59755;M;48;SI;Negocios;Business;3279;4;5;0;satisfecho
28334;F;27;NO;Negocios;Eco;867;4;1;0;neutral o insatisfecho
78091;F;67;SI;Vacaciones;Eco Plus;152;4;5;4;neutral o insatisfecho
23285;F;44;SI;Negocios;Eco;979;5;3;8;satisfecho
19784;M;31;SI;Negocios;Business;1532;1;3;13;neutral o insatisfecho
8278;F;33;SI;Vacaciones;Eco;530;1;3;8;neutral o insatisfecho
120974;F;31;SI;Negocios;Business;1898;2;4;0;neutral o insatisfecho
22816;F;40;SI;Negocios;Eco;147;4;4;146;neutral o insatisfecho
125786;M;53;SI;Negocios;Business;3011;4;4;0;satisfecho
90085;M;60;SI;Negocios;Business;3959;4;4;0;satisfecho
90343;M;37;SI;Negocios;Business;594;5;5;0;satisfecho
40840;F;40;NO;Negocios;Business;132;1;3;0;neutral o insatisfecho
42446;F;30;NO;Negocios;Eco;866;1;4;1;neutral o insatisfecho
63097;F;37;NO;Negocios;Business;967;4;3;0;neutral o insatisfecho
123401;F;49;SI;Negocios;Business;1337;5;2;0;satisfecho
97079;F;42;SI;Negocios;Business;1390;4;5;6;satisfecho
53403;F;57;SI;Negocios;Business;2253;4;2;11;neutral o insatisfecho
128186;M;27;SI;Vacaciones;Eco;1972;1;3;1;neutral o insatisfecho
50041;F;61;SI;Negocios;Eco;134;4;2;0;neutral o insatisfecho
10194;F;58;NO;Negocios;Business;316;3;4;33;neutral o insatisfecho
110233;M;28;SI;Negocios;Business;1721;4;5;0;satisfecho
108242;F;27;SI;Negocios;Business;895;1;4;6;neutral o insatisfecho
71244;F;53;SI;Negocios;Business;733;3;2;1;neutral o insatisfecho
8645;F;39;SI;Negocios;Business;2977;5;4;0;satisfecho
49618;M;33;NO;Negocios;Eco;109;1;4;3;neutral o insatisfecho
71455;F;43;NO;Negocios;Eco;467;4;3;23;neutral o insatisfecho
108299;M;51;SI;Negocios;Business;1750;4;2;14;satisfecho
87291;F;22;SI;Vacaciones;Eco;577;1;4;0;satisfecho
14123;M;48;SI;Vacaciones;Business;528;5;5;0;neutral o insatisfecho
123980;M;48;SI;Negocios;Business;184;4;5;0;satisfecho
16180;F;21;NO;Negocios;Eco;277;5;2;0;neutral o insatisfecho
62934;M;42;SI;Negocios;Business;3331;5;5;0;satisfecho
65001;F;36;SI;Negocios;Eco;224;4;5;0;satisfecho
78706;M;42;SI;Negocios;Business;528;5;4;2;satisfecho
69843;M;31;SI;Vacaciones;Eco;1055;5;4;0;neutral o insatisfecho
72340;M;60;SI;Negocios;Business;985;3;2;19;neutral o insatisfecho
94254;F;60;SI;Negocios;Business;341;4;1;0;satisfecho
59542;M;28;SI;Negocios;Business;854;4;5;7;satisfecho
16539;F;54;SI;Negocios;Eco;1134;3;5;69;satisfecho
109802;F;35;NO;Negocios;Business;1011;4;5;28;neutral o insatisfecho
106674;F;54;SI;Negocios;Business;451;4;4;49;satisfecho
94232;F;45;SI;Negocios;Business;189;4;4;1;satisfecho
64174;F;32;SI;Negocios;Business;3321;5;4;42;satisfecho
113722;F;45;SI;Vacaciones;Eco;236;4;4;0;neutral o insatisfecho
45867;F;38;NO;Negocios;Eco;913;2;2;36;neutral o insatisfecho
6340;F;39;NO;Negocios;Business;296;5;5;31;satisfecho
70314;F;39;SI;Negocios;Business;1501;5;4;0;satisfecho
39921;M;34;SI;Negocios;Business;1087;4;2;0;satisfecho
26014;M;44;SI;Negocios;Eco;425;2;4;0;neutral o insatisfecho
112451;F;48;SI;Negocios;Eco;846;2;3;41;neutral o insatisfecho
81625;F;40;SI;Negocios;Business;3319;5;5;0;satisfecho
68103;F;26;NO;Negocios;Eco;813;5;4;5;neutral o insatisfecho
98053;M;55;NO;Negocios;Eco;251;1;1;22;neutral o insatisfecho
4118;M;35;NO;Negocios;Business;431;5;4;0;neutral o insatisfecho
81572;M;48;SI;Vacaciones;Eco;936;2;4;28;neutral o insatisfecho
74407;M;23;SI;Negocios;Business;1602;3;4;0;satisfecho
63901;M;68;SI;Negocios;Eco;1172;4;1;26;neutral o insatisfecho
101575;F;54;SI;Negocios;Business;1099;4;5;11;satisfecho
119695;F;46;SI;Negocios;Business;1303;4;5;0;satisfecho
77106;F;44;NO;Negocios;Business;1481;4;3;0;neutral o insatisfecho
62270;F;57;SI;Negocios;Business;2565;4;4;0;satisfecho
54046;F;32;SI;Negocios;Business;1416;5;3;0;satisfecho
114112;F;47;SI;Negocios;Business;2816;4;4;4;satisfecho
57301;M;39;SI;Negocios;Business;3652;5;2;0;satisfecho
52771;F;32;SI;Negocios;Eco;1874;4;4;0;satisfecho
74530;F;34;SI;Negocios;Business;1171;4;5;4;satisfecho
118581;M;48;SI;Negocios;Eco;325;2;1;0;neutral o insatisfecho
120372;F;30;SI;Negocios;Business;337;4;4;0;satisfecho
87522;F;66;SI;Vacaciones;Eco;373;4;4;0;neutral o insatisfecho
17481;F;55;SI;Negocios;Business;241;5;5;0;satisfecho
39752;M;35;SI;Negocios;Business;521;5;4;0;satisfecho
84559;M;47;SI;Vacaciones;Eco;2504;1;3;1;neutral o insatisfecho
79312;M;27;SI;Vacaciones;Eco;2248;3;5;0;neutral o insatisfecho
41875;M;26;SI;Negocios;Business;925;4;5;0;satisfecho
95646;F;48;SI;Negocios;Business;928;5;4;26;satisfecho
126229;F;47;SI;Negocios;Eco;107;4;5;0;satisfecho
28378;F;44;NO;Negocios;Eco;763;2;2;0;neutral o insatisfecho
59033;M;32;SI;Negocios;Business;1846;5;4;3;satisfecho
39953;F;33;SI;Vacaciones;Eco;1195;5;2;48;neutral o insatisfecho
29216;M;58;SI;Negocios;Business;834;4;4;0;satisfecho
14548;F;56;SI;Vacaciones;Eco;362;4;1;0;neutral o insatisfecho
77332;F;50;SI;Negocios;Business;626;5;5;0;satisfecho
60916;M;28;NO;Negocios;Business;888;4;4;241;neutral o insatisfecho
115146;M;44;SI;Negocios;Business;2849;5;4;0;satisfecho
47327;M;33;NO;Negocios;Eco;599;5;3;0;neutral o insatisfecho
70420;F;51;SI;Negocios;Business;2683;4;4;0;neutral o insatisfecho
83017;F;39;SI;Negocios;Business;983;4;4;105;satisfecho
106625;M;51;SI;Negocios;Business;2195;5;4;0;satisfecho
100898;M;37;NO;Negocios;Eco;377;4;4;63;neutral o insatisfecho
52805;F;21;SI;Negocios;Business;2402;4;3;0;satisfecho
71498;F;69;SI;Vacaciones;Business;1197;3;1;18;neutral o insatisfecho
116142;M;19;SI;Vacaciones;Eco;362;1;5;47;neutral o insatisfecho
32705;M;56;SI;Negocios;Business;2236;4;2;0;neutral o insatisfecho
70241;F;39;SI;Negocios;Business;1592;5;5;0;satisfecho
6786;F;31;SI;Negocios;Eco;137;1;1;0;neutral o insatisfecho
84141;M;22;SI;Vacaciones;Eco;782;3;4;3;neutral o insatisfecho
89268;F;29;NO;Negocios;Business;453;1;4;0;neutral o insatisfecho
11632;F;41;SI;Negocios;Business;835;5;3;22;satisfecho
41469;F;33;SI;Negocios;Business;3848;5;4;0;satisfecho
3217;M;46;NO;Negocios;Business;1187;5;5;0;neutral o insatisfecho
10201;F;51;SI;Negocios;Business;429;5;5;0;satisfecho
106421;M;39;SI;Vacaciones;Eco;674;3;4;45;neutral o insatisfecho
33319;M;23;NO;Negocios;Eco;1028;1;4;0;neutral o insatisfecho
49997;F;44;SI;Negocios;Eco;262;3;3;22;neutral o insatisfecho
95988;M;46;SI;Negocios;Business;3655;4;3;1;satisfecho
26572;F;48;SI;Negocios;Eco;581;3;5;0;satisfecho
127646;M;19;SI;Vacaciones;Eco;1773;5;3;0;neutral o insatisfecho
29558;F;43;NO;Negocios;Eco;1088;3;4;0;neutral o insatisfecho
40161;F;41;SI;Vacaciones;Business;402;2;3;0;neutral o insatisfecho
2826;F;31;SI;Negocios;Business;491;4;5;67;satisfecho
38394;M;34;SI;Negocios;Eco Plus;1626;4;5;0;satisfecho
128033;M;49;SI;Negocios;Business;1440;5;5;0;satisfecho
66092;M;25;SI;Negocios;Eco Plus;1055;1;3;0;neutral o insatisfecho
120643;F;22;NO;Negocios;Eco;280;4;3;0;neutral o insatisfecho
112737;F;59;SI;Negocios;Business;1713;4;5;0;satisfecho
100074;M;40;SI;Negocios;Business;277;4;1;13;satisfecho
106783;M;54;SI;Vacaciones;Eco Plus;829;2;5;0;neutral o insatisfecho
27363;F;46;SI;Negocios;Eco;1050;4;5;0;satisfecho
54730;F;45;SI;Vacaciones;Eco;854;4;5;1;neutral o insatisfecho
127034;M;47;SI;Negocios;Business;2495;4;4;0;satisfecho
38837;M;45;SI;Negocios;Eco Plus;387;3;1;0;satisfecho
9889;F;51;SI;Negocios;Business;508;4;3;0;satisfecho
40897;F;69;SI;Vacaciones;Eco;588;4;2;0;neutral o insatisfecho
85713;M;40;SI;Negocios;Business;1547;5;2;1;satisfecho
52363;F;64;SI;Vacaciones;Eco;598;4;2;0;satisfecho
45868;M;60;SI;Negocios;Eco;641;2;1;10;satisfecho
55372;F;62;SI;Negocios;Eco;678;2;2;6;neutral o insatisfecho
3839;M;21;SI;Vacaciones;Eco;710;1;4;0;satisfecho
86706;F;45;SI;Negocios;Business;1747;4;2;0;satisfecho
36294;F;44;SI;Negocios;Business;2263;2;4;0;satisfecho
32183;F;55;SI;Negocios;Business;1688;5;5;0;satisfecho
45073;M;37;SI;Vacaciones;Eco;265;5;3;11;neutral o insatisfecho
19009;F;22;NO;Negocios;Eco;871;5;4;0;neutral o insatisfecho
106283;F;38;SI;Negocios;Business;204;4;3;44;neutral o insatisfecho
60071;F;45;SI;Negocios;Business;1911;5;5;0;satisfecho
62504;F;56;SI;Negocios;Business;1781;4;5;0;satisfecho
68298;M;42;SI;Negocios;Business;1797;5;4;0;satisfecho
36990;M;30;NO;Negocios;Eco;667;2;4;20;neutral o insatisfecho
77740;F;40;NO;Negocios;Business;331;5;1;0;neutral o insatisfecho
67275;F;42;SI;Vacaciones;Eco;929;4;1;11;neutral o insatisfecho
17653;M;36;SI;Negocios;Eco;1008;4;2;0;satisfecho
124108;F;44;SI;Negocios;Business;3506;5;4;2;satisfecho
73102;F;40;SI;Negocios;Business;2174;4;4;55;neutral o insatisfecho
78606;F;59;SI;Negocios;Business;1426;4;5;41;satisfecho
110827;F;24;SI;Vacaciones;Eco;990;3;3;0;neutral o insatisfecho
76277;M;38;SI;Negocios;Eco;427;3;1;1;satisfecho
124738;F;23;SI;Vacaciones;Eco Plus;399;3;4;0;satisfecho
26144;M;35;SI;Negocios;Eco;581;4;2;74;satisfecho
82047;M;44;SI;Vacaciones;Eco;1576;2;3;0;neutral o insatisfecho
30668;M;37;NO;Negocios;Eco Plus;533;1;5;0;satisfecho
93736;F;72;NO;Negocios;Business;368;4;3;0;neutral o insatisfecho
73202;M;28;SI;Vacaciones;Eco;1258;4;3;14;neutral o insatisfecho
10142;M;44;SI;Negocios;Business;2061;4;4;32;satisfecho
52394;F;67;SI;Vacaciones;Eco;370;4;5;13;neutral o insatisfecho
35676;M;29;SI;Negocios;Eco;2576;4;2;2;satisfecho
70115;F;39;SI;Negocios;Business;3979;3;2;17;neutral o insatisfecho
122969;F;53;SI;Negocios;Business;468;5;5;0;satisfecho
85342;F;59;SI;Negocios;Business;3381;4;5;15;satisfecho
40428;M;27;NO;Negocios;Eco;188;5;2;0;satisfecho
4160;M;25;SI;Vacaciones;Eco;427;3;1;122;satisfecho
119363;F;37;SI;Negocios;Business;1869;4;3;0;neutral o insatisfecho
37758;F;21;SI;Negocios;Eco Plus;1076;1;2;0;satisfecho
110173;F;21;SI;Vacaciones;Eco;882;3;3;0;neutral o insatisfecho
126699;M;58;SI;Negocios;Business;2521;5;4;0;satisfecho
121589;M;52;SI;Negocios;Business;536;4;4;0;satisfecho
118505;F;27;NO;Negocios;Business;304;4;4;18;neutral o insatisfecho
86222;M;45;SI;Negocios;Eco;356;2;2;3;satisfecho
6248;M;44;SI;Vacaciones;Eco;413;2;2;12;neutral o insatisfecho
64227;M;59;SI;Negocios;Eco;1660;2;2;17;neutral o insatisfecho
113921;M;40;SI;Negocios;Business;3950;4;4;16;satisfecho
72227;M;51;SI;Negocios;Business;3673;4;4;0;satisfecho
48485;F;27;NO;Negocios;Eco;844;1;3;112;neutral o insatisfecho
55804;M;49;SI;Vacaciones;Business;1416;2;3;0;neutral o insatisfecho
4106;F;53;SI;Negocios;Business;431;5;5;38;satisfecho
65435;M;59;SI;Negocios;Business;2165;5;5;10;satisfecho
4937;M;24;NO;Negocios;Business;268;2;4;0;neutral o insatisfecho
48754;F;39;SI;Negocios;Business;3764;4;3;0;satisfecho
4607;M;47;SI;Negocios;Business;719;5;2;84;satisfecho
109659;M;45;SI;Negocios;Business;1818;3;2;23;neutral o insatisfecho
25225;F;27;SI;Negocios;Business;1716;2;3;0;neutral o insatisfecho
38164;M;33;SI;Vacaciones;Eco;1237;2;5;0;neutral o insatisfecho
127826;M;53;SI;Vacaciones;Eco;1262;3;4;2;neutral o insatisfecho
104801;M;52;SI;Negocios;Eco;187;3;2;10;neutral o insatisfecho
125719;M;23;SI;Vacaciones;Eco;759;4;3;22;neutral o insatisfecho
35949;M;38;SI;Negocios;Business;2185;3;4;0;satisfecho
51523;M;58;SI;Negocios;Eco;425;3;2;0;neutral o insatisfecho
107676;F;44;SI;Negocios;Business;251;4;4;44;satisfecho
110964;M;43;SI;Negocios;Business;197;4;4;15;neutral o insatisfecho
92545;F;35;SI;Vacaciones;Eco;1947;2;3;11;satisfecho
423;F;30;NO;Negocios;Business;270;2;5;0;neutral o insatisfecho
127893;F;35;NO;Negocios;Business;1671;2;5;0;neutral o insatisfecho
109791;M;26;SI;Negocios;Business;2544;5;5;0;satisfecho
44023;M;27;SI;Negocios;Eco;680;4;3;57;satisfecho
115658;F;57;SI;Negocios;Business;2057;5;2;12;satisfecho
94779;F;53;SI;Negocios;Business;3455;5;4;0;satisfecho
122621;F;53;SI;Vacaciones;Eco;728;5;4;0;neutral o insatisfecho
93122;F;23;NO;Negocios;Eco;1075;2;3;41;neutral o insatisfecho
115040;F;52;SI;Negocios;Business;2136;3;2;9;neutral o insatisfecho
100974;F;50;NO;Negocios;Business;1524;1;4;0;satisfecho
43642;F;57;SI;Negocios;Business;1908;2;2;0;satisfecho
113248;F;19;SI;Vacaciones;Business;391;1;5;34;neutral o insatisfecho
64261;M;25;NO;Negocios;Eco;744;5;3;0;neutral o insatisfecho
122766;F;37;NO;Negocios;Eco Plus;651;1;2;0;neutral o insatisfecho
82415;F;37;SI;Vacaciones;Business;502;5;1;0;neutral o insatisfecho
30506;M;39;SI;Negocios;Business;1620;4;4;46;satisfecho
128315;M;60;SI;Negocios;Business;651;4;5;54;satisfecho
72712;M;46;SI;Negocios;Business;3414;5;4;6;satisfecho
104439;F;68;SI;Vacaciones;Eco;1147;3;2;22;neutral o insatisfecho
12765;M;37;SI;Vacaciones;Eco;689;3;5;0;neutral o insatisfecho
35878;F;23;SI;Vacaciones;Eco;1023;2;3;69;neutral o insatisfecho
106712;F;52;SI;Negocios;Business;2426;4;4;0;satisfecho
46575;M;69;SI;Negocios;Business;73;2;3;565;neutral o insatisfecho
16304;M;38;NO;Negocios;Eco;594;4;1;0;neutral o insatisfecho
120374;M;66;SI;Negocios;Business;413;3;2;0;neutral o insatisfecho
13284;F;40;SI;Vacaciones;Eco;468;3;4;15;neutral o insatisfecho
16916;F;27;NO;Negocios;Eco Plus;746;4;4;86;neutral o insatisfecho
33458;F;27;SI;Negocios;Eco Plus;2399;5;1;0;satisfecho
99967;M;19;NO;Negocios;Eco;888;1;4;0;neutral o insatisfecho
29422;M;50;SI;Vacaciones;Eco Plus;2676;2;1;0;neutral o insatisfecho
93319;F;56;SI;Negocios;Business;3489;5;4;8;satisfecho
39230;F;39;SI;Negocios;Eco;67;5;5;358;satisfecho
127651;F;21;NO;Negocios;Eco;1773;3;5;10;neutral o insatisfecho
2638;F;43;SI;Negocios;Business;1557;4;4;0;satisfecho
115424;M;20;NO;Negocios;Business;390;1;5;74;satisfecho
33677;F;22;SI;Vacaciones;Business;667;4;5;0;neutral o insatisfecho
127922;M;24;SI;Negocios;Business;2300;4;3;0;satisfecho
11973;M;46;SI;Negocios;Business;3577;5;4;0;satisfecho
111416;F;45;SI;Vacaciones;Business;896;1;3;142;neutral o insatisfecho
123853;M;55;SI;Negocios;Eco;544;3;3;0;neutral o insatisfecho
71746;F;55;SI;Negocios;Business;1744;5;4;0;satisfecho
119149;M;47;SI;Negocios;Business;3928;5;4;0;satisfecho
33554;M;39;NO;Negocios;Eco;413;3;4;0;neutral o insatisfecho
83301;M;23;SI;Negocios;Eco Plus;1956;2;1;3;neutral o insatisfecho
66414;M;19;SI;Vacaciones;Eco;1562;4;5;0;neutral o insatisfecho
104831;M;38;NO;Negocios;Business;472;5;4;52;satisfecho
41309;F;36;SI;Negocios;Business;2116;2;5;52;satisfecho
90095;F;38;SI;Negocios;Business;2638;3;3;0;neutral o insatisfecho
7636;F;20;NO;Negocios;Business;604;1;3;0;satisfecho
6343;M;55;SI;Negocios;Business;296;5;5;16;satisfecho
120110;M;20;SI;Negocios;Business;1576;3;2;1;neutral o insatisfecho
50941;F;31;SI;Vacaciones;Eco;109;4;1;0;neutral o insatisfecho
76145;M;50;SI;Negocios;Eco;689;2;3;1;neutral o insatisfecho
108577;F;39;SI;Negocios;Business;2459;5;4;21;satisfecho
8324;F;31;SI;Vacaciones;Eco Plus;125;5;3;0;neutral o insatisfecho
6262;M;46;SI;Negocios;Business;2327;4;4;23;satisfecho
22187;M;29;SI;Negocios;Business;1995;2;3;49;neutral o insatisfecho
82311;F;36;NO;Negocios;Eco Plus;1075;4;1;21;neutral o insatisfecho
104736;M;54;SI;Negocios;Eco;1407;1;4;10;neutral o insatisfecho
87462;M;42;SI;Negocios;Business;2261;5;4;0;satisfecho
92374;F;37;SI;Negocios;Business;447;4;3;0;satisfecho
56420;F;36;NO;Negocios;Business;719;5;4;7;neutral o insatisfecho
200;F;43;SI;Negocios;Business;3175;4;1;54;neutral o insatisfecho
88456;M;56;SI;Negocios;Business;2173;3;4;0;satisfecho
33416;F;23;SI;Negocios;Eco;2399;3;5;0;satisfecho
57774;F;42;SI;Negocios;Business;2704;5;5;0;satisfecho
92446;M;48;NO;Negocios;Business;2092;5;4;8;neutral o insatisfecho
99223;F;47;SI;Negocios;Business;3748;5;4;4;satisfecho
58567;F;20;SI;Negocios;Business;1186;5;3;5;satisfecho
99783;F;22;NO;Negocios;Eco;584;4;4;5;neutral o insatisfecho
92008;F;24;NO;Negocios;Eco;1517;3;3;13;neutral o insatisfecho
5236;M;59;SI;Negocios;Business;3912;5;5;125;satisfecho
46869;F;35;SI;Negocios;Eco;844;5;3;32;satisfecho
67779;M;60;SI;Negocios;Business;3352;4;3;0;neutral o insatisfecho
92607;F;48;SI;Vacaciones;Eco;2218;4;2;0;neutral o insatisfecho
92451;F;18;SI;Negocios;Business;2139;3;2;0;neutral o insatisfecho
118408;M;36;NO;Negocios;Business;368;2;4;0;neutral o insatisfecho
32902;M;53;SI;Vacaciones;Eco;102;3;3;7;neutral o insatisfecho
78017;F;38;SI;Negocios;Eco;214;3;3;0;neutral o insatisfecho
13594;F;58;SI;Vacaciones;Eco;152;4;1;0;neutral o insatisfecho
59298;M;33;SI;Vacaciones;Business;2367;2;3;64;neutral o insatisfecho
19767;F;48;SI;Vacaciones;Eco Plus;779;1;3;219;neutral o insatisfecho
112552;F;19;SI;Negocios;Eco Plus;909;1;4;50;neutral o insatisfecho
21008;M;25;SI;Vacaciones;Eco Plus;851;2;5;0;neutral o insatisfecho
18740;M;26;NO;Negocios;Business;1167;4;1;0;neutral o insatisfecho
116670;F;42;SI;Negocios;Business;3674;5;5;0;satisfecho
87919;F;22;NO;Negocios;Business;594;5;5;0;satisfecho
9165;M;57;SI;Vacaciones;Eco;946;3;2;0;neutral o insatisfecho
3882;M;42;SI;Negocios;Business;213;4;1;59;neutral o insatisfecho
88616;M;22;SI;Vacaciones;Eco;271;5;1;0;neutral o insatisfecho
36031;F;73;SI;Negocios;Business;1765;3;4;0;satisfecho
82735;F;29;NO;Negocios;Business;409;5;5;0;satisfecho
95591;F;53;SI;Negocios;Business;3384;4;5;37;satisfecho
28391;M;55;SI;Vacaciones;Eco;763;2;5;0;neutral o insatisfecho
22369;M;45;SI;Negocios;Business;3000;3;1;120;neutral o insatisfecho
108261;M;53;SI;Negocios;Business;2537;4;4;29;satisfecho
71149;F;42;SI;Negocios;Business;1906;5;4;28;satisfecho
85978;M;29;SI;Negocios;Business;528;4;4;0;satisfecho
122324;M;51;SI;Negocios;Eco Plus;544;2;1;0;neutral o insatisfecho
2711;M;53;SI;Vacaciones;Eco;562;3;5;0;neutral o insatisfecho
87709;M;61;SI;Vacaciones;Eco;606;1;5;70;neutral o insatisfecho
25640;M;50;SI;Vacaciones;Eco;666;5;1;6;neutral o insatisfecho
16719;M;58;SI;Negocios;Eco Plus;284;5;3;60;satisfecho
27541;F;66;SI;Vacaciones;Eco;605;4;5;0;neutral o insatisfecho
122184;M;43;SI;Negocios;Business;3984;4;2;7;satisfecho
12928;F;45;SI;Vacaciones;Eco;794;4;5;338;neutral o insatisfecho
110236;M;18;NO;Negocios;Eco;1147;3;4;0;neutral o insatisfecho
95972;M;39;SI;Negocios;Business;583;5;5;11;satisfecho
2076;F;42;SI;Negocios;Eco;812;2;5;39;satisfecho
94890;M;43;NO;Negocios;Eco;239;5;3;2;neutral o insatisfecho
27367;F;25;NO;Negocios;Eco;1050;2;4;0;satisfecho
88037;M;31;SI;Negocios;Business;3502;4;5;26;satisfecho
98932;F;55;SI;Negocios;Business;3678;2;4;9;neutral o insatisfecho
23574;F;29;SI;Vacaciones;Eco;1015;5;4;32;neutral o insatisfecho
91329;F;20;NO;Negocios;Eco;406;1;2;0;neutral o insatisfecho
117072;M;73;SI;Negocios;Eco;325;1;2;1;neutral o insatisfecho
73246;F;26;SI;Negocios;Business;3986;4;4;0;satisfecho
100176;M;38;SI;Vacaciones;Eco;717;2;2;6;neutral o insatisfecho
46502;F;35;NO;Negocios;Eco;73;3;1;31;neutral o insatisfecho
2932;F;37;SI;Vacaciones;Eco;806;2;2;0;neutral o insatisfecho
126660;F;64;SI;Vacaciones;Eco;602;4;3;0;neutral o insatisfecho
100555;F;60;SI;Vacaciones;Eco Plus;759;4;1;0;satisfecho
93791;M;50;NO;Negocios;Business;1259;2;3;0;neutral o insatisfecho
2722;F;56;SI;Negocios;Business;2645;5;4;227;satisfecho
95264;F;46;SI;Vacaciones;Eco;187;4;5;0;neutral o insatisfecho
107392;M;25;NO;Negocios;Business;523;4;4;0;neutral o insatisfecho
10582;M;37;SI;Negocios;Business;3217;5;5;0;satisfecho
34675;F;51;SI;Negocios;Eco;264;1;4;0;satisfecho
57193;M;29;SI;Negocios;Business;1514;5;3;5;satisfecho
90431;F;38;SI;Negocios;Business;545;5;5;0;satisfecho
4729;F;44;SI;Negocios;Business;2171;5;4;83;satisfecho
110402;M;42;SI;Negocios;Eco;883;2;4;44;neutral o insatisfecho
56956;M;51;SI;Negocios;Business;2425;1;1;4;neutral o insatisfecho
45802;M;46;SI;Negocios;Eco;391;2;2;0;satisfecho
78259;F;20;SI;Negocios;Business;2783;3;3;0;neutral o insatisfecho
113114;M;60;SI;Vacaciones;Eco;543;2;4;34;neutral o insatisfecho
108498;M;41;SI;Negocios;Business;287;5;4;0;satisfecho
54092;F;31;SI;Vacaciones;Eco;1416;5;3;0;neutral o insatisfecho
120578;M;35;SI;Negocios;Business;2231;4;4;0;satisfecho
23026;M;54;SI;Negocios;Business;1080;5;5;0;satisfecho
101770;F;26;NO;Negocios;Business;1521;2;4;0;satisfecho
23251;M;34;SI;Negocios;Business;783;2;3;0;satisfecho
51684;M;25;SI;Negocios;Business;493;3;1;0;neutral o insatisfecho
90354;M;42;SI;Negocios;Business;406;5;5;0;satisfecho
32800;F;65;SI;Negocios;Business;2197;4;5;3;satisfecho
128288;M;56;SI;Negocios;Business;3622;4;3;14;satisfecho
42505;F;66;SI;Vacaciones;Eco;541;4;5;0;neutral o insatisfecho
62223;F;68;SI;Vacaciones;Eco;2565;3;3;0;satisfecho
88049;M;31;SI;Negocios;Business;1639;3;5;1;satisfecho
40618;F;34;SI;Vacaciones;Eco;391;2;4;0;neutral o insatisfecho
28693;M;46;SI;Negocios;Business;2182;3;5;0;satisfecho
46460;M;56;SI;Negocios;Business;125;4;5;19;satisfecho
96893;F;69;SI;Vacaciones;Eco;1105;4;4;20;neutral o insatisfecho
123673;M;58;SI;Negocios;Business;1614;3;2;0;neutral o insatisfecho
24031;F;43;SI;Negocios;Eco;427;5;5;1;satisfecho
69879;F;27;SI;Negocios;Business;2248;2;5;0;satisfecho
82212;M;49;SI;Negocios;Business;405;5;4;0;satisfecho
70140;F;69;SI;Vacaciones;Eco;460;3;1;0;satisfecho
62720;F;25;SI;Negocios;Business;2486;5;5;0;satisfecho
119591;F;43;SI;Negocios;Business;1979;4;4;0;neutral o insatisfecho
61784;F;64;SI;Vacaciones;Eco;1635;4;3;3;neutral o insatisfecho
33790;F;33;SI;Vacaciones;Eco;588;4;3;0;neutral o insatisfecho
40969;F;36;SI;Vacaciones;Eco;507;4;1;0;neutral o insatisfecho
19584;M;56;SI;Vacaciones;Eco;160;1;1;29;neutral o insatisfecho
18807;M;41;SI;Negocios;Eco;448;5;5;0;satisfecho
54874;F;22;SI;Negocios;Eco;862;1;3;23;neutral o insatisfecho
99704;F;43;SI;Negocios;Business;2026;4;1;14;neutral o insatisfecho
70564;F;30;NO;Negocios;Eco;858;3;3;0;neutral o insatisfecho
91135;F;51;SI;Vacaciones;Eco;406;5;5;6;neutral o insatisfecho
88964;M;25;NO;Negocios;Eco;1199;5;4;6;satisfecho
126059;F;41;SI;Negocios;Business;3615;5;5;0;satisfecho
12577;F;26;NO;Negocios;Eco;542;4;5;13;satisfecho
67739;M;49;SI;Negocios;Business;1205;3;4;0;neutral o insatisfecho
111707;F;54;SI;Negocios;Eco;495;4;1;56;neutral o insatisfecho
76938;F;41;SI;Negocios;Business;1727;5;5;0;satisfecho
44143;M;53;SI;Vacaciones;Eco;98;3;4;45;neutral o insatisfecho
91703;M;41;SI;Negocios;Business;2486;4;4;0;satisfecho
101975;M;58;SI;Vacaciones;Eco;628;5;4;17;neutral o insatisfecho
66130;F;55;SI;Vacaciones;Eco;583;4;5;69;neutral o insatisfecho
788;F;30;NO;Negocios;Business;89;2;4;9;neutral o insatisfecho
66262;M;34;SI;Vacaciones;Eco;550;3;3;0;neutral o insatisfecho
102219;M;23;NO;Negocios;Business;407;4;4;38;satisfecho
8382;M;61;SI;Vacaciones;Eco;701;4;5;0;neutral o insatisfecho
19201;F;29;SI;Vacaciones;Eco;542;5;2;0;neutral o insatisfecho
34752;F;27;NO;Negocios;Eco;264;3;3;0;neutral o insatisfecho
57291;M;28;SI;Vacaciones;Eco Plus;628;4;2;0;satisfecho
126462;M;51;SI;Negocios;Business;1849;5;4;0;satisfecho
13471;M;31;SI;Negocios;Eco Plus;409;5;5;7;satisfecho
53183;F;39;SI;Negocios;Eco;589;4;4;31;satisfecho
78724;F;37;SI;Negocios;Business;2130;4;5;21;satisfecho
112529;F;60;SI;Vacaciones;Eco;957;4;2;118;neutral o insatisfecho
100739;M;42;SI;Negocios;Eco;328;2;4;28;neutral o insatisfecho
22032;F;30;SI;Vacaciones;Eco Plus;503;2;4;0;neutral o insatisfecho
121059;F;46;SI;Vacaciones;Eco;992;5;5;0;neutral o insatisfecho
56983;M;33;SI;Vacaciones;Eco;2565;2;2;0;neutral o insatisfecho
32847;M;49;SI;Vacaciones;Eco;101;2;2;0;neutral o insatisfecho
109748;F;40;SI;Vacaciones;Eco;534;1;5;0;neutral o insatisfecho
16647;M;46;SI;Negocios;Business;3771;3;4;9;satisfecho
19654;M;20;NO;Negocios;Eco;363;4;4;0;neutral o insatisfecho
57042;M;67;SI;Vacaciones;Business;2133;3;4;23;neutral o insatisfecho
4357;M;39;SI;Negocios;Business;2142;5;4;0;satisfecho
14710;M;61;SI;Vacaciones;Eco;419;2;3;0;neutral o insatisfecho
66404;F;55;SI;Negocios;Eco;1562;3;2;0;neutral o insatisfecho
85325;F;68;SI;Vacaciones;Eco;813;3;2;1;neutral o insatisfecho
73344;F;47;SI;Negocios;Business;1182;3;2;11;neutral o insatisfecho
81368;M;46;SI;Negocios;Business;1671;4;5;0;satisfecho
103834;F;22;SI;Negocios;Eco;1048;1;4;18;neutral o insatisfecho
38492;M;48;SI;Negocios;Eco;2475;1;2;8;satisfecho
39324;F;35;SI;Negocios;Eco Plus;67;4;1;4;satisfecho
119949;M;56;SI;Negocios;Business;2934;4;4;0;satisfecho
110172;F;42;SI;Vacaciones;Eco;979;4;1;46;neutral o insatisfecho
83923;M;28;NO;Negocios;Business;321;5;3;12;neutral o insatisfecho
79424;F;57;SI;Vacaciones;Eco;502;5;4;0;neutral o insatisfecho
115742;M;44;SI;Negocios;Business;1736;5;5;0;satisfecho
81428;M;32;SI;Vacaciones;Eco;393;3;4;0;neutral o insatisfecho
52948;M;53;SI;Negocios;Eco;1048;4;2;9;satisfecho
20039;F;33;SI;Negocios;Business;1948;4;3;0;neutral o insatisfecho
60346;F;49;SI;Vacaciones;Eco;1024;4;5;7;neutral o insatisfecho
122314;F;30;SI;Negocios;Business;541;5;5;52;satisfecho
17438;M;35;SI;Vacaciones;Eco;376;2;4;0;neutral o insatisfecho
544;M;30;SI;Negocios;Business;3904;3;3;0;satisfecho
120002;F;55;SI;Negocios;Business;328;4;5;0;satisfecho
59031;F;23;SI;Negocios;Business;1846;3;2;9;neutral o insatisfecho
87570;F;33;SI;Negocios;Business;432;5;5;0;satisfecho
73736;F;63;SI;Vacaciones;Eco;192;4;1;0;neutral o insatisfecho
59257;M;66;SI;Vacaciones;Eco;3904;1;3;1;neutral o insatisfecho
123028;M;22;NO;Negocios;Eco;468;1;5;0;satisfecho
49306;M;37;SI;Negocios;Eco;421;4;1;0;satisfecho
88672;F;44;SI;Vacaciones;Eco;444;4;2;10;neutral o insatisfecho
36476;M;65;SI;Negocios;Business;3509;2;3;0;neutral o insatisfecho
105529;F;22;NO;Negocios;Eco;611;3;5;0;neutral o insatisfecho
101687;F;37;NO;Negocios;Business;1500;3;4;0;satisfecho
1206;M;27;SI;Vacaciones;Eco;354;1;3;16;neutral o insatisfecho
125904;F;59;SI;Vacaciones;Eco;951;4;2;0;neutral o insatisfecho
93722;F;40;SI;Negocios;Business;2912;3;1;0;neutral o insatisfecho
96739;F;39;SI;Negocios;Business;2549;4;5;29;satisfecho
33404;M;26;SI;Negocios;Eco;2349;3;4;0;satisfecho
28674;M;22;SI;Negocios;Business;2797;4;3;0;satisfecho
104687;F;61;SI;Negocios;Eco;159;4;2;0;neutral o insatisfecho
104896;M;40;SI;Negocios;Business;1565;4;2;14;neutral o insatisfecho
13211;M;28;NO;Negocios;Business;468;4;4;0;neutral o insatisfecho
5647;M;49;SI;Vacaciones;Business;299;3;3;0;neutral o insatisfecho
93742;F;41;SI;Negocios;Business;3600;4;4;0;satisfecho
56739;F;43;SI;Vacaciones;Eco;1023;4;3;0;neutral o insatisfecho
91893;F;48;SI;Negocios;Business;2475;4;4;0;satisfecho
95666;F;23;NO;Negocios;Eco;1131;5;5;57;neutral o insatisfecho
69134;M;50;SI;Negocios;Business;2248;4;5;0;satisfecho
107892;M;56;NO;Negocios;Business;461;4;3;31;neutral o insatisfecho
79137;F;52;SI;Negocios;Business;2692;5;5;0;satisfecho
78278;M;24;NO;Negocios;Business;1598;1;5;2;satisfecho
126139;M;27;SI;Negocios;Business;3014;2;4;0;neutral o insatisfecho
91932;F;38;SI;Negocios;Business;2475;3;4;13;neutral o insatisfecho
112120;F;57;SI;Negocios;Business;1755;4;4;0;satisfecho
98779;M;50;SI;Negocios;Business;3376;4;3;26;satisfecho
56751;F;59;SI;Negocios;Business;2484;5;5;0;satisfecho
35342;F;47;SI;Negocios;Business;2668;4;5;0;satisfecho
17;F;48;SI;Vacaciones;Eco;821;1;5;0;neutral o insatisfecho
116838;F;21;NO;Negocios;Business;370;2;3;0;satisfecho
109153;M;55;SI;Negocios;Business;612;5;4;13;satisfecho
107923;F;42;SI;Negocios;Business;611;5;4;0;satisfecho
28487;F;29;SI;Negocios;Business;1739;1;2;6;neutral o insatisfecho
84016;F;58;SI;Vacaciones;Eco;321;3;3;0;neutral o insatisfecho
95739;F;37;SI;Negocios;Business;3886;3;3;18;neutral o insatisfecho
43399;M;51;SI;Vacaciones;Eco;347;2;3;0;satisfecho
103377;M;66;SI;Negocios;Business;1640;5;1;4;satisfecho
65887;M;52;SI;Negocios;Business;2296;4;3;0;satisfecho
62145;F;34;SI;Negocios;Business;2565;5;5;0;satisfecho
32676;F;36;SI;Negocios;Business;101;4;4;0;neutral o insatisfecho
50562;M;56;SI;Vacaciones;Eco;86;4;4;0;neutral o insatisfecho
5362;F;20;SI;Negocios;Business;2037;4;3;0;satisfecho
20466;M;60;SI;Vacaciones;Eco;84;3;4;0;satisfecho
111997;M;39;SI;Negocios;Business;2700;4;3;1;satisfecho
53303;M;38;NO;Negocios;Eco;411;1;2;119;neutral o insatisfecho
92175;F;48;SI;Negocios;Business;2079;4;4;291;satisfecho
72810;M;26;NO;Negocios;Business;1045;1;5;0;neutral o insatisfecho
78346;M;20;SI;Vacaciones;Eco;1547;2;4;0;neutral o insatisfecho
69030;M;51;SI;Negocios;Business;1389;4;4;0;satisfecho
25818;F;57;SI;Vacaciones;Eco;1747;4;1;5;neutral o insatisfecho
15978;F;52;SI;Negocios;Business;1570;5;3;25;satisfecho
83571;M;55;SI;Negocios;Business;936;3;1;0;neutral o insatisfecho
80876;M;29;SI;Vacaciones;Eco;484;2;1;11;neutral o insatisfecho
45188;M;50;SI;Negocios;Business;1437;1;5;91;satisfecho
59757;F;36;NO;Negocios;Business;895;1;3;0;neutral o insatisfecho
94770;F;60;SI;Negocios;Business;239;5;2;2;satisfecho
26930;F;39;SI;Vacaciones;Eco;1660;1;3;0;neutral o insatisfecho
23419;F;38;SI;Vacaciones;Eco;541;1;5;114;neutral o insatisfecho
45672;M;37;SI;Negocios;Eco;826;4;3;37;satisfecho
26380;M;64;SI;Vacaciones;Eco;991;1;3;0;neutral o insatisfecho
107659;F;50;SI;Negocios;Business;1771;4;4;7;satisfecho
66205;M;39;SI;Negocios;Eco;460;1;1;0;neutral o insatisfecho
101557;F;51;SI;Negocios;Business;3313;4;1;0;satisfecho
100684;F;23;SI;Negocios;Eco;889;2;3;12;neutral o insatisfecho
8976;M;53;SI;Negocios;Business;2214;5;5;0;satisfecho
47599;F;20;NO;Negocios;Eco;1428;1;3;0;neutral o insatisfecho
34716;M;56;SI;Negocios;Eco;264;5;4;172;satisfecho
90691;M;47;SI;Negocios;Business;3560;4;5;3;satisfecho
70297;F;59;SI;Vacaciones;Eco;852;5;4;2;neutral o insatisfecho
74007;F;65;SI;Vacaciones;Eco;1972;4;3;0;neutral o insatisfecho
6885;M;46;SI;Negocios;Business;3538;5;5;2;satisfecho
68499;M;41;SI;Vacaciones;Eco;1303;5;3;0;neutral o insatisfecho
13823;M;41;SI;Negocios;Eco;628;5;5;10;satisfecho
94970;F;21;NO;Negocios;Eco;319;1;3;13;satisfecho
49382;F;36;NO;Negocios;Eco;337;4;1;1;neutral o insatisfecho
95446;M;54;SI;Negocios;Business;2011;5;5;11;satisfecho
126796;F;59;SI;Negocios;Business;2077;5;4;0;satisfecho
3499;M;69;SI;Vacaciones;Eco;1080;3;3;0;neutral o insatisfecho
65850;F;47;SI;Negocios;Eco;991;4;3;19;neutral o insatisfecho
82348;M;44;SI;Negocios;Eco;201;5;3;0;neutral o insatisfecho
36879;M;23;SI;Negocios;Business;3017;3;3;8;satisfecho
2777;F;57;SI;Negocios;Business;2054;4;5;0;satisfecho
118422;M;20;NO;Negocios;Eco;646;2;3;0;satisfecho
120536;M;43;SI;Negocios;Business;2176;3;4;0;neutral o insatisfecho
128505;M;49;SI;Vacaciones;Eco;338;3;4;1;neutral o insatisfecho
30592;F;31;SI;Negocios;Eco Plus;628;4;1;0;satisfecho
29878;F;36;NO;Negocios;Eco;234;4;3;0;neutral o insatisfecho
44814;M;47;SI;Vacaciones;Eco;802;3;2;65;neutral o insatisfecho
78965;M;41;SI;Negocios;Business;2946;5;5;10;satisfecho
13537;F;24;NO;Negocios;Eco;152;5;2;0;satisfecho
24656;F;47;SI;Negocios;Business;834;2;2;15;neutral o insatisfecho
55599;M;56;SI;Negocios;Business;2773;5;5;0;satisfecho
114580;M;60;SI;Negocios;Business;3162;4;4;0;satisfecho
92134;M;50;SI;Vacaciones;Eco;1522;3;4;0;neutral o insatisfecho
20145;M;47;SI;Negocios;Business;1740;4;4;31;satisfecho
39979;M;19;NO;Negocios;Eco;1404;2;1;40;neutral o insatisfecho
40727;F;33;NO;Negocios;Eco;599;3;1;0;neutral o insatisfecho
46481;F;46;SI;Vacaciones;Business;73;5;1;17;neutral o insatisfecho
89102;F;22;SI;Negocios;Business;1919;3;3;10;satisfecho
121021;M;44;SI;Vacaciones;Eco;920;4;3;14;neutral o insatisfecho
4208;F;24;NO;Negocios;Business;888;3;3;0;satisfecho
85662;F;21;NO;Negocios;Business;903;3;5;82;satisfecho
60385;F;52;SI;Negocios;Business;1452;5;5;1;satisfecho
33540;M;60;SI;Negocios;Business;3470;3;1;0;neutral o insatisfecho
64687;F;49;SI;Negocios;Business;224;5;5;46;satisfecho
15807;M;45;SI;Vacaciones;Eco;246;4;1;0;neutral o insatisfecho
72628;M;64;SI;Vacaciones;Eco;1121;2;5;0;neutral o insatisfecho
91728;F;45;SI;Negocios;Business;588;5;2;0;satisfecho
69297;M;54;SI;Vacaciones;Eco Plus;733;1;3;0;neutral o insatisfecho
28320;F;43;SI;Negocios;Eco;867;2;5;18;satisfecho
32388;F;55;SI;Negocios;Eco;101;2;4;0;satisfecho
26542;M;68;SI;Vacaciones;Eco;990;4;4;78;neutral o insatisfecho
64611;M;57;SI;Negocios;Business;551;5;5;0;satisfecho
62710;F;56;SI;Negocios;Business;2556;4;4;2;satisfecho
21504;F;41;SI;Vacaciones;Eco;433;4;5;23;neutral o insatisfecho
60124;F;29;SI;Negocios;Business;2410;4;4;12;neutral o insatisfecho
129255;M;27;SI;Vacaciones;Eco;1504;1;5;0;neutral o insatisfecho
14243;M;43;SI;Negocios;Eco;1027;4;1;10;satisfecho
90698;F;36;NO;Negocios;Business;646;4;5;0;neutral o insatisfecho
80263;F;66;SI;Vacaciones;Business;488;3;4;0;neutral o insatisfecho
42628;F;31;SI;Negocios;Business;1565;2;1;62;neutral o insatisfecho
67259;M;68;SI;Vacaciones;Eco;1121;3;4;0;satisfecho
24616;F;22;NO;Negocios;Eco;666;2;1;115;neutral o insatisfecho
102882;F;20;SI;Vacaciones;Eco;472;4;3;3;neutral o insatisfecho
19426;M;28;SI;Negocios;Business;645;5;3;11;satisfecho
122864;M;29;SI;Negocios;Business;2947;3;1;43;neutral o insatisfecho
99203;F;23;SI;Vacaciones;Eco;691;1;5;1;neutral o insatisfecho
85358;F;35;SI;Vacaciones;Eco Plus;689;1;5;0;neutral o insatisfecho
15043;M;24;NO;Negocios;Eco;576;3;2;54;neutral o insatisfecho
83251;F;34;NO;Negocios;Business;1956;2;3;0;neutral o insatisfecho
49120;F;34;SI;Negocios;Business;1840;1;5;0;satisfecho
125682;M;41;SI;Negocios;Eco;759;3;1;0;neutral o insatisfecho
57078;M;25;NO;Negocios;Business;1222;5;5;24;satisfecho
25003;F;55;SI;Vacaciones;Eco;484;5;5;0;neutral o insatisfecho
101926;F;58;SI;Negocios;Business;628;5;4;77;satisfecho
20100;F;20;NO;Negocios;Eco;466;5;5;51;satisfecho
62157;F;52;SI;Negocios;Business;2454;4;5;13;satisfecho
46391;F;31;SI;Vacaciones;Eco;1013;3;3;0;neutral o insatisfecho
60986;M;34;SI;Negocios;Business;1805;4;4;3;satisfecho
73329;F;51;SI;Negocios;Business;1197;5;5;0;satisfecho
87213;M;66;SI;Vacaciones;Eco;946;3;2;0;neutral o insatisfecho
30634;M;48;SI;Negocios;Business;3158;4;3;1;neutral o insatisfecho
33004;F;42;SI;Vacaciones;Eco;163;5;5;0;neutral o insatisfecho
70953;F;24;NO;Negocios;Business;612;5;5;0;satisfecho
23661;M;36;SI;Negocios;Eco;196;4;2;52;satisfecho
70704;M;36;SI;Negocios;Business;675;5;4;0;satisfecho
33291;F;27;SI;Vacaciones;Eco Plus;102;3;2;0;satisfecho
2683;M;21;SI;Vacaciones;Eco;539;4;5;0;neutral o insatisfecho
80612;M;41;SI;Negocios;Business;236;4;3;0;satisfecho
47763;M;43;SI;Negocios;Business;2294;3;4;0;satisfecho
43469;M;29;NO;Negocios;Eco;679;2;4;0;neutral o insatisfecho
22996;F;45;SI;Vacaciones;Eco;489;4;5;0;neutral o insatisfecho
74282;F;22;SI;Negocios;Business;2311;4;4;0;satisfecho
114252;M;39;SI;Negocios;Business;3010;2;4;20;satisfecho
94748;M;57;SI;Negocios;Business;239;4;1;14;neutral o insatisfecho
5187;F;46;SI;Negocios;Business;3052;4;5;0;satisfecho
94817;F;22;SI;Negocios;Business;3889;2;5;0;satisfecho
30372;M;25;SI;Negocios;Business;641;5;2;16;satisfecho
5691;M;35;SI;Negocios;Eco;196;1;2;0;neutral o insatisfecho
24489;F;67;SI;Negocios;Business;2709;3;5;0;satisfecho
56640;F;30;NO;Negocios;Business;937;3;5;0;satisfecho
70255;F;85;SI;Negocios;Business;992;5;4;0;satisfecho
89814;F;47;SI;Negocios;Business;1981;4;2;12;satisfecho
75680;M;25;NO;Negocios;Business;868;4;2;8;neutral o insatisfecho
51720;M;66;SI;Vacaciones;Eco;451;3;1;13;neutral o insatisfecho
59251;M;49;SI;Negocios;Business;2301;2;3;31;neutral o insatisfecho
118360;M;49;SI;Vacaciones;Eco;639;5;5;20;neutral o insatisfecho
115187;F;25;SI;Negocios;Business;2386;5;4;13;satisfecho
45965;M;25;SI;Negocios;Business;872;4;4;2;satisfecho
129115;F;36;SI;Vacaciones;Eco Plus;2583;5;4;0;neutral o insatisfecho
11787;M;59;SI;Vacaciones;Eco;429;1;5;53;neutral o insatisfecho
7846;F;44;SI;Negocios;Business;3830;5;5;0;satisfecho
83196;M;39;SI;Negocios;Business;2711;5;5;5;satisfecho
30009;M;49;SI;Negocios;Business;3029;3;5;0;satisfecho
66928;M;48;SI;Negocios;Business;3018;4;4;0;satisfecho
20646;F;59;SI;Negocios;Business;552;4;4;7;satisfecho
108714;M;61;SI;Negocios;Business;321;5;5;13;satisfecho
124432;F;29;SI;Vacaciones;Eco;1262;4;3;0;neutral o insatisfecho
114008;M;34;SI;Vacaciones;Eco;1750;5;4;2;satisfecho
104264;M;40;SI;Negocios;Business;456;5;2;0;satisfecho
67388;M;20;NO;Negocios;Business;769;5;3;21;satisfecho
79746;M;30;SI;Negocios;Eco Plus;762;2;3;11;neutral o insatisfecho
90799;M;38;SI;Negocios;Business;3248;5;4;0;satisfecho
68987;M;66;SI;Vacaciones;Eco;2239;1;4;0;satisfecho
115683;M;23;SI;Negocios;Eco;337;3;3;17;neutral o insatisfecho
76689;M;61;SI;Vacaciones;Eco;516;2;2;1;neutral o insatisfecho
44898;M;52;SI;Negocios;Eco;536;5;2;0;satisfecho
127344;M;59;SI;Negocios;Business;3000;5;4;11;satisfecho
117655;F;42;SI;Negocios;Business;1449;4;3;0;satisfecho
1541;M;53;SI;Negocios;Business;987;4;3;0;neutral o insatisfecho
74576;M;50;SI;Negocios;Eco;1464;2;4;0;neutral o insatisfecho
84831;M;38;SI;Negocios;Eco;481;3;2;5;neutral o insatisfecho
74255;F;18;SI;Vacaciones;Eco;1709;2;4;0;neutral o insatisfecho
116607;M;40;SI;Negocios;Business;358;5;5;84;satisfecho
41589;M;62;SI;Vacaciones;Eco;1464;5;4;0;neutral o insatisfecho
55573;M;47;SI;Negocios;Business;1091;5;4;0;satisfecho
99877;F;22;SI;Negocios;Business;1436;5;2;1;satisfecho
18745;M;49;SI;Negocios;Eco;1167;4;2;0;satisfecho
93598;F;57;SI;Negocios;Business;577;4;5;0;satisfecho
72372;M;54;SI;Negocios;Business;1580;4;4;0;satisfecho
55203;M;24;SI;Vacaciones;Eco Plus;1379;4;5;0;satisfecho
20777;M;41;SI;Negocios;Business;3225;4;4;0;satisfecho
29783;M;42;SI;Negocios;Business;234;3;3;0;neutral o insatisfecho
7834;M;27;SI;Vacaciones;Eco;650;1;2;0;neutral o insatisfecho
44788;M;66;SI;Vacaciones;Eco;1250;5;4;0;neutral o insatisfecho
8127;F;51;SI;Negocios;Business;1812;5;2;0;satisfecho
19685;M;52;SI;Negocios;Eco;409;4;4;69;neutral o insatisfecho
33702;F;24;SI;Negocios;Business;1833;1;3;9;neutral o insatisfecho
72957;M;37;NO;Negocios;Business;1096;1;3;0;neutral o insatisfecho
109724;F;23;NO;Negocios;Eco;587;3;3;0;neutral o insatisfecho
53135;M;38;SI;Negocios;Business;2480;2;4;12;satisfecho
97354;F;37;NO;Negocios;Eco;347;3;1;0;neutral o insatisfecho
68531;M;25;SI;Negocios;Business;1013;4;3;0;satisfecho
10959;F;43;SI;Negocios;Eco;458;4;4;0;satisfecho
35580;M;21;SI;Negocios;Eco Plus;944;5;1;38;satisfecho
287;M;55;SI;Negocios;Business;3433;5;5;0;satisfecho
126831;F;66;SI;Negocios;Eco;2125;1;1;0;neutral o insatisfecho
41657;M;69;SI;Negocios;Business;1865;5;4;0;satisfecho
78529;M;66;SI;Vacaciones;Eco;666;1;2;0;neutral o insatisfecho
13866;M;29;SI;Negocios;Eco;667;5;5;0;satisfecho
4569;F;23;SI;Vacaciones;Eco;561;4;1;0;neutral o insatisfecho
49595;M;31;SI;Negocios;Eco;190;1;5;30;satisfecho
102000;F;54;SI;Vacaciones;Eco;628;4;3;1;neutral o insatisfecho
94041;M;42;SI;Negocios;Business;2993;4;4;0;satisfecho
106722;F;52;SI;Negocios;Business;2274;5;3;0;satisfecho
106082;F;39;SI;Negocios;Business;1657;5;4;19;satisfecho
111066;M;44;SI;Vacaciones;Eco;197;1;4;0;neutral o insatisfecho
72183;M;47;SI;Negocios;Business;2088;4;5;15;satisfecho
2373;M;45;SI;Negocios;Business;604;5;2;32;satisfecho
102769;M;41;SI;Vacaciones;Eco;1618;1;5;82;neutral o insatisfecho
19746;M;25;SI;Negocios;Eco Plus;409;1;5;0;satisfecho
4334;M;41;SI;Negocios;Business;618;5;2;41;satisfecho
54099;F;29;SI;Negocios;Eco Plus;1416;3;3;14;satisfecho
26869;M;34;SI;Negocios;Business;2329;2;3;67;satisfecho
106433;F;55;SI;Negocios;Business;1678;4;5;6;satisfecho
36287;F;50;SI;Negocios;Business;3882;3;1;0;neutral o insatisfecho
84519;F;55;NO;Negocios;Business;2615;1;4;0;neutral o insatisfecho
79176;F;20;NO;Negocios;Business;2422;2;3;12;satisfecho
90948;F;26;NO;Negocios;Eco;545;3;5;0;neutral o insatisfecho
85844;M;39;SI;Vacaciones;Eco;666;2;3;0;satisfecho
35406;F;45;SI;Negocios;Eco;676;1;5;0;satisfecho
58350;M;33;SI;Negocios;Eco Plus;315;1;1;5;satisfecho
30357;F;42;SI;Negocios;Business;641;5;3;0;satisfecho
62171;M;33;SI;Negocios;Business;2454;4;4;12;satisfecho
12887;M;49;SI;Negocios;Business;456;2;4;1;satisfecho
95543;M;31;SI;Vacaciones;Eco Plus;192;1;4;19;neutral o insatisfecho
64546;M;22;NO;Negocios;Business;190;4;3;0;satisfecho
8334;F;26;SI;Negocios;Business;661;4;3;43;satisfecho
95394;M;37;SI;Vacaciones;Eco;239;1;4;50;neutral o insatisfecho
65582;F;46;SI;Negocios;Business;3796;1;2;0;neutral o insatisfecho
14865;M;23;NO;Negocios;Eco;240;1;1;0;satisfecho
8451;M;56;SI;Negocios;Eco;1379;1;2;0;neutral o insatisfecho
116375;F;28;SI;Vacaciones;Eco;337;4;4;0;satisfecho
59000;F;60;SI;Negocios;Business;1744;5;4;102;satisfecho
120427;M;21;NO;Negocios;Eco;366;5;2;0;neutral o insatisfecho
114656;F;30;NO;Negocios;Business;480;2;3;11;neutral o insatisfecho
92018;M;56;SI;Negocios;Business;1522;4;4;0;satisfecho
84620;M;47;SI;Negocios;Eco;269;2;3;34;neutral o insatisfecho
125411;F;39;SI;Negocios;Business;735;5;2;0;satisfecho
115241;F;53;SI;Negocios;Business;308;4;4;0;satisfecho
44794;M;62;SI;Negocios;Eco Plus;1250;4;1;0;satisfecho
94037;F;47;SI;Negocios;Business;239;5;5;3;satisfecho
27560;M;34;SI;Vacaciones;Eco;937;2;1;20;neutral o insatisfecho
9968;M;67;SI;Vacaciones;Eco;508;5;1;0;neutral o insatisfecho
29491;M;43;SI;Negocios;Eco;1107;2;4;0;neutral o insatisfecho
82233;M;64;SI;Vacaciones;Eco;405;3;5;83;neutral o insatisfecho
81158;F;29;SI;Negocios;Business;700;1;5;0;satisfecho
112251;M;58;SI;Negocios;Business;1506;4;5;12;satisfecho
46131;F;48;SI;Negocios;Business;3825;3;4;0;satisfecho
68079;M;27;NO;Negocios;Eco;813;2;1;17;neutral o insatisfecho
115161;M;54;SI;Negocios;Business;3106;4;5;0;satisfecho
55633;M;72;SI;Negocios;Business;1824;5;5;0;satisfecho
118357;M;68;SI;Vacaciones;Eco;602;3;2;13;neutral o insatisfecho
79057;M;63;SI;Negocios;Eco;356;1;4;66;neutral o insatisfecho
66436;F;26;NO;Negocios;Business;1217;5;5;0;neutral o insatisfecho
121405;M;47;SI;Negocios;Business;3175;5;4;0;satisfecho
19523;F;26;NO;Negocios;Business;173;2;3;51;satisfecho
49633;F;33;SI;Negocios;Business;2213;3;3;0;satisfecho
115541;M;45;SI;Negocios;Business;3318;2;2;0;neutral o insatisfecho
7558;F;59;SI;Vacaciones;Eco;606;4;3;1;neutral o insatisfecho
16911;M;29;SI;Vacaciones;Eco;746;1;3;0;neutral o insatisfecho
29885;M;36;SI;Negocios;Business;95;1;4;0;satisfecho
5331;F;43;SI;Negocios;Business;1916;4;4;17;satisfecho
55307;M;70;SI;Vacaciones;Eco;2072;4;3;0;neutral o insatisfecho
37201;F;69;SI;Vacaciones;Eco Plus;1288;5;2;32;neutral o insatisfecho
127128;F;33;SI;Vacaciones;Eco;370;1;2;0;satisfecho
51079;F;28;SI;Vacaciones;Eco;308;2;4;8;neutral o insatisfecho
118256;F;30;NO;Negocios;Eco;1328;4;3;0;neutral o insatisfecho
15386;M;41;SI;Negocios;Eco;306;4;2;0;satisfecho
21780;M;45;SI;Negocios;Eco;352;5;1;26;satisfecho
28072;F;21;SI;Vacaciones;Eco;2607;5;4;0;neutral o insatisfecho
5202;F;24;NO;Negocios;Eco;293;1;4;9;neutral o insatisfecho
94365;F;50;SI;Negocios;Business;2625;5;4;3;satisfecho
114931;F;37;NO;Negocios;Business;325;3;5;20;satisfecho
68607;F;59;SI;Vacaciones;Eco;1739;5;1;1;neutral o insatisfecho
72896;F;60;SI;Negocios;Business;2193;5;4;7;satisfecho
61859;F;57;SI;Vacaciones;Eco Plus;1346;5;5;0;neutral o insatisfecho
121817;M;45;SI;Negocios;Business;449;4;4;0;satisfecho
51989;M;35;SI;Vacaciones;Eco Plus;347;1;3;0;neutral o insatisfecho
52296;M;44;NO;Negocios;Eco;237;4;3;0;neutral o insatisfecho
89246;M;51;SI;Vacaciones;Eco Plus;1947;1;4;11;neutral o insatisfecho
61687;M;59;SI;Negocios;Business;1635;5;4;0;satisfecho
18344;F;45;SI;Negocios;Business;563;1;2;4;neutral o insatisfecho
93818;M;72;SI;Negocios;Business;3557;4;4;0;satisfecho
67928;M;39;SI;Vacaciones;Eco;1431;5;3;48;neutral o insatisfecho
109787;F;37;SI;Negocios;Business;1562;4;5;0;satisfecho
64403;F;41;NO;Negocios;Business;1192;2;3;0;neutral o insatisfecho
14430;M;35;SI;Negocios;Business;674;5;5;0;satisfecho
82814;M;66;SI;Vacaciones;Eco;235;1;3;0;satisfecho
77272;M;53;SI;Vacaciones;Business;1931;4;4;0;neutral o insatisfecho
110332;M;43;SI;Negocios;Business;919;4;3;0;satisfecho
127851;M;31;SI;Vacaciones;Business;1276;1;3;0;neutral o insatisfecho
39025;M;35;SI;Vacaciones;Eco;260;2;1;0;neutral o insatisfecho
105920;F;69;SI;Vacaciones;Eco Plus;283;4;5;20;satisfecho
104600;F;23;SI;Vacaciones;Eco;369;3;5;100;neutral o insatisfecho
14515;F;37;SI;Negocios;Business;362;4;4;9;satisfecho
61920;F;44;SI;Negocios;Business;1782;2;5;0;satisfecho
98665;M;26;SI;Vacaciones;Eco;966;1;1;56;satisfecho
27565;F;65;SI;Vacaciones;Eco;954;4;2;8;neutral o insatisfecho
117955;F;39;NO;Negocios;Eco;365;4;2;0;neutral o insatisfecho
102440;F;39;SI;Vacaciones;Eco;226;2;5;0;neutral o insatisfecho
102961;M;56;SI;Negocios;Business;460;4;5;2;satisfecho
25022;F;38;SI;Negocios;Eco;907;4;2;0;satisfecho
101497;F;71;SI;Negocios;Business;2710;3;1;7;neutral o insatisfecho
65274;M;18;SI;Vacaciones;Eco Plus;469;4;5;99;neutral o insatisfecho
7970;M;44;SI;Negocios;Business;3129;4;5;0;satisfecho
8903;M;26;NO;Negocios;Business;510;2;4;14;satisfecho
98878;F;54;NO;Negocios;Eco;591;5;2;1;neutral o insatisfecho
6327;M;39;SI;Negocios;Business;315;4;4;17;satisfecho
98830;F;20;SI;Vacaciones;Eco;763;2;5;44;neutral o insatisfecho
100273;F;47;SI;Negocios;Business;3901;4;5;0;satisfecho
44966;F;45;SI;Negocios;Business;3288;5;5;0;satisfecho
2060;M;43;SI;Negocios;Business;812;5;4;0;satisfecho
102029;F;55;SI;Negocios;Business;3180;5;5;0;satisfecho
118577;F;65;SI;Negocios;Business;325;3;2;85;neutral o insatisfecho
87633;M;25;NO;Negocios;Business;606;1;4;1;satisfecho
8988;M;63;SI;Vacaciones;Eco;799;3;4;0;neutral o insatisfecho
55572;M;28;NO;Negocios;Business;1091;3;2;0;neutral o insatisfecho
50477;M;35;NO;Negocios;Eco;209;2;3;0;neutral o insatisfecho
102164;M;59;SI;Negocios;Business;386;5;5;0;satisfecho
40781;F;25;SI;Negocios;Eco;501;1;1;57;neutral o insatisfecho
94418;M;48;SI;Negocios;Business;319;4;5;0;satisfecho
75943;F;57;SI;Vacaciones;Business;297;5;3;0;neutral o insatisfecho
106733;M;53;SI;Negocios;Business;2869;5;3;14;satisfecho
44707;M;36;SI;Vacaciones;Eco;108;4;2;0;neutral o insatisfecho
5329;M;36;SI;Vacaciones;Business;812;3;4;0;neutral o insatisfecho
16823;F;66;SI;Negocios;Eco;645;5;3;0;satisfecho
45312;F;54;SI;Negocios;Business;3639;2;5;0;satisfecho
82209;M;48;SI;Negocios;Business;1857;4;5;0;satisfecho
81360;M;65;SI;Vacaciones;Eco;1299;2;4;0;neutral o insatisfecho
55611;M;39;SI;Negocios;Business;1714;5;4;0;satisfecho
103349;F;57;NO;Negocios;Eco Plus;1371;1;3;2;neutral o insatisfecho
79158;M;40;SI;Vacaciones;Eco;2239;5;4;0;satisfecho
68386;F;44;SI;Negocios;Business;2681;5;5;0;satisfecho
84048;M;26;NO;Negocios;Business;757;3;5;0;neutral o insatisfecho
24173;M;68;SI;Negocios;Business;134;3;1;131;neutral o insatisfecho
128916;M;27;NO;Negocios;Business;414;1;3;0;neutral o insatisfecho
89057;M;45;SI;Negocios;Business;1892;4;3;0;satisfecho
20085;M;25;SI;Negocios;Business;2866;4;2;12;satisfecho
29649;F;65;SI;Vacaciones;Eco;1533;5;5;16;neutral o insatisfecho
64602;M;50;SI;Negocios;Business;2000;5;1;55;satisfecho
125342;M;48;SI;Negocios;Business;599;5;4;0;satisfecho
84349;F;44;SI;Negocios;Business;606;4;3;19;satisfecho
16067;F;50;SI;Negocios;Business;3986;3;3;0;neutral o insatisfecho
49504;F;36;SI;Negocios;Business;1711;4;5;0;satisfecho
10315;F;48;SI;Negocios;Business;2267;4;5;0;satisfecho
123422;M;26;SI;Vacaciones;Eco;1337;2;4;0;neutral o insatisfecho
103989;M;51;SI;Negocios;Business;1592;5;4;0;satisfecho
71437;M;54;SI;Negocios;Business;867;4;4;7;satisfecho
122439;F;20;SI;Negocios;Business;1916;5;5;109;satisfecho
116677;F;71;SI;Negocios;Eco Plus;373;4;2;0;neutral o insatisfecho
46699;M;32;SI;Vacaciones;Eco;125;3;4;8;neutral o insatisfecho
82835;M;27;NO;Negocios;Business;594;3;4;0;neutral o insatisfecho
20037;F;37;NO;Negocios;Eco;528;3;2;0;neutral o insatisfecho
117809;M;36;NO;Negocios;Eco;328;4;4;20;neutral o insatisfecho
116357;M;61;SI;Vacaciones;Eco;447;1;1;0;neutral o insatisfecho
30660;F;46;SI;Vacaciones;Eco;770;4;3;0;neutral o insatisfecho
21907;M;49;SI;Negocios;Business;2463;5;5;0;satisfecho
9239;F;23;NO;Negocios;Eco;100;5;1;0;satisfecho
29682;F;22;NO;Negocios;Eco;1448;1;2;0;neutral o insatisfecho
108036;F;35;SI;Vacaciones;Eco;306;3;5;3;neutral o insatisfecho
74188;F;30;SI;Vacaciones;Eco;641;5;4;0;neutral o insatisfecho
99180;M;45;SI;Negocios;Business;2078;5;2;9;satisfecho
72551;F;66;SI;Negocios;Business;3662;3;3;28;neutral o insatisfecho
92749;M;53;SI;Vacaciones;Eco;1276;5;1;12;neutral o insatisfecho
95251;F;54;SI;Vacaciones;Eco;319;4;2;0;satisfecho
118738;F;25;SI;Vacaciones;Eco;647;1;2;54;neutral o insatisfecho
66022;F;25;SI;Negocios;Business;2417;5;4;74;satisfecho
122593;M;19;NO;Negocios;Eco;728;3;5;0;neutral o insatisfecho
14306;F;34;SI;Negocios;Business;395;2;4;0;satisfecho
98488;F;43;SI;Negocios;Business;2732;4;5;0;satisfecho
14736;F;45;SI;Negocios;Business;3700;2;4;13;satisfecho
44811;M;44;SI;Negocios;Eco;802;4;1;35;satisfecho
117907;M;54;SI;Negocios;Business;3801;4;1;7;satisfecho
71387;F;68;SI;Vacaciones;Eco;258;5;1;10;satisfecho
65662;M;38;NO;Negocios;Business;1021;1;4;0;neutral o insatisfecho
88322;F;61;SI;Negocios;Business;2235;5;5;0;satisfecho
21078;M;75;SI;Negocios;Business;2642;4;3;31;neutral o insatisfecho
43790;M;69;SI;Vacaciones;Eco Plus;546;2;5;5;neutral o insatisfecho
37344;M;35;NO;Negocios;Business;1144;1;2;0;neutral o insatisfecho
96012;F;50;SI;Negocios;Business;3255;1;2;4;neutral o insatisfecho
48767;M;26;NO;Negocios;Business;86;1;3;16;neutral o insatisfecho
47997;M;29;SI;Negocios;Eco Plus;329;2;5;0;satisfecho
53855;M;59;SI;Negocios;Eco;191;3;1;41;neutral o insatisfecho
16469;M;61;SI;Vacaciones;Eco;529;5;1;0;neutral o insatisfecho
58322;M;34;NO;Negocios;Eco;1170;2;4;0;neutral o insatisfecho
89617;M;27;SI;Negocios;Business;3058;4;5;6;satisfecho
104283;F;61;SI;Negocios;Business;382;4;4;0;satisfecho
50647;F;45;SI;Vacaciones;Eco;110;3;3;0;neutral o insatisfecho
106574;M;40;SI;Negocios;Business;1506;4;5;10;satisfecho
112368;F;32;SI;Negocios;Business;3122;4;3;7;satisfecho
56096;M;47;SI;Negocios;Business;2402;5;4;4;satisfecho
62541;M;53;SI;Negocios;Business;1744;5;4;0;satisfecho
87161;F;23;NO;Negocios;Business;946;5;5;0;satisfecho
64139;M;57;SI;Negocios;Business;2505;2;4;344;satisfecho
70923;M;43;SI;Negocios;Business;3320;4;5;0;satisfecho
73839;M;51;SI;Negocios;Business;1709;4;4;0;satisfecho
121952;F;53;SI;Negocios;Business;2661;2;4;6;neutral o insatisfecho
51973;F;25;SI;Negocios;Business;3734;3;4;0;neutral o insatisfecho
5160;F;60;SI;Vacaciones;Eco;622;4;5;0;neutral o insatisfecho
94062;M;59;SI;Negocios;Business;1691;4;2;0;neutral o insatisfecho
46403;M;48;SI;Vacaciones;Eco Plus;1013;2;3;0;satisfecho
83046;M;47;SI;Negocios;Business;1084;4;4;70;satisfecho
19616;M;22;SI;Vacaciones;Eco;416;5;3;0;neutral o insatisfecho
60526;F;57;SI;Vacaciones;Eco;934;5;4;0;neutral o insatisfecho
97657;F;56;SI;Negocios;Business;2083;2;3;62;neutral o insatisfecho
54561;M;22;SI;Negocios;Eco Plus;925;5;1;0;satisfecho
114481;F;56;SI;Negocios;Business;337;3;2;0;neutral o insatisfecho
77089;F;56;SI;Negocios;Business;1481;4;4;0;satisfecho
102030;M;24;NO;Negocios;Business;226;4;4;7;satisfecho
58564;M;44;SI;Negocios;Business;3015;4;5;25;satisfecho
77395;M;20;SI;Vacaciones;Eco;626;3;3;0;neutral o insatisfecho
103078;F;38;SI;Vacaciones;Eco;546;4;2;13;neutral o insatisfecho
46036;F;42;SI;Negocios;Business;996;2;3;0;neutral o insatisfecho
47001;M;67;SI;Negocios;Eco Plus;444;2;1;52;neutral o insatisfecho
52226;M;24;SI;Negocios;Business;3705;4;1;0;satisfecho
89665;F;35;SI;Negocios;Business;1010;4;1;0;neutral o insatisfecho
20569;M;62;SI;Negocios;Business;3468;2;2;0;neutral o insatisfecho
67175;F;45;SI;Vacaciones;Eco;1119;5;4;0;neutral o insatisfecho
89887;F;45;NO;Negocios;Business;1416;3;5;0;satisfecho
24208;F;18;NO;Negocios;Eco;302;4;1;0;neutral o insatisfecho
11835;M;19;SI;Vacaciones;Eco;986;5;5;0;neutral o insatisfecho
112042;F;27;SI;Negocios;Business;1123;5;3;1;satisfecho
72575;F;49;SI;Negocios;Eco;529;5;5;0;satisfecho
44069;F;36;SI;Vacaciones;Eco;610;1;4;159;neutral o insatisfecho
34972;F;44;SI;Negocios;Business;3813;2;4;4;satisfecho
68901;M;31;SI;Vacaciones;Eco;1061;3;3;0;neutral o insatisfecho
44081;M;23;SI;Negocios;Eco Plus;651;5;3;0;satisfecho
59702;M;28;SI;Vacaciones;Eco;965;1;1;0;neutral o insatisfecho
112117;F;27;NO;Negocios;Business;977;5;3;40;satisfecho
12329;M;38;SI;Negocios;Eco;201;5;1;0;satisfecho
45173;F;48;SI;Vacaciones;Eco;174;3;4;0;neutral o insatisfecho
102596;M;22;NO;Negocios;Eco;407;5;1;0;neutral o insatisfecho
23655;F;48;SI;Negocios;Eco;73;2;3;0;satisfecho
47269;M;48;SI;Negocios;Business;574;4;4;0;satisfecho
66572;M;28;NO;Negocios;Business;624;1;4;0;satisfecho
30959;F;70;SI;Vacaciones;Eco;1024;5;4;98;neutral o insatisfecho
92556;F;46;SI;Vacaciones;Eco;2092;5;5;4;neutral o insatisfecho
86868;F;21;SI;Vacaciones;Eco;484;2;4;0;neutral o insatisfecho
90235;F;56;SI;Vacaciones;Eco Plus;1084;5;3;0;neutral o insatisfecho
26621;M;35;SI;Negocios;Business;406;3;2;3;neutral o insatisfecho
118678;M;77;SI;Negocios;Eco;304;1;3;0;neutral o insatisfecho
17345;F;31;SI;Negocios;Business;3190;4;5;0;satisfecho
109022;M;39;SI;Negocios;Business;1724;5;4;10;satisfecho
121669;F;25;SI;Negocios;Business;1872;4;5;0;satisfecho
115860;F;60;SI;Negocios;Business;404;4;2;12;neutral o insatisfecho
77645;M;30;SI;Negocios;Business;731;3;3;0;satisfecho
17527;F;51;SI;Negocios;Eco Plus;341;2;4;0;satisfecho
88833;M;64;SI;Vacaciones;Eco Plus;406;4;3;0;satisfecho
46153;M;40;NO;Negocios;Business;227;1;4;10;satisfecho
17074;M;49;SI;Vacaciones;Eco;651;1;2;29;neutral o insatisfecho
5107;F;59;SI;Vacaciones;Eco;235;5;3;0;neutral o insatisfecho
79066;F;50;NO;Negocios;Eco;356;1;4;0;neutral o insatisfecho
14279;M;58;SI;Negocios;Business;175;5;5;19;satisfecho
10790;F;22;SI;Negocios;Eco;667;2;1;61;neutral o insatisfecho
85784;F;24;SI;Negocios;Business;666;4;3;9;satisfecho
64445;M;54;SI;Negocios;Business;3447;3;2;0;neutral o insatisfecho
129098;M;49;SI;Negocios;Business;2069;4;5;23;satisfecho
47061;F;33;NO;Negocios;Eco;351;5;3;0;neutral o insatisfecho
112262;F;47;SI;Negocios;Business;1546;4;3;0;neutral o insatisfecho
52789;F;33;NO;Negocios;Eco;760;5;3;65;neutral o insatisfecho
31652;M;39;SI;Negocios;Business;3446;5;5;0;satisfecho
39590;M;54;SI;Negocios;Business;2811;4;4;0;satisfecho
108622;M;66;SI;Vacaciones;Eco;696;2;5;0;neutral o insatisfecho
105628;M;35;NO;Negocios;Business;787;5;5;5;neutral o insatisfecho
18833;M;47;SI;Negocios;Eco;503;4;3;0;satisfecho
18734;F;34;SI;Negocios;Business;1980;5;5;0;satisfecho
2568;F;26;NO;Negocios;Business;304;5;3;19;neutral o insatisfecho
89535;M;34;NO;Negocios;Business;944;4;4;0;neutral o insatisfecho
14086;M;57;SI;Negocios;Business;399;2;3;0;satisfecho
15662;M;22;NO;Negocios;Eco;764;5;5;0;neutral o insatisfecho
78607;M;53;SI;Negocios;Business;1426;4;5;0;satisfecho
35584;M;29;SI;Negocios;Eco Plus;1076;1;3;21;neutral o insatisfecho
109518;F;42;SI;Negocios;Business;2086;5;5;96;satisfecho
35991;M;69;SI;Vacaciones;Eco;2496;1;1;0;neutral o insatisfecho
84497;F;39;SI;Negocios;Eco;4502;1;4;16;neutral o insatisfecho
89514;F;47;SI;Negocios;Business;1076;5;4;20;satisfecho
38042;F;30;SI;Negocios;Business;3243;4;4;0;satisfecho
111619;M;57;NO;Negocios;Eco;1014;1;1;25;neutral o insatisfecho
102150;F;52;SI;Negocios;Business;2245;5;2;5;satisfecho
76516;M;51;SI;Negocios;Business;3666;4;4;0;satisfecho
54521;M;52;SI;Vacaciones;Eco;925;4;5;9;neutral o insatisfecho
84892;M;20;SI;Vacaciones;Eco;534;1;5;0;neutral o insatisfecho
31771;F;54;SI;Negocios;Eco;202;2;4;0;satisfecho
28496;M;48;SI;Negocios;Business;2451;3;2;0;neutral o insatisfecho
43731;F;31;SI;Vacaciones;Eco Plus;196;4;4;0;neutral o insatisfecho
40368;F;36;SI;Negocios;Eco;1250;5;2;11;satisfecho
55891;M;21;SI;Negocios;Business;3201;5;5;0;satisfecho
15529;F;26;SI;Vacaciones;Eco Plus;164;2;3;11;neutral o insatisfecho
4853;M;57;SI;Negocios;Business;2817;4;5;0;satisfecho
75283;M;51;SI;Vacaciones;Eco;1829;3;3;13;neutral o insatisfecho
18533;M;57;SI;Negocios;Eco;192;5;1;13;satisfecho
14745;F;34;NO;Negocios;Eco;533;3;1;0;neutral o insatisfecho
26163;M;52;SI;Negocios;Eco;404;5;1;0;satisfecho
48696;M;38;SI;Negocios;Business;3810;4;4;4;satisfecho
50134;M;37;NO;Negocios;Eco;158;1;4;1;neutral o insatisfecho
90291;F;18;NO;Negocios;Eco;757;1;2;73;neutral o insatisfecho
34354;M;38;SI;Negocios;Eco;427;5;2;0;satisfecho
98699;F;68;SI;Vacaciones;Eco;994;3;3;0;neutral o insatisfecho
69323;M;49;SI;Negocios;Business;1984;5;3;3;satisfecho
3879;F;61;SI;Negocios;Business;1686;5;5;0;satisfecho
25395;M;23;NO;Negocios;Eco;990;1;5;35;neutral o insatisfecho
108199;F;54;SI;Negocios;Eco Plus;590;3;4;10;satisfecho
121118;F;49;SI;Negocios;Business;2521;4;2;40;satisfecho
22887;F;54;SI;Vacaciones;Eco;170;2;5;0;neutral o insatisfecho
15014;M;28;SI;Negocios;Business;557;2;3;3;neutral o insatisfecho
111234;F;36;SI;Vacaciones;Eco;1506;2;3;28;neutral o insatisfecho
47893;F;23;NO;Negocios;Eco;462;3;3;28;neutral o insatisfecho
5006;M;22;NO;Negocios;Eco;102;2;2;0;neutral o insatisfecho
86425;M;30;NO;Negocios;Business;762;2;4;0;neutral o insatisfecho
48100;F;37;SI;Negocios;Eco;391;5;3;0;satisfecho
38258;M;55;NO;Negocios;Eco;1050;2;2;6;neutral o insatisfecho
16847;M;60;SI;Negocios;Business;2001;3;2;57;satisfecho
30983;M;29;SI;Negocios;Business;1533;2;2;8;neutral o insatisfecho
76569;M;45;SI;Negocios;Eco;481;3;4;25;neutral o insatisfecho
86451;F;39;SI;Negocios;Eco;749;3;4;25;neutral o insatisfecho
74399;F;45;SI;Negocios;Business;1431;5;5;8;satisfecho
114460;M;57;SI;Negocios;Business;333;4;5;0;satisfecho
65230;M;37;NO;Negocios;Eco Plus;551;1;1;6;neutral o insatisfecho
58207;M;54;SI;Negocios;Business;525;2;4;6;neutral o insatisfecho
95283;M;47;SI;Vacaciones;Eco;319;2;5;0;neutral o insatisfecho
61260;M;60;SI;Vacaciones;Eco;967;4;4;10;neutral o insatisfecho
70389;F;54;SI;Negocios;Business;1562;5;5;5;satisfecho
64706;F;52;SI;Negocios;Business;3659;5;5;0;satisfecho
111111;M;68;SI;Vacaciones;Eco Plus;197;5;3;22;neutral o insatisfecho
15140;F;46;NO;Negocios;Eco;1042;3;4;0;neutral o insatisfecho
42731;M;22;NO;Negocios;Eco;536;1;2;0;neutral o insatisfecho
114505;M;33;NO;Negocios;Business;417;3;4;20;neutral o insatisfecho
114900;F;32;SI;Negocios;Business;371;3;3;0;satisfecho
82817;F;53;SI;Negocios;Business;594;3;3;0;neutral o insatisfecho
42614;F;31;SI;Negocios;Business;3293;4;4;4;satisfecho
78175;M;45;SI;Negocios;Business;2058;5;4;0;satisfecho
80681;F;30;NO;Negocios;Business;874;5;4;0;neutral o insatisfecho
43325;M;30;SI;Negocios;Business;2123;2;3;0;satisfecho
14022;M;65;SI;Vacaciones;Eco Plus;182;2;1;0;neutral o insatisfecho
98255;F;37;SI;Negocios;Eco;1072;1;4;0;neutral o insatisfecho
113426;F;34;NO;Negocios;Eco;488;5;2;22;neutral o insatisfecho
62372;M;37;SI;Negocios;Business;2704;5;4;3;satisfecho
32363;M;33;NO;Negocios;Eco;102;4;4;0;neutral o insatisfecho
110358;M;34;SI;Negocios;Business;2992;4;5;0;satisfecho
52463;F;28;NO;Negocios;Eco Plus;451;3;2;0;neutral o insatisfecho
73874;M;35;NO;Negocios;Business;2585;3;3;0;neutral o insatisfecho
101131;F;77;SI;Negocios;Business;3371;2;5;15;neutral o insatisfecho
117248;F;30;NO;Vacaciones;Eco;451;5;4;0;neutral o insatisfecho
27195;M;48;SI;Negocios;Business;2182;4;4;0;satisfecho
71023;M;60;SI;Negocios;Business;802;5;5;19;satisfecho
101044;F;48;SI;Negocios;Business;2485;4;5;0;satisfecho
76428;M;39;NO;Negocios;Eco;405;3;3;0;neutral o insatisfecho
58719;M;25;NO;Negocios;Business;1197;3;3;0;satisfecho
6746;F;47;SI;Negocios;Business;122;5;4;91;satisfecho
111741;F;51;SI;Negocios;Business;1224;5;4;0;satisfecho
24482;F;27;NO;Negocios;Eco;547;3;3;0;neutral o insatisfecho
51787;M;45;SI;Vacaciones;Eco;509;4;5;0;neutral o insatisfecho
15798;M;33;SI;Negocios;Business;3114;5;5;1;satisfecho
66275;M;42;SI;Negocios;Eco Plus;460;2;4;0;neutral o insatisfecho
64431;M;23;NO;Negocios;Business;989;1;3;92;satisfecho
69943;F;32;SI;Negocios;Business;2174;5;4;0;satisfecho
67289;M;33;SI;Negocios;Eco Plus;918;4;4;0;neutral o insatisfecho
5079;M;25;NO;Negocios;Business;223;4;1;23;neutral o insatisfecho
45528;M;38;SI;Negocios;Eco;554;4;3;133;satisfecho
118755;F;54;SI;Vacaciones;Eco;621;4;3;10;neutral o insatisfecho
86314;M;30;SI;Negocios;Eco Plus;226;3;1;102;neutral o insatisfecho
124486;F;57;SI;Negocios;Business;3500;3;1;0;neutral o insatisfecho
45502;M;53;SI;Negocios;Eco Plus;674;5;3;54;satisfecho
115455;M;23;NO;Negocios;Eco;390;3;4;26;neutral o insatisfecho
114529;F;62;SI;Vacaciones;Business;325;3;4;0;neutral o insatisfecho
32909;M;48;SI;Vacaciones;Eco;163;2;5;0;neutral o insatisfecho
41484;F;49;SI;Negocios;Business;2531;3;5;19;satisfecho
65728;M;28;SI;Negocios;Business;936;2;4;0;satisfecho
113488;M;42;SI;Negocios;Eco;407;3;3;13;neutral o insatisfecho
93322;M;57;SI;Negocios;Business;3156;5;4;0;satisfecho
16786;F;42;SI;Negocios;Eco Plus;642;5;4;0;satisfecho
57913;M;67;SI;Vacaciones;Eco;305;4;5;30;neutral o insatisfecho
12976;F;20;SI;Vacaciones;Business;374;5;2;0;neutral o insatisfecho
86464;F;22;NO;Negocios;Eco;762;1;3;2;neutral o insatisfecho
45430;F;31;SI;Negocios;Business;458;2;2;0;neutral o insatisfecho
47641;F;28;NO;Negocios;Eco;1428;3;4;20;neutral o insatisfecho
85150;F;43;NO;Negocios;Eco;696;5;4;0;neutral o insatisfecho
120317;F;35;SI;Negocios;Eco;268;3;2;60;neutral o insatisfecho
25833;M;54;SI;Negocios;Eco;692;4;2;16;satisfecho
73705;M;56;NO;Negocios;Eco;204;2;3;35;neutral o insatisfecho
11863;F;31;SI;Negocios;Business;1042;2;3;54;neutral o insatisfecho
10648;M;44;SI;Negocios;Business;1933;5;5;0;satisfecho
67336;M;63;SI;Negocios;Business;1471;5;4;21;satisfecho
42715;F;46;SI;Negocios;Business;3898;5;4;68;satisfecho
73171;F;29;SI;Vacaciones;Business;1258;1;4;0;neutral o insatisfecho
62115;F;45;SI;Negocios;Business;2565;5;5;0;satisfecho
84551;F;69;SI;Vacaciones;Eco;2556;4;5;0;neutral o insatisfecho
120799;M;37;SI;Negocios;Business;2060;4;5;0;satisfecho
24569;M;39;SI;Vacaciones;Eco;696;1;4;2;neutral o insatisfecho
3043;F;28;SI;Negocios;Business;489;4;4;0;satisfecho
98084;M;47;SI;Negocios;Business;2253;5;4;51;satisfecho
22618;M;61;SI;Vacaciones;Eco;300;2;5;15;neutral o insatisfecho
21642;F;53;SI;Vacaciones;Eco;780;3;5;0;neutral o insatisfecho
9487;F;25;NO;Negocios;Business;239;5;4;18;satisfecho
39677;M;40;SI;Negocios;Eco;612;2;1;18;neutral o insatisfecho
65541;M;59;SI;Negocios;Business;175;4;5;0;satisfecho
56882;M;45;SI;Negocios;Business;2454;5;4;22;satisfecho
109948;F;29;SI;Vacaciones;Eco;1052;5;3;0;neutral o insatisfecho
6636;F;27;NO;Negocios;Business;416;1;3;0;satisfecho
91171;M;60;SI;Vacaciones;Eco;581;1;5;0;neutral o insatisfecho
23609;F;64;SI;Vacaciones;Eco;589;5;3;0;neutral o insatisfecho
115057;F;36;NO;Negocios;Eco;337;2;1;64;neutral o insatisfecho
33359;F;49;SI;Negocios;Eco;2349;5;5;0;satisfecho
119401;F;52;SI;Negocios;Business;2593;4;5;5;satisfecho
72214;M;37;NO;Negocios;Business;919;2;3;0;satisfecho
115711;M;36;NO;Negocios;Business;446;4;5;0;neutral o insatisfecho
26739;M;70;SI;Vacaciones;Eco Plus;270;2;5;45;neutral o insatisfecho
121041;M;55;SI;Vacaciones;Eco;992;5;5;0;neutral o insatisfecho
39797;M;67;SI;Negocios;Business;3437;4;5;0;satisfecho
96503;F;36;SI;Negocios;Eco;302;4;3;47;satisfecho
36309;F;55;SI;Negocios;Eco;187;4;4;0;satisfecho
129368;F;40;SI;Negocios;Business;2565;4;4;0;satisfecho
9673;M;25;NO;Negocios;Business;277;2;4;44;neutral o insatisfecho
107344;F;23;NO;Negocios;Business;632;4;4;24;satisfecho
1437;M;62;SI;Vacaciones;Business;772;2;2;6;neutral o insatisfecho
85927;M;26;NO;Negocios;Business;447;4;5;4;neutral o insatisfecho
119512;M;54;SI;Negocios;Business;857;3;3;10;neutral o insatisfecho
59974;M;39;SI;Negocios;Eco;537;3;5;0;satisfecho
84205;F;44;SI;Negocios;Business;3078;5;3;0;satisfecho
69304;F;56;SI;Negocios;Business;944;4;5;4;satisfecho
17141;M;31;SI;Vacaciones;Eco;455;2;3;28;neutral o insatisfecho
41540;M;47;SI;Negocios;Business;2215;1;4;0;satisfecho
45841;F;21;SI;Vacaciones;Eco;391;5;3;0;neutral o insatisfecho
67454;M;51;SI;Vacaciones;Eco;641;2;3;0;neutral o insatisfecho
51920;M;25;SI;Negocios;Eco Plus;601;5;5;0;satisfecho
47374;F;33;SI;Negocios;Business;590;3;2;16;neutral o insatisfecho
32791;M;55;SI;Negocios;Business;2012;4;4;0;satisfecho
22092;F;41;SI;Negocios;Business;3147;3;3;66;neutral o insatisfecho
79855;F;37;SI;Negocios;Business;3718;4;4;0;satisfecho
94356;F;59;SI;Negocios;Business;319;4;3;0;satisfecho
56787;F;55;SI;Negocios;Business;1068;5;5;0;satisfecho
104647;M;38;SI;Negocios;Business;1754;3;5;6;neutral o insatisfecho
115671;M;46;SI;Negocios;Business;417;4;4;0;satisfecho
119957;M;62;NO;Negocios;Eco;1009;1;4;0;neutral o insatisfecho
47801;M;47;SI;Negocios;Eco;451;5;5;0;satisfecho
102380;F;29;NO;Negocios;Eco;386;4;3;37;neutral o insatisfecho
9077;M;64;SI;Vacaciones;Eco;160;2;4;2;satisfecho
2400;M;30;SI;Negocios;Eco;641;2;2;34;neutral o insatisfecho
26860;F;39;NO;Negocios;Business;224;5;2;0;neutral o insatisfecho
16776;M;63;SI;Vacaciones;Eco;569;4;4;332;satisfecho
31828;F;33;NO;Negocios;Eco;2762;2;2;0;neutral o insatisfecho
97289;M;54;SI;Negocios;Business;2760;5;4;3;satisfecho
90871;F;25;NO;Negocios;Eco;240;4;3;0;neutral o insatisfecho
46941;M;53;SI;Vacaciones;Eco;848;3;3;25;neutral o insatisfecho
21349;F;30;NO;Negocios;Eco;761;5;4;0;neutral o insatisfecho
38714;M;35;SI;Vacaciones;Eco;2342;5;4;28;neutral o insatisfecho
22017;M;46;SI;Negocios;Eco Plus;551;4;3;0;satisfecho
20063;M;66;SI;Vacaciones;Eco;528;5;5;83;neutral o insatisfecho
68226;F;31;SI;Negocios;Business;631;2;4;0;neutral o insatisfecho
84027;F;24;SI;Negocios;Eco Plus;373;2;2;3;neutral o insatisfecho
105875;M;46;SI;Negocios;Business;3621;4;2;55;neutral o insatisfecho
52388;M;23;SI;Vacaciones;Eco;370;3;1;0;neutral o insatisfecho
74806;F;29;SI;Negocios;Eco Plus;1188;3;2;0;neutral o insatisfecho
80230;F;46;SI;Negocios;Business;2153;5;3;2;satisfecho
48077;M;41;NO;Negocios;Business;173;5;4;61;neutral o insatisfecho
72613;M;27;SI;Vacaciones;Eco;985;4;5;0;neutral o insatisfecho
4378;F;40;SI;Negocios;Business;528;2;3;39;neutral o insatisfecho
39629;F;59;SI;Vacaciones;Eco;679;5;4;54;neutral o insatisfecho
30764;F;55;SI;Vacaciones;Eco;683;5;3;31;neutral o insatisfecho
101453;F;45;SI;Negocios;Business;2138;5;5;10;satisfecho
95269;F;38;SI;Vacaciones;Eco;441;3;1;1;neutral o insatisfecho
123753;F;51;SI;Negocios;Business;544;4;4;0;satisfecho
27624;F;29;NO;Negocios;Eco Plus;697;3;3;0;neutral o insatisfecho
117513;M;29;SI;Negocios;Eco Plus;507;2;2;0;neutral o insatisfecho
5555;M;49;SI;Negocios;Business;501;5;5;18;satisfecho
34692;M;37;SI;Negocios;Business;301;2;2;0;satisfecho
100014;M;58;SI;Negocios;Business;277;4;5;0;satisfecho
5399;F;61;SI;Vacaciones;Eco;785;4;5;0;neutral o insatisfecho
84037;F;22;NO;Negocios;Eco;932;2;5;0;satisfecho
55263;M;53;SI;Negocios;Business;2007;5;5;25;satisfecho
34856;F;20;SI;Vacaciones;Eco;1826;2;4;0;neutral o insatisfecho
38518;M;52;SI;Negocios;Business;2586;1;5;12;satisfecho
58314;F;44;SI;Negocios;Eco;1739;4;4;4;neutral o insatisfecho
126496;F;21;SI;Vacaciones;Eco;1788;1;5;0;neutral o insatisfecho
109744;M;44;SI;Vacaciones;Eco;468;1;3;7;neutral o insatisfecho
121451;M;31;SI;Negocios;Eco;331;3;1;1;neutral o insatisfecho
94289;M;59;SI;Negocios;Business;1978;4;4;11;satisfecho
105871;M;25;SI;Vacaciones;Eco Plus;919;5;2;21;neutral o insatisfecho
89450;M;23;SI;Vacaciones;Eco;134;3;5;0;neutral o insatisfecho
78449;M;60;SI;Negocios;Business;3292;5;5;0;satisfecho
72448;F;51;SI;Negocios;Business;2911;4;5;0;satisfecho
49190;F;29;SI;Negocios;Business;3840;5;3;0;satisfecho
47678;F;34;SI;Vacaciones;Eco;1504;2;1;0;neutral o insatisfecho
31951;M;60;SI;Negocios;Business;3387;5;3;0;satisfecho
88962;M;68;SI;Negocios;Business;1840;5;5;0;satisfecho
79093;F;43;SI;Vacaciones;Eco;226;5;5;1;neutral o insatisfecho
6736;M;22;SI;Vacaciones;Eco;334;1;5;11;neutral o insatisfecho
107602;M;41;SI;Negocios;Eco;423;2;3;14;neutral o insatisfecho
45197;F;27;SI;Vacaciones;Eco;606;5;3;0;neutral o insatisfecho
391;F;52;SI;Negocios;Business;1954;5;5;0;satisfecho
97181;F;32;SI;Vacaciones;Eco;1357;2;5;0;satisfecho
68149;F;41;SI;Negocios;Business;603;5;5;0;satisfecho
6080;F;41;SI;Negocios;Business;2473;4;4;0;satisfecho
93542;F;43;SI;Negocios;Business;585;5;5;0;satisfecho
82053;F;25;SI;Negocios;Eco Plus;1535;1;1;0;neutral o insatisfecho
79314;M;41;SI;Vacaciones;Eco;2248;5;3;0;neutral o insatisfecho
96966;M;27;NO;Negocios;Business;883;5;3;32;satisfecho
127552;F;56;SI;Vacaciones;Eco;1009;2;3;0;neutral o insatisfecho
2947;M;22;NO;Negocios;Eco;835;3;3;0;satisfecho
65753;F;59;SI;Vacaciones;Eco;936;2;2;0;neutral o insatisfecho
97941;F;52;SI;Negocios;Business;3484;5;4;0;satisfecho
119297;F;47;SI;Negocios;Business;214;5;5;0;satisfecho
2912;F;47;NO;Negocios;Eco Plus;491;5;1;0;neutral o insatisfecho
95440;F;41;SI;Negocios;Business;293;5;5;0;satisfecho
91747;F;45;SI;Negocios;Business;588;5;4;0;satisfecho
15817;F;47;SI;Negocios;Eco Plus;143;2;5;0;satisfecho
17962;F;25;SI;Vacaciones;Eco;501;4;4;0;neutral o insatisfecho
65952;F;35;SI;Negocios;Business;1372;4;2;0;satisfecho
51200;F;31;SI;Negocios;Eco Plus;373;2;2;49;neutral o insatisfecho
29842;F;51;SI;Negocios;Eco;261;4;2;0;neutral o insatisfecho
101088;F;37;SI;Negocios;Business;795;5;4;5;satisfecho
2475;F;46;SI;Negocios;Eco Plus;373;4;5;18;satisfecho
59741;F;27;SI;Negocios;Business;895;4;5;7;satisfecho
90275;M;42;SI;Negocios;Eco;773;2;4;0;neutral o insatisfecho
43595;M;37;SI;Negocios;Business;228;4;4;0;satisfecho
45778;F;42;SI;Negocios;Business;3855;1;4;0;satisfecho
87960;M;43;SI;Negocios;Business;1658;5;4;0;satisfecho
21411;M;41;SI;Negocios;Business;3518;4;2;23;satisfecho
65833;F;25;SI;Negocios;Business;1389;1;1;0;neutral o insatisfecho
62329;M;37;SI;Vacaciones;Eco;414;1;1;0;neutral o insatisfecho
76397;M;60;SI;Vacaciones;Eco;931;3;4;0;neutral o insatisfecho
27759;F;43;SI;Negocios;Business;1448;2;5;0;satisfecho
56083;F;65;SI;Vacaciones;Eco;2475;3;4;0;neutral o insatisfecho
86010;F;23;NO;Negocios;Eco;447;1;4;0;neutral o insatisfecho
65035;F;65;SI;Vacaciones;Eco;247;4;4;0;neutral o insatisfecho
90347;F;39;NO;Negocios;Business;404;2;5;0;neutral o insatisfecho
71167;M;23;SI;Negocios;Business;646;4;4;0;satisfecho
